# Time[Myr] x1[pc] x2[pc] x3[pc]
0.084991 265.000000 -125.000000 15.000000
0.149050 -285.000000 -295.000000 -15.000000
0.162284 105.000000 -375.000000 -35.000000
0.314364 385.000000 25.000000 -75.000000
0.384183 155.000000 -265.000000 35.000000
0.391557 285.000000 445.000000 -65.000000
0.516551 -65.000000 205.000000 65.000000
0.554563 -325.000000 75.000000 35.000000
0.605549 -275.000000 -205.000000 5.000000
0.641596 5.000000 185.000000 45.000000
0.681425 275.000000 5.000000 -35.000000
0.688234 -205.000000 205.000000 -35.000000
0.704060 225.000000 -365.000000 -5.000000
0.720313 -135.000000 305.000000 -65.000000
0.760394 335.000000 -195.000000 55.000000
0.777086 -105.000000 -335.000000 -15.000000
0.789739 125.000000 275.000000 25.000000
0.832536 -105.000000 -315.000000 35.000000
0.870476 -155.000000 -145.000000 -25.000000
0.885156 -425.000000 25.000000 15.000000
0.904605 265.000000 255.000000 25.000000
0.996422 415.000000 -335.000000 95.000000
1.121733 375.000000 -25.000000 -55.000000
1.276651 25.000000 -275.000000 85.000000
1.340961 -215.000000 135.000000 25.000000
1.350833 -185.000000 -385.000000 75.000000
1.363474 25.000000 -65.000000 35.000000
1.497010 -455.000000 235.000000 -15.000000
1.498210 -355.000000 -175.000000 85.000000
1.498928 365.000000 445.000000 -15.000000
1.544925 345.000000 355.000000 -55.000000
1.565535 -205.000000 255.000000 -15.000000
1.566506 -315.000000 225.000000 -35.000000
1.591530 -255.000000 -355.000000 -65.000000
1.702272 -225.000000 -135.000000 85.000000
1.900783 115.000000 -115.000000 35.000000
2.098935 -235.000000 285.000000 35.000000
2.175476 -15.000000 -275.000000 25.000000
2.208692 -295.000000 -275.000000 -25.000000
2.291570 -285.000000 -175.000000 -5.000000
2.297347 -305.000000 305.000000 -85.000000
2.310820 425.000000 -75.000000 -25.000000
2.424533 -155.000000 -245.000000 75.000000
2.432824 75.000000 75.000000 -5.000000
2.521095 165.000000 -285.000000 -35.000000
2.536876 145.000000 15.000000 -25.000000
2.550442 -215.000000 -215.000000 85.000000
2.597780 5.000000 85.000000 -15.000000
2.603648 55.000000 -285.000000 95.000000
2.619876 85.000000 -225.000000 25.000000
2.717659 155.000000 -385.000000 45.000000
2.755916 -285.000000 65.000000 -25.000000
2.778713 405.000000 295.000000 25.000000
2.826116 -115.000000 -165.000000 -95.000000
2.993127 355.000000 -185.000000 55.000000
3.002587 -295.000000 385.000000 95.000000
3.139524 135.000000 -25.000000 -55.000000
3.197559 215.000000 -195.000000 45.000000
3.275154 255.000000 285.000000 -65.000000
3.304538 -375.000000 75.000000 75.000000
3.331236 95.000000 -445.000000 -65.000000
3.360213 -275.000000 305.000000 -85.000000
3.456421 -225.000000 215.000000 65.000000
3.491810 5.000000 5.000000 65.000000
3.505437 -55.000000 85.000000 45.000000
3.624045 -235.000000 -415.000000 -75.000000
3.634576 415.000000 315.000000 5.000000
3.693797 255.000000 315.000000 55.000000
3.748661 225.000000 435.000000 105.000000
3.819109 -115.000000 245.000000 -25.000000
3.832329 -365.000000 35.000000 -55.000000
3.888757 -435.000000 175.000000 75.000000
3.954298 445.000000 -305.000000 25.000000
4.004528 335.000000 115.000000 25.000000
4.096098 -205.000000 15.000000 45.000000
4.098670 -215.000000 365.000000 55.000000
4.151004 415.000000 -5.000000 -65.000000
4.179635 145.000000 385.000000 -65.000000
4.201307 395.000000 -185.000000 55.000000
4.209738 175.000000 -35.000000 -55.000000
4.217394 335.000000 -25.000000 65.000000
4.266031 195.000000 -455.000000 -75.000000
4.347351 -145.000000 145.000000 -65.000000
4.361324 -275.000000 -255.000000 -65.000000
4.367369 255.000000 -5.000000 75.000000
4.446168 -145.000000 185.000000 -25.000000
4.495881 385.000000 -95.000000 45.000000
4.557975 -275.000000 -25.000000 85.000000
4.612693 -185.000000 -255.000000 15.000000
4.678142 15.000000 -185.000000 95.000000
4.697335 365.000000 275.000000 25.000000
4.984352 -5.000000 -95.000000 -25.000000
5.003073 -85.000000 -75.000000 95.000000
5.014355 -435.000000 225.000000 5.000000
5.059774 195.000000 165.000000 105.000000
5.088058 -145.000000 -255.000000 5.000000
5.088402 35.000000 -355.000000 95.000000
5.090468 385.000000 15.000000 65.000000
5.106744 225.000000 35.000000 -45.000000
5.158569 -75.000000 -315.000000 -35.000000
5.200093 225.000000 375.000000 35.000000
5.207936 95.000000 -5.000000 55.000000
5.287107 215.000000 -185.000000 85.000000
5.305995 215.000000 -365.000000 75.000000
5.462488 315.000000 385.000000 25.000000
5.505598 -245.000000 115.000000 55.000000
5.533920 445.000000 -125.000000 -15.000000
5.619363 25.000000 85.000000 45.000000
5.648618 385.000000 365.000000 -55.000000
5.675968 -85.000000 -275.000000 55.000000
5.683203 -285.000000 -245.000000 -75.000000
5.711935 125.000000 -285.000000 -65.000000
5.717089 235.000000 95.000000 -15.000000
5.755629 435.000000 -125.000000 -85.000000
5.757646 -95.000000 5.000000 55.000000
5.803366 -135.000000 -395.000000 -35.000000
5.839232 -175.000000 -305.000000 -25.000000
5.933644 -5.000000 145.000000 -65.000000
6.037540 5.000000 -145.000000 -35.000000
6.145556 5.000000 365.000000 -75.000000
6.188809 165.000000 5.000000 -45.000000
6.297313 -185.000000 -185.000000 75.000000
6.300459 365.000000 55.000000 35.000000
6.308539 295.000000 275.000000 5.000000
6.321225 -75.000000 -305.000000 -95.000000
6.353095 395.000000 -325.000000 5.000000
6.438870 245.000000 185.000000 55.000000
6.448804 -15.000000 -235.000000 -25.000000
6.487586 -445.000000 125.000000 -45.000000
6.538109 -55.000000 -5.000000 -35.000000
6.557129 235.000000 -425.000000 75.000000
6.724058 -85.000000 -365.000000 -55.000000
6.733851 105.000000 -275.000000 -65.000000
6.777045 -105.000000 -315.000000 -55.000000
6.794210 105.000000 155.000000 5.000000
6.873228 345.000000 225.000000 -55.000000
6.903207 -205.000000 -105.000000 45.000000
6.907905 -215.000000 205.000000 -95.000000
6.923977 205.000000 135.000000 25.000000
7.029973 -55.000000 345.000000 -15.000000
7.056119 -75.000000 -175.000000 65.000000
7.093474 -415.000000 345.000000 5.000000
7.105899 -445.000000 395.000000 -45.000000
7.162176 -345.000000 -305.000000 -25.000000
7.184964 -85.000000 -335.000000 35.000000
7.196200 105.000000 425.000000 -5.000000
7.204926 245.000000 -255.000000 25.000000
7.276207 245.000000 -365.000000 25.000000
7.320452 215.000000 195.000000 -15.000000
7.446652 295.000000 -335.000000 105.000000
7.550886 5.000000 -35.000000 -45.000000
7.576835 455.000000 365.000000 35.000000
7.607240 -405.000000 225.000000 5.000000
7.667004 -345.000000 -425.000000 -75.000000
7.691083 -365.000000 45.000000 -45.000000
7.762286 315.000000 -55.000000 -5.000000
7.779353 185.000000 -55.000000 55.000000
7.799503 -325.000000 55.000000 65.000000
7.806456 245.000000 295.000000 -25.000000
7.873733 245.000000 -325.000000 65.000000
7.912542 405.000000 -325.000000 85.000000
7.971393 275.000000 405.000000 -15.000000
7.973499 165.000000 75.000000 -55.000000
8.049391 435.000000 425.000000 5.000000
8.089548 275.000000 -125.000000 85.000000
8.099972 -55.000000 105.000000 85.000000
8.122446 15.000000 95.000000 -5.000000
8.307018 -365.000000 -245.000000 -35.000000
8.525652 -205.000000 265.000000 -55.000000
8.526901 -5.000000 -85.000000 105.000000
8.552806 85.000000 -185.000000 35.000000
8.652794 395.000000 -345.000000 75.000000
8.670770 -205.000000 315.000000 85.000000
8.671055 115.000000 325.000000 -5.000000
8.746512 115.000000 -285.000000 -65.000000
8.761635 -425.000000 -175.000000 35.000000
8.809551 345.000000 245.000000 -35.000000
8.854397 275.000000 5.000000 -15.000000
8.919371 325.000000 -365.000000 -25.000000
8.954260 295.000000 -145.000000 85.000000
8.954348 -115.000000 145.000000 55.000000
8.983082 245.000000 195.000000 45.000000
8.989550 205.000000 195.000000 -35.000000
9.000394 75.000000 95.000000 -35.000000
9.023368 295.000000 85.000000 -95.000000
9.033375 345.000000 295.000000 5.000000
9.105850 -295.000000 245.000000 85.000000
9.125696 345.000000 -45.000000 -15.000000
9.135289 285.000000 -285.000000 25.000000
9.150361 95.000000 -45.000000 -25.000000
9.161025 5.000000 -165.000000 85.000000
9.226775 365.000000 115.000000 15.000000
9.244048 105.000000 15.000000 75.000000
9.308474 295.000000 -245.000000 -25.000000
9.342346 -235.000000 -155.000000 35.000000
9.357398 415.000000 255.000000 -75.000000
9.367058 -385.000000 295.000000 15.000000
9.386431 435.000000 -345.000000 -45.000000
9.457434 -415.000000 -35.000000 15.000000
9.459764 315.000000 195.000000 -45.000000
9.460354 -75.000000 -135.000000 85.000000
9.532738 75.000000 -305.000000 -85.000000
9.580126 -235.000000 -425.000000 -75.000000
9.627082 -365.000000 -315.000000 -35.000000
9.741106 -55.000000 355.000000 95.000000
9.747108 -385.000000 235.000000 65.000000
9.795793 75.000000 95.000000 -5.000000
9.811079 235.000000 -405.000000 -85.000000
9.916417 -175.000000 -365.000000 55.000000
9.948499 -375.000000 425.000000 65.000000
9.957338 -315.000000 415.000000 75.000000
9.961599 245.000000 -315.000000 15.000000
9.978041 35.000000 405.000000 -15.000000
10.045647 -25.000000 135.000000 45.000000
10.117572 -5.000000 105.000000 25.000000
10.233676 -155.000000 -185.000000 -95.000000
10.240516 -425.000000 365.000000 45.000000
10.246660 205.000000 35.000000 -55.000000
10.377225 -215.000000 5.000000 5.000000
10.413607 245.000000 -315.000000 95.000000
10.508222 -225.000000 305.000000 25.000000
10.576512 -195.000000 -25.000000 45.000000
10.754227 -385.000000 325.000000 5.000000
10.879190 315.000000 -145.000000 95.000000
10.913641 335.000000 -165.000000 25.000000
10.940758 375.000000 -195.000000 -35.000000
11.005473 -225.000000 -245.000000 15.000000
11.139429 -95.000000 35.000000 -5.000000
11.166225 445.000000 -335.000000 -45.000000
11.193826 -45.000000 435.000000 -25.000000
11.207906 125.000000 -5.000000 75.000000
11.240429 255.000000 -35.000000 -85.000000
11.283345 25.000000 205.000000 -45.000000
11.358130 -415.000000 335.000000 -85.000000
11.515733 25.000000 55.000000 -45.000000
11.519683 175.000000 -325.000000 95.000000
11.646180 -35.000000 255.000000 35.000000
11.674460 -245.000000 15.000000 -95.000000
11.706831 305.000000 -65.000000 95.000000
11.741789 105.000000 175.000000 -85.000000
11.848234 355.000000 5.000000 65.000000
11.949508 -175.000000 -5.000000 105.000000
12.021789 -355.000000 125.000000 55.000000
12.198865 55.000000 135.000000 -15.000000
12.263954 305.000000 305.000000 85.000000
12.272709 145.000000 -285.000000 -55.000000
12.307463 -115.000000 75.000000 -65.000000
12.321795 -385.000000 -395.000000 105.000000
12.364433 285.000000 -405.000000 85.000000
12.408020 285.000000 -425.000000 5.000000
12.424309 -225.000000 185.000000 5.000000
12.465373 405.000000 -195.000000 -45.000000
12.503886 -445.000000 435.000000 85.000000
12.605501 -285.000000 95.000000 -55.000000
12.661665 -215.000000 185.000000 -45.000000
12.719556 385.000000 -325.000000 -55.000000
12.733986 -395.000000 45.000000 45.000000
12.752687 -155.000000 365.000000 95.000000
12.797522 -75.000000 -175.000000 95.000000
12.840174 45.000000 -45.000000 55.000000
12.939281 -85.000000 -25.000000 -85.000000
12.948244 95.000000 -345.000000 -85.000000
12.974807 -155.000000 335.000000 45.000000
12.997020 -65.000000 135.000000 -45.000000
13.117536 -255.000000 -55.000000 85.000000
13.201757 -55.000000 45.000000 -65.000000
13.210787 -265.000000 -95.000000 95.000000
13.344384 415.000000 -425.000000 25.000000
13.432679 215.000000 305.000000 65.000000
13.447692 365.000000 5.000000 55.000000
13.533397 55.000000 -345.000000 -5.000000
13.622786 -205.000000 125.000000 35.000000
13.656757 215.000000 375.000000 75.000000
13.728843 -245.000000 395.000000 -65.000000
13.899228 185.000000 -325.000000 -15.000000
13.931917 -125.000000 445.000000 25.000000
13.937454 115.000000 -145.000000 5.000000
13.984229 -135.000000 25.000000 35.000000
14.066535 335.000000 225.000000 45.000000
14.080055 -365.000000 -355.000000 -85.000000
14.209142 245.000000 -405.000000 95.000000
14.251665 -435.000000 65.000000 -5.000000
14.340382 -65.000000 35.000000 -65.000000
14.355287 325.000000 -405.000000 -45.000000
14.378899 275.000000 45.000000 45.000000
14.433865 -95.000000 65.000000 105.000000
14.454653 275.000000 405.000000 -85.000000
14.460680 -385.000000 315.000000 15.000000
14.462722 185.000000 155.000000 -35.000000
14.526275 425.000000 -435.000000 -85.000000
14.532839 455.000000 -245.000000 -5.000000
14.538427 415.000000 455.000000 -35.000000
14.617695 -135.000000 -255.000000 65.000000
14.668894 425.000000 425.000000 15.000000
14.678042 105.000000 455.000000 -75.000000
14.764263 -65.000000 35.000000 -45.000000
14.865249 385.000000 -75.000000 -45.000000
14.959702 85.000000 255.000000 65.000000
15.002272 195.000000 -165.000000 -85.000000
15.042516 -255.000000 205.000000 15.000000
15.060364 -405.000000 -105.000000 -55.000000
15.104628 -25.000000 -165.000000 95.000000
15.206276 -65.000000 75.000000 -35.000000
15.212484 445.000000 -275.000000 65.000000
15.346484 -195.000000 155.000000 55.000000
15.486453 -115.000000 125.000000 -35.000000
15.527651 -375.000000 -235.000000 -15.000000
15.531829 -335.000000 -185.000000 55.000000
15.535496 205.000000 -325.000000 -5.000000
15.539921 -55.000000 235.000000 45.000000
15.548826 -295.000000 -65.000000 -45.000000
15.567896 195.000000 295.000000 -35.000000
15.685797 445.000000 425.000000 45.000000
15.870974 -275.000000 -455.000000 65.000000
15.937215 365.000000 -425.000000 85.000000
16.021493 -435.000000 285.000000 65.000000
16.023443 75.000000 105.000000 25.000000
16.149405 -215.000000 425.000000 -35.000000
16.260019 -355.000000 -115.000000 35.000000
16.307788 -245.000000 45.000000 5.000000
16.441652 -5.000000 -255.000000 5.000000
16.482951 355.000000 415.000000 -55.000000
16.550821 425.000000 -5.000000 95.000000
16.584660 375.000000 -135.000000 55.000000
16.625633 -345.000000 -45.000000 -55.000000
16.640918 55.000000 255.000000 -25.000000
16.687485 -205.000000 -55.000000 -85.000000
16.703732 -325.000000 65.000000 -65.000000
16.717106 185.000000 155.000000 95.000000
16.763919 -175.000000 -375.000000 -45.000000
16.901996 -415.000000 65.000000 -75.000000
16.955442 -75.000000 365.000000 35.000000
17.011335 35.000000 255.000000 -15.000000
17.234588 -45.000000 15.000000 25.000000
17.267781 145.000000 -235.000000 65.000000
17.278137 85.000000 -115.000000 95.000000
17.383180 215.000000 155.000000 -5.000000
17.502746 325.000000 265.000000 85.000000
17.532560 -335.000000 -435.000000 5.000000
17.543650 -375.000000 -175.000000 75.000000
17.552172 65.000000 -415.000000 75.000000
17.617150 -115.000000 385.000000 -15.000000
17.630379 125.000000 25.000000 -15.000000
17.755095 -125.000000 435.000000 -35.000000
17.783675 215.000000 15.000000 -85.000000
17.926844 175.000000 -235.000000 15.000000
17.976803 -265.000000 -125.000000 -25.000000
17.981197 235.000000 325.000000 5.000000
17.981875 155.000000 55.000000 15.000000
18.027547 275.000000 245.000000 75.000000
18.056734 -145.000000 445.000000 95.000000
18.082279 -115.000000 415.000000 -25.000000
18.103712 -385.000000 -175.000000 25.000000
18.130012 375.000000 -255.000000 35.000000
18.166904 265.000000 -365.000000 -5.000000
18.178732 -45.000000 -265.000000 -65.000000
18.351547 -415.000000 -75.000000 -95.000000
18.402436 455.000000 -435.000000 -95.000000
18.448843 -65.000000 -95.000000 -25.000000
18.498693 -35.000000 -445.000000 -85.000000
18.579818 -185.000000 -65.000000 25.000000
18.641495 -315.000000 335.000000 75.000000
18.672237 -115.000000 -155.000000 -75.000000
18.864602 -325.000000 185.000000 35.000000
19.082248 235.000000 -225.000000 -75.000000
19.093205 -285.000000 105.000000 -45.000000
19.148949 335.000000 195.000000 15.000000
19.193973 -305.000000 -425.000000 -15.000000
19.209414 -365.000000 265.000000 25.000000
19.257527 15.000000 85.000000 95.000000
19.344578 145.000000 165.000000 95.000000
19.396462 -435.000000 -95.000000 45.000000
19.423013 -35.000000 45.000000 55.000000
19.495784 -195.000000 55.000000 75.000000
19.543868 -45.000000 385.000000 55.000000
19.617872 445.000000 -165.000000 -65.000000
19.675451 55.000000 215.000000 -95.000000
19.765949 115.000000 -125.000000 -85.000000
19.771577 355.000000 385.000000 -15.000000
19.812114 -25.000000 -415.000000 55.000000
19.872847 -315.000000 415.000000 -15.000000
19.875386 35.000000 -255.000000 -5.000000
19.904218 15.000000 -215.000000 5.000000
20.077518 135.000000 -145.000000 95.000000
20.102307 -385.000000 225.000000 95.000000
20.214259 105.000000 -115.000000 -55.000000
20.246521 -405.000000 215.000000 -95.000000
20.268940 -325.000000 -405.000000 -25.000000
20.282917 235.000000 -145.000000 -5.000000
20.293570 -255.000000 5.000000 -45.000000
20.467071 435.000000 -345.000000 -35.000000
20.484339 105.000000 155.000000 -75.000000
20.493563 205.000000 175.000000 25.000000
20.521935 -145.000000 -355.000000 15.000000
20.661324 325.000000 85.000000 -45.000000
20.724644 -405.000000 -145.000000 -55.000000
20.862930 -85.000000 335.000000 -5.000000
20.880226 35.000000 -155.000000 55.000000
20.904372 -305.000000 445.000000 -35.000000
20.930630 75.000000 95.000000 65.000000
20.959793 145.000000 -185.000000 95.000000
20.990478 -25.000000 385.000000 5.000000
21.003403 235.000000 295.000000 105.000000
21.049316 425.000000 -205.000000 15.000000
21.086348 -85.000000 -365.000000 -85.000000
21.101018 65.000000 5.000000 -55.000000
21.163949 445.000000 -25.000000 15.000000
21.177950 -135.000000 135.000000 75.000000
21.204728 5.000000 235.000000 -45.000000
21.308513 -235.000000 -155.000000 45.000000
21.353008 -385.000000 -355.000000 -85.000000
21.407374 -345.000000 -185.000000 -75.000000
21.442162 -165.000000 -435.000000 45.000000
21.461278 -305.000000 45.000000 35.000000
21.534080 385.000000 155.000000 -5.000000
21.587228 -255.000000 25.000000 5.000000
21.757200 315.000000 -425.000000 35.000000
21.840346 -415.000000 -275.000000 -15.000000
21.922021 75.000000 155.000000 35.000000
22.006504 -145.000000 -305.000000 105.000000
22.105809 95.000000 -215.000000 -5.000000
22.243785 -365.000000 -295.000000 85.000000
22.275529 155.000000 405.000000 -25.000000
22.308595 135.000000 -75.000000 -15.000000
22.324038 75.000000 -255.000000 95.000000
22.616868 35.000000 55.000000 55.000000
22.622915 -115.000000 285.000000 -65.000000
22.681091 215.000000 -445.000000 85.000000
22.735216 265.000000 265.000000 -5.000000
22.760939 145.000000 -25.000000 -55.000000
22.837034 85.000000 -255.000000 35.000000
23.036539 -145.000000 -5.000000 -75.000000
23.054770 -395.000000 -255.000000 35.000000
23.133812 -235.000000 285.000000 35.000000
23.276094 -155.000000 215.000000 55.000000
23.329829 365.000000 -105.000000 -45.000000
23.435664 375.000000 -85.000000 45.000000
23.546863 -185.000000 -425.000000 95.000000
23.586879 -45.000000 -25.000000 65.000000
23.589770 -385.000000 445.000000 -5.000000
23.594614 -95.000000 35.000000 5.000000
23.601799 135.000000 95.000000 65.000000
23.624334 75.000000 -65.000000 -95.000000
23.702521 -325.000000 -345.000000 45.000000
23.832510 -385.000000 -385.000000 45.000000
23.949163 335.000000 -345.000000 65.000000
24.077817 -405.000000 -15.000000 -25.000000
24.115915 -435.000000 385.000000 65.000000
24.121280 285.000000 35.000000 5.000000
24.199476 185.000000 -75.000000 -95.000000
24.207456 -345.000000 125.000000 25.000000
24.363799 -205.000000 -295.000000 45.000000
24.546524 265.000000 -55.000000 -15.000000
24.621423 -275.000000 5.000000 -35.000000
24.668851 5.000000 65.000000 25.000000
24.904087 65.000000 325.000000 -5.000000
25.068015 -415.000000 -305.000000 -65.000000
25.108000 35.000000 -235.000000 -45.000000
25.192244 -455.000000 85.000000 55.000000
25.235513 -5.000000 -305.000000 75.000000
25.237523 5.000000 -255.000000 75.000000
25.242902 -75.000000 -55.000000 35.000000
25.277543 -185.000000 255.000000 -85.000000
25.371856 375.000000 225.000000 -35.000000
25.388499 -285.000000 215.000000 25.000000
25.403805 175.000000 -185.000000 15.000000
25.406028 195.000000 55.000000 35.000000
25.411863 365.000000 -35.000000 65.000000
25.516987 415.000000 -225.000000 55.000000
25.575540 -355.000000 185.000000 25.000000
25.644061 -405.000000 -265.000000 75.000000
25.734528 -355.000000 195.000000 25.000000
25.828491 -25.000000 415.000000 -5.000000
25.951603 385.000000 165.000000 -55.000000
25.998521 -355.000000 -35.000000 -35.000000
26.014648 345.000000 355.000000 85.000000
26.033102 245.000000 -295.000000 -15.000000
26.040211 125.000000 -425.000000 -15.000000
26.279716 425.000000 425.000000 -65.000000
26.369260 -115.000000 -425.000000 -95.000000
26.396376 -265.000000 -305.000000 -25.000000
26.501071 235.000000 365.000000 -35.000000
26.522230 -245.000000 225.000000 -15.000000
26.596142 -285.000000 -385.000000 -75.000000
26.670831 -415.000000 195.000000 -75.000000
26.710359 285.000000 -155.000000 -55.000000
26.733969 -105.000000 -85.000000 -95.000000
26.796685 -285.000000 25.000000 -15.000000
26.831171 145.000000 -275.000000 45.000000
26.835925 265.000000 -345.000000 25.000000
26.843657 335.000000 -285.000000 55.000000
26.894888 -245.000000 75.000000 -15.000000
26.919888 -115.000000 -135.000000 5.000000
26.969771 -445.000000 -155.000000 -55.000000
26.980568 145.000000 205.000000 -65.000000
27.045151 225.000000 175.000000 95.000000
27.076407 -265.000000 105.000000 5.000000
27.124860 195.000000 395.000000 55.000000
27.173933 425.000000 -355.000000 -55.000000
27.175996 445.000000 -155.000000 95.000000
27.189987 -35.000000 -55.000000 75.000000
27.313293 -265.000000 355.000000 65.000000
27.314621 -25.000000 395.000000 55.000000
27.371154 -175.000000 -335.000000 -5.000000
27.399705 225.000000 25.000000 35.000000
27.408596 345.000000 255.000000 105.000000
27.484011 -395.000000 -195.000000 75.000000
27.559418 -65.000000 245.000000 35.000000
27.620263 -245.000000 245.000000 -95.000000
27.634609 -285.000000 375.000000 85.000000
27.721334 185.000000 -175.000000 -15.000000
27.745976 -195.000000 65.000000 25.000000
27.756125 255.000000 45.000000 25.000000
27.766576 225.000000 -345.000000 -45.000000
27.782189 325.000000 15.000000 -75.000000
27.782612 405.000000 -35.000000 -45.000000
27.868198 455.000000 295.000000 -35.000000
27.909788 -275.000000 -75.000000 -75.000000
28.035622 105.000000 -385.000000 -95.000000
28.145533 -95.000000 145.000000 75.000000
28.261165 375.000000 -345.000000 -15.000000
28.358451 205.000000 275.000000 -5.000000
28.433652 365.000000 265.000000 95.000000
28.479122 175.000000 375.000000 95.000000
28.483442 -245.000000 -455.000000 -5.000000
28.492647 -235.000000 -15.000000 15.000000
28.518432 -185.000000 -185.000000 -15.000000
28.577124 455.000000 -195.000000 55.000000
28.600022 195.000000 -385.000000 55.000000
28.649044 -25.000000 -85.000000 -15.000000
28.692832 415.000000 135.000000 -25.000000
28.693664 85.000000 455.000000 85.000000
28.763777 -375.000000 -55.000000 65.000000
28.907235 -125.000000 -305.000000 45.000000
28.914519 215.000000 115.000000 -75.000000
28.983959 445.000000 125.000000 75.000000
29.003329 -285.000000 -255.000000 25.000000
29.046474 335.000000 455.000000 -55.000000
29.095317 305.000000 -395.000000 -75.000000
29.138143 -345.000000 95.000000 -85.000000
29.153145 -205.000000 -395.000000 -85.000000
29.231415 -125.000000 -75.000000 -45.000000
29.282579 -305.000000 225.000000 25.000000
29.439977 -395.000000 -405.000000 55.000000
29.453009 345.000000 -375.000000 -15.000000
29.521763 -5.000000 -205.000000 -75.000000
29.530180 -225.000000 145.000000 65.000000
29.537744 305.000000 -65.000000 55.000000
29.719785 -165.000000 -15.000000 -25.000000
29.736201 -285.000000 -395.000000 25.000000
29.749162 -175.000000 315.000000 65.000000
29.749928 -75.000000 -445.000000 75.000000
29.758864 -55.000000 -95.000000 95.000000
29.794004 75.000000 -415.000000 55.000000
29.855581 -155.000000 -35.000000 -85.000000
29.873680 165.000000 175.000000 -55.000000
29.904711 225.000000 -235.000000 65.000000
29.917578 -185.000000 -205.000000 75.000000
30.201582 195.000000 -335.000000 5.000000
30.204284 115.000000 325.000000 15.000000
30.313645 -95.000000 195.000000 75.000000
30.435515 -275.000000 35.000000 85.000000
30.455258 -145.000000 15.000000 -75.000000
30.477521 -305.000000 -75.000000 105.000000
30.498180 -185.000000 -65.000000 75.000000
30.527969 5.000000 25.000000 -55.000000
30.528939 -365.000000 5.000000 -95.000000
30.756455 185.000000 405.000000 75.000000
30.803074 -55.000000 -175.000000 -85.000000
30.854891 365.000000 -125.000000 -75.000000
30.858961 155.000000 115.000000 -15.000000
30.912490 -415.000000 285.000000 15.000000
31.029332 -455.000000 455.000000 85.000000
31.083776 175.000000 35.000000 65.000000
31.115753 -245.000000 -85.000000 -25.000000
31.143592 105.000000 -135.000000 -5.000000
31.259495 275.000000 -55.000000 -15.000000
31.327560 -135.000000 -185.000000 75.000000
31.373524 85.000000 25.000000 5.000000
31.414581 -85.000000 275.000000 -25.000000
31.441410 -85.000000 -55.000000 -45.000000
31.574139 455.000000 85.000000 65.000000
31.579006 -225.000000 265.000000 35.000000
31.592198 -385.000000 -265.000000 -45.000000
31.625331 65.000000 335.000000 -85.000000
31.769037 -295.000000 -115.000000 25.000000
31.774750 115.000000 -445.000000 95.000000
31.822027 -375.000000 155.000000 -55.000000
31.883842 -305.000000 415.000000 -65.000000
32.017558 -35.000000 455.000000 95.000000
32.022699 195.000000 -75.000000 -95.000000
32.045401 355.000000 -335.000000 -65.000000
32.051376 345.000000 -415.000000 35.000000
32.110792 215.000000 -455.000000 -25.000000
32.138671 105.000000 -205.000000 -55.000000
32.162965 -365.000000 165.000000 15.000000
32.178711 425.000000 255.000000 45.000000
32.183202 315.000000 -145.000000 15.000000
32.214003 -105.000000 285.000000 -75.000000
32.218958 -385.000000 395.000000 -75.000000
32.230044 455.000000 325.000000 -55.000000
32.260885 -355.000000 45.000000 85.000000
32.396678 -165.000000 -335.000000 -75.000000
32.466065 145.000000 -225.000000 65.000000
32.477480 -255.000000 5.000000 75.000000
32.540603 -195.000000 105.000000 55.000000
32.559802 -35.000000 285.000000 75.000000
32.562439 115.000000 15.000000 15.000000
32.570947 -395.000000 215.000000 -75.000000
32.635847 55.000000 215.000000 -45.000000
32.809224 -235.000000 -245.000000 -35.000000
32.885032 -155.000000 -435.000000 25.000000
32.891356 -245.000000 -295.000000 -25.000000
32.931547 -195.000000 305.000000 -5.000000
32.932092 195.000000 415.000000 -85.000000
32.937680 165.000000 -175.000000 -45.000000
32.948251 -195.000000 125.000000 -35.000000
32.956383 -225.000000 -55.000000 -95.000000
32.991012 225.000000 -45.000000 25.000000
33.018485 375.000000 -35.000000 85.000000
33.034423 -55.000000 -265.000000 -5.000000
33.065214 135.000000 285.000000 75.000000
33.090055 -55.000000 135.000000 35.000000
33.106709 285.000000 -415.000000 45.000000
33.107855 265.000000 -135.000000 -65.000000
33.130927 35.000000 -385.000000 -45.000000
33.149614 185.000000 -255.000000 -25.000000
33.159195 -345.000000 -215.000000 -25.000000
33.171666 -345.000000 375.000000 -75.000000
33.253021 -95.000000 -395.000000 -25.000000
33.552272 -325.000000 -55.000000 -5.000000
33.587344 -315.000000 -205.000000 -75.000000
33.612155 -15.000000 -25.000000 -15.000000
33.647194 -125.000000 -75.000000 -15.000000
33.652024 405.000000 45.000000 45.000000
33.698639 -115.000000 -295.000000 -45.000000
33.782332 95.000000 -375.000000 -95.000000
33.796133 345.000000 -45.000000 -15.000000
33.895283 -295.000000 415.000000 -5.000000
33.938410 325.000000 115.000000 35.000000
33.945060 -315.000000 285.000000 -85.000000
33.963907 -85.000000 275.000000 55.000000
34.004641 225.000000 -295.000000 35.000000
34.017695 -365.000000 -255.000000 95.000000
34.076172 355.000000 345.000000 105.000000
34.078655 -255.000000 -225.000000 -35.000000
34.095522 -105.000000 205.000000 85.000000
34.143622 -85.000000 315.000000 -15.000000
34.166135 -445.000000 -415.000000 25.000000
34.176495 135.000000 405.000000 55.000000
34.247330 -75.000000 325.000000 -5.000000
34.276876 355.000000 -315.000000 -35.000000
34.320257 -75.000000 105.000000 5.000000
34.344484 -55.000000 -335.000000 105.000000
34.406361 35.000000 15.000000 -85.000000
34.448681 75.000000 405.000000 -45.000000
34.482633 -75.000000 195.000000 35.000000
34.540534 415.000000 -345.000000 45.000000
34.550201 125.000000 255.000000 -85.000000
34.636256 -355.000000 195.000000 -45.000000
34.654571 15.000000 355.000000 35.000000
34.735161 -65.000000 -415.000000 65.000000
34.761319 -35.000000 -35.000000 -95.000000
34.772626 -365.000000 45.000000 -35.000000
34.800894 -55.000000 -275.000000 -35.000000
34.847205 -195.000000 -95.000000 65.000000
34.857702 -435.000000 285.000000 15.000000
34.952700 -285.000000 95.000000 55.000000
34.979935 -125.000000 -15.000000 105.000000
34.980775 -185.000000 -85.000000 -55.000000
35.009846 -55.000000 425.000000 75.000000
35.126940 25.000000 -425.000000 55.000000
35.167059 -315.000000 -15.000000 5.000000
35.212324 -365.000000 205.000000 85.000000
35.224686 195.000000 -385.000000 85.000000
35.227167 -155.000000 -25.000000 -15.000000
35.282451 35.000000 -445.000000 105.000000
35.338078 245.000000 -105.000000 -85.000000
35.348314 155.000000 -115.000000 95.000000
35.381846 65.000000 155.000000 5.000000
35.489461 -105.000000 -285.000000 15.000000
35.511279 25.000000 -15.000000 35.000000
35.639355 305.000000 395.000000 45.000000
35.677575 -365.000000 -205.000000 -95.000000
35.750293 -295.000000 -305.000000 -35.000000
35.986941 395.000000 65.000000 -5.000000
36.050960 -265.000000 -245.000000 15.000000
36.191765 -275.000000 -315.000000 -65.000000
36.203803 -305.000000 105.000000 75.000000
36.265201 135.000000 -45.000000 55.000000
36.311070 5.000000 315.000000 -85.000000
36.362998 -225.000000 -345.000000 5.000000
36.363320 -15.000000 -385.000000 -25.000000
36.372702 425.000000 -395.000000 85.000000
36.462059 -155.000000 -425.000000 -75.000000
36.510918 -235.000000 -35.000000 -75.000000
36.549170 45.000000 195.000000 85.000000
36.552564 185.000000 -275.000000 -45.000000
36.560917 -125.000000 -325.000000 -25.000000
36.660440 -325.000000 -275.000000 65.000000
36.698604 295.000000 -235.000000 -15.000000
36.853756 -135.000000 315.000000 -85.000000
36.864669 265.000000 415.000000 -15.000000
36.920195 25.000000 355.000000 75.000000
37.023914 245.000000 245.000000 5.000000
37.049250 235.000000 325.000000 15.000000
37.132466 305.000000 -325.000000 85.000000
37.153291 195.000000 -275.000000 -45.000000
37.160572 335.000000 195.000000 -5.000000
37.290890 -305.000000 -115.000000 55.000000
37.329851 -175.000000 455.000000 5.000000
37.345803 35.000000 -135.000000 -75.000000
37.364725 -175.000000 -215.000000 75.000000
37.399961 305.000000 235.000000 -35.000000
37.445253 65.000000 255.000000 65.000000
37.568992 -355.000000 155.000000 75.000000
37.589700 -155.000000 415.000000 15.000000
37.641296 -435.000000 -175.000000 75.000000
37.647487 85.000000 -345.000000 -35.000000
37.660611 265.000000 -225.000000 -45.000000
37.803601 -55.000000 -225.000000 15.000000
38.016631 -125.000000 -115.000000 -75.000000
38.053753 -175.000000 305.000000 -85.000000
38.074742 235.000000 435.000000 65.000000
38.178489 15.000000 185.000000 -35.000000
38.188417 175.000000 -445.000000 -75.000000
38.190958 -255.000000 125.000000 -55.000000
38.214826 -295.000000 145.000000 85.000000
38.351429 -335.000000 235.000000 -65.000000
38.508505 -25.000000 -195.000000 95.000000
38.575936 -305.000000 65.000000 -35.000000
39.079372 -385.000000 -375.000000 35.000000
39.163502 -105.000000 75.000000 -55.000000
39.285060 105.000000 255.000000 105.000000
39.419470 35.000000 385.000000 15.000000
39.423494 -55.000000 225.000000 15.000000
39.435625 -185.000000 55.000000 -55.000000
39.472494 -235.000000 -125.000000 -5.000000
39.481889 -85.000000 375.000000 35.000000
39.522136 45.000000 -295.000000 -85.000000
39.611785 195.000000 -25.000000 35.000000
39.616298 -225.000000 -65.000000 -35.000000
39.625013 -205.000000 -315.000000 105.000000
39.741837 -55.000000 -185.000000 35.000000
39.748993 225.000000 -35.000000 45.000000
39.826646 295.000000 225.000000 -75.000000
39.855608 -335.000000 -95.000000 105.000000
39.864716 -185.000000 315.000000 25.000000
39.867520 -45.000000 35.000000 45.000000
39.874285 235.000000 -95.000000 -35.000000
39.874667 -25.000000 165.000000 -45.000000
39.895508 275.000000 445.000000 -15.000000
39.931214 -85.000000 425.000000 55.000000
39.943437 -335.000000 -415.000000 85.000000
39.945798 -135.000000 -445.000000 65.000000
39.948544 -195.000000 -55.000000 -35.000000
39.992198 -25.000000 -335.000000 -15.000000
40.007670 -45.000000 65.000000 -55.000000
40.094303 385.000000 -15.000000 45.000000
40.100287 395.000000 5.000000 -25.000000
40.148809 -195.000000 -385.000000 -5.000000
40.255319 -275.000000 265.000000 15.000000
40.361321 175.000000 -335.000000 25.000000
40.461184 315.000000 -15.000000 65.000000
40.546573 185.000000 185.000000 -15.000000
40.555493 45.000000 25.000000 105.000000
40.576427 -25.000000 -115.000000 -25.000000
40.650397 -395.000000 95.000000 105.000000
40.723951 -435.000000 55.000000 -75.000000
40.759727 -265.000000 65.000000 -45.000000
40.775310 -5.000000 -395.000000 45.000000
40.810675 -165.000000 -95.000000 5.000000
40.816950 -165.000000 215.000000 25.000000
40.831714 75.000000 385.000000 -75.000000
40.848309 -95.000000 -325.000000 25.000000
40.892716 -265.000000 285.000000 -75.000000
41.119409 -55.000000 95.000000 -45.000000
41.190712 135.000000 -85.000000 -25.000000
41.295003 -135.000000 375.000000 105.000000
41.327771 -55.000000 -225.000000 25.000000
41.387975 -175.000000 -235.000000 55.000000
41.484163 -185.000000 -335.000000 5.000000
41.584486 305.000000 355.000000 15.000000
41.604214 -175.000000 -295.000000 75.000000
41.617233 -5.000000 -435.000000 25.000000
41.705492 -305.000000 -25.000000 55.000000
41.771530 155.000000 -435.000000 15.000000
41.777169 -75.000000 -375.000000 -5.000000
41.806906 -395.000000 -25.000000 -35.000000
41.836565 35.000000 -265.000000 -15.000000
41.934706 -115.000000 335.000000 -35.000000
41.938927 415.000000 395.000000 -85.000000
42.033870 -225.000000 135.000000 65.000000
42.047683 275.000000 -25.000000 -75.000000
42.158132 -205.000000 305.000000 85.000000
42.183289 -345.000000 -275.000000 -75.000000
42.193878 -375.000000 -205.000000 15.000000
42.278394 -365.000000 145.000000 5.000000
42.300422 405.000000 -295.000000 -5.000000
42.434055 -15.000000 5.000000 25.000000
42.490640 -105.000000 355.000000 -25.000000
42.501682 305.000000 425.000000 -15.000000
42.543260 65.000000 -105.000000 -65.000000
42.550629 -245.000000 295.000000 -55.000000
42.578629 455.000000 295.000000 -55.000000
42.773837 -35.000000 -115.000000 -55.000000
42.832824 -225.000000 75.000000 -45.000000
42.886802 155.000000 -385.000000 -85.000000
42.917714 245.000000 -445.000000 65.000000
42.917860 -5.000000 -15.000000 -85.000000
42.930481 265.000000 245.000000 105.000000
43.049594 -195.000000 455.000000 -95.000000
43.155778 235.000000 265.000000 85.000000
43.240177 295.000000 -175.000000 -25.000000
43.286227 445.000000 125.000000 -65.000000
43.286855 175.000000 -65.000000 -75.000000
43.320568 -185.000000 -195.000000 45.000000
43.323790 165.000000 295.000000 -45.000000
43.344673 -445.000000 65.000000 65.000000
43.385917 105.000000 295.000000 -35.000000
43.440865 -275.000000 -425.000000 35.000000
43.533518 -315.000000 -175.000000 95.000000
43.594100 -215.000000 345.000000 -85.000000
43.604112 -95.000000 -435.000000 -65.000000
43.635389 325.000000 55.000000 -45.000000
43.693731 -265.000000 175.000000 55.000000
43.709550 -5.000000 -75.000000 105.000000
43.961054 35.000000 -315.000000 -25.000000
43.961704 165.000000 165.000000 -15.000000
43.973573 5.000000 145.000000 5.000000
43.975455 245.000000 -115.000000 -35.000000
44.126500 -55.000000 -215.000000 15.000000
44.215866 -245.000000 445.000000 25.000000
44.257390 315.000000 105.000000 -65.000000
44.275918 35.000000 -285.000000 55.000000
44.315267 45.000000 -95.000000 -35.000000
44.376090 -325.000000 -255.000000 -75.000000
44.384565 -75.000000 -275.000000 105.000000
44.425485 355.000000 115.000000 -65.000000
44.426689 -275.000000 -355.000000 25.000000
44.466077 -255.000000 -285.000000 5.000000
44.506152 -165.000000 425.000000 25.000000
44.507717 205.000000 -75.000000 -5.000000
44.523317 155.000000 145.000000 -75.000000
44.536571 265.000000 -435.000000 -45.000000
44.596596 215.000000 -115.000000 -5.000000
44.667244 335.000000 105.000000 45.000000
44.736184 -65.000000 -135.000000 -35.000000
44.771940 -185.000000 -55.000000 25.000000
44.779415 435.000000 145.000000 35.000000
44.782114 185.000000 -65.000000 -75.000000
44.782642 325.000000 -75.000000 -55.000000
44.819370 85.000000 55.000000 95.000000
44.842054 -205.000000 -125.000000 -45.000000
44.850488 -305.000000 -115.000000 -15.000000
44.850717 175.000000 -335.000000 -95.000000
44.890138 205.000000 -385.000000 5.000000
44.891198 -455.000000 305.000000 35.000000
44.916182 -385.000000 -415.000000 -75.000000
44.974107 395.000000 165.000000 15.000000
45.005120 135.000000 335.000000 45.000000
45.019161 65.000000 -185.000000 -45.000000
45.073237 155.000000 355.000000 -55.000000
45.202835 -115.000000 -175.000000 -5.000000
45.250856 105.000000 165.000000 65.000000
45.271506 -375.000000 185.000000 -45.000000
45.273744 -5.000000 -195.000000 45.000000
45.349501 405.000000 -285.000000 -55.000000
45.385628 -245.000000 -115.000000 -65.000000
45.386922 395.000000 245.000000 -75.000000
45.478037 -85.000000 -285.000000 5.000000
45.484454 45.000000 235.000000 25.000000
45.492713 185.000000 -95.000000 15.000000
45.497597 -125.000000 295.000000 85.000000
45.513238 -65.000000 65.000000 75.000000
45.541040 -335.000000 -305.000000 -15.000000
45.557057 265.000000 -75.000000 -5.000000
45.612573 315.000000 -275.000000 75.000000
45.719077 405.000000 375.000000 65.000000
45.798945 415.000000 15.000000 25.000000
45.804652 355.000000 -175.000000 105.000000
45.819387 405.000000 415.000000 15.000000
45.925251 -25.000000 25.000000 75.000000
45.951143 65.000000 -275.000000 -45.000000
45.995882 335.000000 -335.000000 55.000000
46.014500 385.000000 175.000000 -45.000000
46.073434 335.000000 -45.000000 5.000000
46.120316 -195.000000 -25.000000 35.000000
46.129994 95.000000 -295.000000 95.000000
46.160844 205.000000 -35.000000 -25.000000
46.172940 -255.000000 -405.000000 45.000000
46.365655 -255.000000 285.000000 -75.000000
46.412453 -25.000000 85.000000 65.000000
46.465838 -405.000000 -235.000000 -15.000000
46.655787 75.000000 145.000000 -45.000000
46.665566 -225.000000 365.000000 -15.000000
46.678745 -335.000000 445.000000 45.000000
46.679505 215.000000 -75.000000 -25.000000
46.796280 215.000000 -245.000000 -75.000000
46.835605 85.000000 305.000000 -45.000000
46.842842 -165.000000 -125.000000 25.000000
46.930778 -345.000000 -425.000000 25.000000
46.939444 -425.000000 -385.000000 85.000000
46.997118 -355.000000 435.000000 55.000000
46.999548 -185.000000 355.000000 25.000000
47.049906 -95.000000 -405.000000 -95.000000
47.061066 -15.000000 315.000000 35.000000
47.081798 415.000000 -85.000000 45.000000
47.143853 -385.000000 405.000000 15.000000
47.175909 -145.000000 385.000000 15.000000
47.182804 65.000000 365.000000 65.000000
47.189063 -285.000000 -65.000000 -55.000000
47.220009 -75.000000 -5.000000 -45.000000
47.244310 315.000000 -175.000000 15.000000
47.284518 -295.000000 185.000000 45.000000
47.312858 205.000000 265.000000 -25.000000
47.337993 -455.000000 255.000000 -55.000000
47.357072 145.000000 -155.000000 95.000000
47.410348 -85.000000 75.000000 -45.000000
47.452854 345.000000 445.000000 85.000000
47.474130 165.000000 255.000000 -35.000000
47.487330 -325.000000 -225.000000 -65.000000
47.506404 155.000000 -125.000000 5.000000
47.508433 -435.000000 125.000000 -75.000000
47.521366 -385.000000 15.000000 45.000000
47.583525 -235.000000 225.000000 -65.000000
47.732551 15.000000 -415.000000 -75.000000
47.766202 -195.000000 -215.000000 65.000000
47.782423 -285.000000 -85.000000 15.000000
47.793552 165.000000 -445.000000 85.000000
47.954556 -35.000000 195.000000 15.000000
48.205643 195.000000 35.000000 -55.000000
48.306973 105.000000 35.000000 55.000000
48.333401 -5.000000 -295.000000 55.000000
48.369271 -165.000000 165.000000 25.000000
48.388554 -265.000000 415.000000 -5.000000
48.407379 185.000000 -115.000000 35.000000
48.407566 -145.000000 -265.000000 -25.000000
48.470173 -105.000000 -5.000000 -65.000000
48.486200 -45.000000 215.000000 -55.000000
48.506250 -275.000000 105.000000 -45.000000
48.511380 -115.000000 325.000000 -15.000000
48.519401 -265.000000 -335.000000 -35.000000
48.553054 -395.000000 -75.000000 -65.000000
48.573262 235.000000 -265.000000 -5.000000
48.575499 -385.000000 45.000000 35.000000
48.585459 385.000000 355.000000 95.000000
48.717447 -165.000000 -435.000000 45.000000
48.719238 125.000000 -285.000000 35.000000
48.746538 55.000000 255.000000 75.000000
48.816762 75.000000 275.000000 85.000000
48.856907 105.000000 85.000000 -15.000000
48.886063 -125.000000 55.000000 15.000000
49.002117 -215.000000 305.000000 -55.000000
49.039264 215.000000 155.000000 -65.000000
49.074412 -285.000000 225.000000 5.000000
49.113554 -195.000000 225.000000 -15.000000
49.271885 5.000000 -405.000000 55.000000
49.351393 -45.000000 -405.000000 -65.000000
49.671662 -425.000000 245.000000 45.000000
49.679735 -295.000000 375.000000 95.000000
49.719980 -115.000000 -295.000000 -65.000000
49.829329 -125.000000 315.000000 -5.000000
49.841084 -215.000000 -415.000000 65.000000
49.882571 285.000000 425.000000 55.000000
49.948915 -325.000000 -5.000000 -15.000000
49.949224 -415.000000 -65.000000 75.000000
50.040034 405.000000 -85.000000 -5.000000
50.156367 -405.000000 -445.000000 85.000000
50.157988 5.000000 395.000000 35.000000
50.384415 -115.000000 -255.000000 35.000000
50.385565 345.000000 65.000000 -65.000000
50.533346 135.000000 -405.000000 25.000000
50.534859 285.000000 -225.000000 -85.000000
50.541713 115.000000 375.000000 55.000000
50.641993 -385.000000 275.000000 5.000000
50.790006 225.000000 25.000000 -55.000000
50.821085 -215.000000 55.000000 -65.000000
50.823088 135.000000 435.000000 95.000000
50.873510 -385.000000 25.000000 15.000000
50.898725 -55.000000 65.000000 -85.000000
50.929335 -205.000000 115.000000 15.000000
50.969088 255.000000 135.000000 25.000000
51.142212 -305.000000 155.000000 45.000000
51.143166 155.000000 315.000000 55.000000
51.146289 -345.000000 75.000000 -95.000000
51.160468 25.000000 305.000000 75.000000
51.210427 235.000000 105.000000 -65.000000
51.224990 -205.000000 245.000000 85.000000
51.248991 45.000000 175.000000 -25.000000
51.275729 355.000000 -155.000000 -35.000000
51.368273 335.000000 235.000000 15.000000
51.440334 -375.000000 445.000000 25.000000
51.503891 185.000000 -305.000000 15.000000
51.504943 -75.000000 355.000000 25.000000
51.507352 -275.000000 375.000000 -45.000000
51.584900 -365.000000 405.000000 -25.000000
51.622628 205.000000 -115.000000 25.000000
51.693988 -265.000000 -445.000000 -95.000000
51.731082 25.000000 -315.000000 65.000000
51.735156 -365.000000 -65.000000 65.000000
51.783243 155.000000 455.000000 75.000000
51.784808 -45.000000 -305.000000 -15.000000
51.814563 -265.000000 275.000000 55.000000
51.837326 45.000000 315.000000 -45.000000
51.848719 35.000000 135.000000 -15.000000
51.855486 245.000000 -215.000000 -75.000000
51.858538 -255.000000 345.000000 25.000000
51.964069 -225.000000 75.000000 85.000000
51.964607 -215.000000 25.000000 85.000000
51.971948 -105.000000 -145.000000 -65.000000
52.117963 -285.000000 385.000000 15.000000
52.122482 -95.000000 -65.000000 85.000000
52.169201 -125.000000 -335.000000 5.000000
52.191029 -195.000000 -315.000000 -15.000000
52.193726 -155.000000 45.000000 95.000000
52.232035 -215.000000 -195.000000 15.000000
52.238702 265.000000 275.000000 15.000000
52.242589 -265.000000 -225.000000 -25.000000
52.261489 15.000000 -425.000000 25.000000
52.280084 435.000000 -25.000000 45.000000
52.347230 -245.000000 -285.000000 85.000000
52.468328 -395.000000 165.000000 55.000000
52.502999 -285.000000 -405.000000 35.000000
52.524854 75.000000 -245.000000 -85.000000
52.525007 -435.000000 -125.000000 -15.000000
52.538884 325.000000 355.000000 45.000000
52.546587 355.000000 -315.000000 -55.000000
52.575216 185.000000 205.000000 105.000000
52.581505 -315.000000 -65.000000 95.000000
52.585628 405.000000 445.000000 105.000000
52.602476 -345.000000 265.000000 15.000000
52.627698 395.000000 -415.000000 65.000000
52.676894 155.000000 -95.000000 -95.000000
52.680271 355.000000 -25.000000 -25.000000
52.723121 255.000000 -155.000000 65.000000
52.723200 -85.000000 15.000000 105.000000
52.755391 -35.000000 -415.000000 -85.000000
52.771865 -305.000000 215.000000 25.000000
52.805891 5.000000 -175.000000 75.000000
52.831641 -205.000000 -375.000000 65.000000
52.850841 -345.000000 375.000000 5.000000
52.852709 415.000000 -445.000000 75.000000
52.896653 -305.000000 -235.000000 25.000000
53.020634 365.000000 285.000000 65.000000
53.061691 -445.000000 145.000000 85.000000
53.147298 -225.000000 -415.000000 95.000000
53.223374 -135.000000 125.000000 -85.000000
53.259046 -145.000000 135.000000 -25.000000
53.268650 285.000000 -425.000000 -15.000000
53.279608 -155.000000 245.000000 45.000000
53.281247 115.000000 -65.000000 -55.000000
53.319701 -365.000000 275.000000 -35.000000
53.363250 -275.000000 -35.000000 75.000000
53.368633 -365.000000 -295.000000 -35.000000
53.435259 455.000000 455.000000 15.000000
53.506389 235.000000 195.000000 65.000000
53.545673 165.000000 -5.000000 -35.000000
53.565357 -175.000000 -165.000000 85.000000
53.574406 -205.000000 -55.000000 -35.000000
53.738355 -295.000000 -425.000000 -85.000000
53.778905 -385.000000 -195.000000 -25.000000
53.917356 -315.000000 -205.000000 -15.000000
54.087054 245.000000 75.000000 -15.000000
54.324695 305.000000 -95.000000 35.000000
54.326495 -415.000000 -165.000000 -95.000000
54.337975 -285.000000 145.000000 15.000000
54.378031 -85.000000 -165.000000 -25.000000
54.396136 -225.000000 315.000000 25.000000
54.507585 -55.000000 395.000000 35.000000
54.554406 55.000000 155.000000 -75.000000
54.579067 295.000000 -385.000000 -55.000000
54.683410 -345.000000 -215.000000 25.000000
54.693859 205.000000 295.000000 -5.000000
54.715308 145.000000 165.000000 -45.000000
54.767950 -425.000000 155.000000 -85.000000
54.852482 125.000000 -215.000000 -75.000000
54.898265 395.000000 -355.000000 -55.000000
54.911369 335.000000 -425.000000 -15.000000
55.078238 435.000000 15.000000 -55.000000
55.087469 145.000000 -225.000000 -55.000000
55.088267 415.000000 -205.000000 -75.000000
55.092765 -55.000000 355.000000 95.000000
55.100041 -65.000000 445.000000 75.000000
55.166147 -365.000000 345.000000 45.000000
55.323575 -55.000000 -385.000000 25.000000
55.333128 -385.000000 -295.000000 -45.000000
55.462353 235.000000 -205.000000 5.000000
55.487463 -295.000000 -95.000000 65.000000
55.514645 255.000000 85.000000 5.000000
55.517194 -85.000000 405.000000 45.000000
55.521670 -145.000000 -175.000000 5.000000
55.611845 -155.000000 455.000000 15.000000
55.626418 -425.000000 65.000000 85.000000
55.709585 -295.000000 -195.000000 55.000000
55.773561 -315.000000 -5.000000 25.000000
55.814875 145.000000 445.000000 95.000000
55.850990 295.000000 355.000000 -95.000000
55.977840 435.000000 305.000000 -65.000000
56.007805 -215.000000 185.000000 -55.000000
56.061634 -165.000000 235.000000 55.000000
56.067276 445.000000 -195.000000 -15.000000
56.109801 -355.000000 185.000000 -55.000000
56.211759 205.000000 -355.000000 -15.000000
56.298941 135.000000 -245.000000 -95.000000
56.401370 275.000000 75.000000 55.000000
56.520951 -15.000000 -345.000000 -45.000000
56.582521 195.000000 105.000000 35.000000
56.622608 295.000000 25.000000 55.000000
56.656155 365.000000 -355.000000 -65.000000
56.685671 -335.000000 -35.000000 -35.000000
56.854920 -125.000000 -185.000000 -45.000000
56.866706 35.000000 35.000000 -15.000000
56.900644 145.000000 435.000000 -35.000000
56.963736 435.000000 -305.000000 -25.000000
56.975400 145.000000 165.000000 -65.000000
57.031851 395.000000 345.000000 5.000000
57.049706 315.000000 175.000000 -95.000000
57.072944 -345.000000 -355.000000 105.000000
57.098811 -365.000000 -415.000000 -15.000000
57.124226 255.000000 295.000000 75.000000
57.141000 405.000000 -285.000000 -5.000000
57.228157 255.000000 85.000000 -5.000000
57.277611 -135.000000 25.000000 15.000000
57.293438 -335.000000 185.000000 65.000000
57.376236 195.000000 -285.000000 95.000000
57.394948 -135.000000 -115.000000 -75.000000
57.527429 435.000000 -165.000000 95.000000
57.553781 -425.000000 -335.000000 15.000000
57.569952 -235.000000 -45.000000 -65.000000
57.683188 -345.000000 205.000000 -75.000000
57.823315 -355.000000 -435.000000 5.000000
57.859615 -445.000000 -115.000000 65.000000
57.877405 75.000000 315.000000 -65.000000
57.960643 -5.000000 125.000000 35.000000
58.038368 -135.000000 -25.000000 75.000000
58.078619 -355.000000 285.000000 -35.000000
58.096718 65.000000 415.000000 35.000000
58.106643 345.000000 95.000000 -45.000000
58.139209 -435.000000 -105.000000 -85.000000
58.153725 -295.000000 395.000000 85.000000
58.177513 205.000000 395.000000 -25.000000
58.255085 -205.000000 -275.000000 -75.000000
58.303936 -75.000000 -365.000000 -75.000000
58.505691 -355.000000 -395.000000 85.000000
58.575224 245.000000 -25.000000 85.000000
58.656508 195.000000 35.000000 45.000000
58.694942 45.000000 -45.000000 75.000000
58.771731 -35.000000 -315.000000 -65.000000
58.775177 35.000000 395.000000 45.000000
58.841030 -15.000000 -435.000000 25.000000
58.950203 -235.000000 -375.000000 -15.000000
59.108567 -65.000000 -115.000000 95.000000
59.251200 305.000000 15.000000 -15.000000
59.311727 345.000000 -395.000000 -95.000000
59.373683 375.000000 75.000000 65.000000
59.385531 185.000000 -325.000000 5.000000
59.407152 295.000000 245.000000 -5.000000
59.450694 265.000000 175.000000 15.000000
59.472117 75.000000 -115.000000 25.000000
59.477260 -305.000000 185.000000 -5.000000
59.552256 -295.000000 -175.000000 15.000000
59.606998 -355.000000 -95.000000 45.000000
59.720796 5.000000 375.000000 -75.000000
59.795925 -295.000000 95.000000 -85.000000
59.888082 75.000000 305.000000 -35.000000
60.012103 -375.000000 105.000000 -65.000000
60.091087 305.000000 -195.000000 -95.000000
60.113028 325.000000 -365.000000 55.000000
60.116061 -395.000000 35.000000 95.000000
60.127473 -255.000000 -385.000000 55.000000
60.133667 425.000000 65.000000 105.000000
60.202443 -265.000000 75.000000 55.000000
60.296193 -385.000000 235.000000 -5.000000
60.308734 375.000000 385.000000 15.000000
60.417683 65.000000 -395.000000 45.000000
60.431449 -445.000000 -215.000000 -25.000000
60.497222 -175.000000 -425.000000 -95.000000
60.518631 255.000000 -105.000000 5.000000
60.650905 55.000000 205.000000 105.000000
60.653190 -225.000000 -155.000000 95.000000
60.723149 -275.000000 -385.000000 -5.000000
60.750506 -225.000000 -75.000000 65.000000
60.769388 -385.000000 285.000000 -55.000000
60.795673 -435.000000 -45.000000 25.000000
60.829909 -425.000000 -405.000000 55.000000
60.834408 385.000000 105.000000 45.000000
60.858988 -115.000000 -375.000000 -5.000000
60.950531 15.000000 -95.000000 -75.000000
60.954819 -15.000000 -405.000000 25.000000
60.965194 25.000000 -15.000000 65.000000
61.099463 -405.000000 365.000000 -55.000000
61.106787 -445.000000 -455.000000 -15.000000
61.140057 -185.000000 205.000000 85.000000
61.157557 -405.000000 -225.000000 -65.000000
61.163308 -145.000000 -15.000000 5.000000
61.176743 335.000000 305.000000 -45.000000
61.197926 225.000000 355.000000 25.000000
61.273354 275.000000 455.000000 55.000000
61.333242 15.000000 -185.000000 15.000000
61.336154 -255.000000 -415.000000 15.000000
61.354339 -335.000000 245.000000 65.000000
61.465083 -35.000000 -145.000000 -45.000000
61.534641 -155.000000 185.000000 65.000000
61.562846 165.000000 275.000000 85.000000
61.581243 75.000000 345.000000 95.000000
61.628840 -315.000000 235.000000 85.000000
61.711757 -105.000000 -205.000000 -65.000000
61.749559 285.000000 185.000000 75.000000
61.765149 255.000000 445.000000 75.000000
61.766110 -115.000000 -405.000000 55.000000
61.784388 35.000000 395.000000 -25.000000
61.857342 -355.000000 185.000000 85.000000
62.024585 -35.000000 -425.000000 85.000000
62.074975 145.000000 -185.000000 75.000000
62.155902 275.000000 -395.000000 75.000000
62.391539 -415.000000 -105.000000 45.000000
62.456545 335.000000 -415.000000 35.000000
62.511959 385.000000 -45.000000 -65.000000
62.570877 -435.000000 -395.000000 105.000000
62.639517 -205.000000 5.000000 25.000000
62.649337 -375.000000 355.000000 65.000000
62.752843 65.000000 225.000000 55.000000
62.788328 -445.000000 -245.000000 -95.000000
62.790671 -285.000000 135.000000 65.000000
63.021819 295.000000 405.000000 105.000000
63.090955 -425.000000 -205.000000 -75.000000
63.113833 -445.000000 135.000000 65.000000
63.323311 -445.000000 -205.000000 -5.000000
63.329486 65.000000 175.000000 -75.000000
63.336784 105.000000 35.000000 45.000000
63.386226 125.000000 -225.000000 -25.000000
63.415588 45.000000 225.000000 -55.000000
63.446394 -105.000000 365.000000 15.000000
63.476269 -185.000000 425.000000 45.000000
63.485384 385.000000 -215.000000 5.000000
63.501587 395.000000 325.000000 55.000000
63.605521 435.000000 305.000000 -45.000000
63.669578 -5.000000 -345.000000 95.000000
63.813000 -145.000000 -305.000000 -15.000000
63.892254 -455.000000 105.000000 5.000000
63.933161 195.000000 -275.000000 -15.000000
63.957004 15.000000 -175.000000 -35.000000
63.998453 435.000000 -75.000000 75.000000
64.078248 35.000000 315.000000 25.000000
64.080273 435.000000 395.000000 -85.000000
64.098616 85.000000 75.000000 -55.000000
64.120199 325.000000 -175.000000 65.000000
64.152916 255.000000 215.000000 -45.000000
64.154676 75.000000 -345.000000 -5.000000
64.189295 95.000000 405.000000 -55.000000
64.218874 -235.000000 325.000000 5.000000
64.231640 235.000000 415.000000 95.000000
64.264236 -105.000000 245.000000 75.000000
64.325700 235.000000 -75.000000 35.000000
64.419539 -75.000000 325.000000 -15.000000
64.505005 -425.000000 85.000000 95.000000
64.591875 -265.000000 -245.000000 -75.000000
64.654750 325.000000 -185.000000 -5.000000
64.664706 35.000000 275.000000 -45.000000
64.701528 -55.000000 -335.000000 65.000000
64.706407 -35.000000 -395.000000 -15.000000
64.736317 -415.000000 -55.000000 -35.000000
64.746520 -85.000000 415.000000 15.000000
64.800635 -125.000000 -405.000000 55.000000
64.815774 -105.000000 455.000000 -5.000000
64.822636 -215.000000 -115.000000 -35.000000
64.841164 -305.000000 -35.000000 95.000000
64.868433 115.000000 85.000000 -75.000000
64.934654 355.000000 115.000000 -25.000000
65.007745 -195.000000 -125.000000 65.000000
65.020310 -165.000000 -155.000000 15.000000
65.069316 415.000000 245.000000 -85.000000
65.080054 -365.000000 -315.000000 85.000000
65.084803 -405.000000 125.000000 -55.000000
65.126930 -335.000000 125.000000 65.000000
65.211175 375.000000 -315.000000 105.000000
65.347441 65.000000 365.000000 95.000000
65.376616 25.000000 315.000000 -5.000000
65.593026 -345.000000 -255.000000 -55.000000
65.671450 245.000000 295.000000 -25.000000
65.732512 -75.000000 -275.000000 -55.000000
65.753403 355.000000 -205.000000 105.000000
65.761577 -405.000000 215.000000 -95.000000
65.778518 -335.000000 365.000000 15.000000
65.800373 -35.000000 255.000000 -35.000000
65.889846 -25.000000 15.000000 -25.000000
65.963806 -335.000000 145.000000 95.000000
65.985966 -325.000000 -55.000000 -75.000000
66.014245 445.000000 -175.000000 5.000000
66.050781 435.000000 -85.000000 65.000000
66.065896 315.000000 -45.000000 -35.000000
66.113416 265.000000 355.000000 5.000000
66.208829 115.000000 -435.000000 45.000000
66.229872 -5.000000 -445.000000 25.000000
66.241068 425.000000 -15.000000 75.000000
66.252431 -315.000000 -105.000000 25.000000
66.261340 225.000000 195.000000 45.000000
66.284446 -335.000000 395.000000 -55.000000
66.307523 85.000000 115.000000 -85.000000
66.346119 -35.000000 385.000000 45.000000
66.359508 -115.000000 445.000000 -25.000000
66.426629 -205.000000 395.000000 75.000000
66.466617 405.000000 -355.000000 -85.000000
66.494753 145.000000 225.000000 5.000000
66.581514 175.000000 -145.000000 35.000000
66.590661 -415.000000 -165.000000 -95.000000
66.618679 355.000000 75.000000 -45.000000
66.692187 -305.000000 105.000000 85.000000
66.743312 235.000000 -125.000000 85.000000
66.826715 245.000000 95.000000 15.000000
66.864734 205.000000 425.000000 95.000000
66.940581 -75.000000 285.000000 -65.000000
67.017383 -15.000000 215.000000 55.000000
67.117100 -175.000000 355.000000 75.000000
67.147396 265.000000 35.000000 -65.000000
67.265132 445.000000 375.000000 -85.000000
67.281462 205.000000 -385.000000 -75.000000
67.380498 -255.000000 375.000000 45.000000
67.382542 -365.000000 215.000000 -45.000000
67.422456 -75.000000 185.000000 -5.000000
67.479825 -225.000000 -325.000000 75.000000
67.600350 -275.000000 -115.000000 35.000000
67.633566 155.000000 -145.000000 25.000000
67.786982 -155.000000 -125.000000 35.000000
67.824530 225.000000 -345.000000 65.000000
67.860385 75.000000 385.000000 85.000000
67.930078 -345.000000 -135.000000 -95.000000
67.930804 165.000000 75.000000 -45.000000
67.935312 435.000000 165.000000 25.000000
68.020717 135.000000 -405.000000 35.000000
68.045146 435.000000 -315.000000 -85.000000
68.067697 -115.000000 415.000000 75.000000
68.098318 -415.000000 45.000000 55.000000
68.099563 -375.000000 -415.000000 -5.000000
68.128729 265.000000 205.000000 95.000000
68.174683 -65.000000 -45.000000 55.000000
68.183322 -45.000000 -335.000000 35.000000
68.212544 105.000000 -185.000000 -55.000000
68.240998 -135.000000 145.000000 -35.000000
68.294708 -25.000000 -385.000000 105.000000
68.331009 235.000000 165.000000 15.000000
68.363147 -305.000000 305.000000 -65.000000
68.451336 435.000000 65.000000 25.000000
68.456238 -115.000000 -15.000000 -35.000000
68.504412 -25.000000 5.000000 -35.000000
68.601255 45.000000 305.000000 -45.000000
68.612479 195.000000 -225.000000 65.000000
68.613782 -175.000000 -415.000000 15.000000
68.648489 -255.000000 -385.000000 -45.000000
68.725279 125.000000 55.000000 75.000000
68.740034 -345.000000 -395.000000 75.000000
68.762873 -145.000000 205.000000 5.000000
68.804617 105.000000 235.000000 -35.000000
68.987780 245.000000 365.000000 -65.000000
69.098883 -275.000000 -435.000000 -45.000000
69.203110 225.000000 105.000000 -45.000000
69.265274 -285.000000 -435.000000 -75.000000
69.287661 -215.000000 145.000000 15.000000
69.354230 275.000000 -95.000000 35.000000
69.459799 -205.000000 -425.000000 -5.000000
69.526308 35.000000 85.000000 15.000000
69.534860 -155.000000 155.000000 -55.000000
69.635004 355.000000 315.000000 15.000000
69.645587 -215.000000 425.000000 85.000000
69.654238 -145.000000 415.000000 35.000000
69.706921 105.000000 -345.000000 75.000000
69.722054 245.000000 165.000000 5.000000
69.761753 -285.000000 -165.000000 -55.000000
69.771555 -345.000000 215.000000 -95.000000
69.810019 155.000000 -385.000000 85.000000
69.818859 365.000000 435.000000 55.000000
69.820116 -235.000000 -445.000000 35.000000
69.834663 415.000000 -135.000000 5.000000
69.862514 -5.000000 145.000000 -45.000000
69.866647 -415.000000 105.000000 -75.000000
69.967228 15.000000 -445.000000 95.000000
69.980065 -215.000000 345.000000 25.000000
69.989073 -115.000000 85.000000 -75.000000
69.994550 -225.000000 -305.000000 -15.000000
69.996497 185.000000 135.000000 35.000000
70.063044 -125.000000 135.000000 -75.000000
70.076609 -395.000000 135.000000 105.000000
70.135953 195.000000 5.000000 85.000000
70.147540 415.000000 -415.000000 -15.000000
70.272806 -135.000000 -295.000000 -95.000000
70.280874 255.000000 355.000000 45.000000
70.291431 375.000000 395.000000 15.000000
70.311263 115.000000 365.000000 105.000000
70.348286 -385.000000 -35.000000 5.000000
70.403772 -235.000000 -225.000000 -45.000000
70.452542 85.000000 125.000000 -55.000000
70.574101 85.000000 -95.000000 -25.000000
70.577871 -145.000000 175.000000 -45.000000
70.615104 45.000000 255.000000 55.000000
70.726848 325.000000 -355.000000 15.000000
70.742391 135.000000 195.000000 -25.000000
70.763378 -235.000000 -15.000000 75.000000
70.855904 -415.000000 295.000000 85.000000
70.878045 405.000000 -445.000000 95.000000
70.912056 -395.000000 -55.000000 45.000000
70.985962 65.000000 15.000000 -35.000000
70.986218 -135.000000 -185.000000 -15.000000
71.068700 -155.000000 -395.000000 5.000000
71.082421 155.000000 -95.000000 65.000000
71.106050 55.000000 115.000000 65.000000
71.281166 285.000000 -75.000000 35.000000
71.293994 -265.000000 375.000000 95.000000
71.302609 345.000000 -415.000000 -35.000000
71.310807 -95.000000 -135.000000 5.000000
71.328072 -355.000000 385.000000 35.000000
71.341106 -245.000000 -215.000000 65.000000
71.356953 -335.000000 -405.000000 5.000000
71.402064 345.000000 25.000000 95.000000
71.419860 -285.000000 -55.000000 85.000000
71.547611 -55.000000 -225.000000 15.000000
71.607977 85.000000 285.000000 25.000000
71.634757 -335.000000 -255.000000 25.000000
71.679489 -55.000000 425.000000 95.000000
71.703391 -245.000000 375.000000 35.000000
71.754239 -165.000000 235.000000 -45.000000
71.765139 -95.000000 25.000000 -5.000000
71.774500 255.000000 65.000000 -65.000000
71.808309 195.000000 -365.000000 15.000000
71.893035 15.000000 5.000000 95.000000
71.912422 -275.000000 215.000000 -55.000000
71.923339 -445.000000 -185.000000 -75.000000
72.028809 -305.000000 -15.000000 -95.000000
72.069869 -135.000000 -345.000000 -85.000000
72.094767 -175.000000 -15.000000 65.000000
72.126397 -215.000000 -95.000000 -35.000000
72.209169 195.000000 -135.000000 75.000000
72.431196 -355.000000 -235.000000 -55.000000
72.465397 -135.000000 -95.000000 45.000000
72.471302 -195.000000 335.000000 65.000000
72.544154 -195.000000 -195.000000 -5.000000
72.579902 -395.000000 -335.000000 -75.000000
72.582933 -445.000000 255.000000 75.000000
72.699139 -235.000000 345.000000 -55.000000
72.716440 -275.000000 -405.000000 65.000000
72.727612 -445.000000 45.000000 -85.000000
72.737108 375.000000 -95.000000 45.000000
72.780049 -305.000000 175.000000 35.000000
72.909158 85.000000 165.000000 -55.000000
73.035943 365.000000 -275.000000 -95.000000
73.043488 315.000000 175.000000 -15.000000
73.074407 415.000000 -355.000000 95.000000
73.313652 245.000000 355.000000 -85.000000
73.321783 445.000000 195.000000 -55.000000
73.360566 275.000000 115.000000 65.000000
73.369912 325.000000 -455.000000 65.000000
73.391235 -135.000000 85.000000 -15.000000
73.478163 215.000000 -375.000000 95.000000
73.486914 355.000000 395.000000 5.000000
73.595354 165.000000 425.000000 -5.000000
73.598239 375.000000 -295.000000 -55.000000
73.665421 325.000000 375.000000 15.000000
73.699149 -155.000000 415.000000 -85.000000
73.731690 -5.000000 135.000000 55.000000
73.779115 385.000000 85.000000 95.000000
73.784707 65.000000 -125.000000 -85.000000
73.877031 -365.000000 345.000000 95.000000
73.915626 -85.000000 -305.000000 -15.000000
73.925036 185.000000 115.000000 75.000000
73.951688 345.000000 375.000000 55.000000
74.084488 -405.000000 355.000000 -85.000000
74.103510 305.000000 395.000000 105.000000
74.140832 -55.000000 -225.000000 -25.000000
74.155152 -385.000000 -265.000000 -85.000000
74.155661 445.000000 385.000000 95.000000
74.273836 175.000000 125.000000 45.000000
74.278945 205.000000 455.000000 85.000000
74.284732 -445.000000 315.000000 35.000000
74.477026 -355.000000 -365.000000 -65.000000
74.644215 -355.000000 105.000000 -25.000000
74.652201 -255.000000 5.000000 -45.000000
74.666746 -175.000000 -125.000000 -15.000000
74.742158 -45.000000 295.000000 -85.000000
74.868475 95.000000 -415.000000 35.000000
74.900610 335.000000 -85.000000 75.000000
74.939120 315.000000 -325.000000 -95.000000
75.010727 -295.000000 -325.000000 25.000000
75.013210 255.000000 455.000000 -75.000000
75.064538 255.000000 -365.000000 -25.000000
75.105070 -325.000000 -5.000000 -45.000000
75.140674 245.000000 445.000000 75.000000
75.176777 365.000000 -285.000000 45.000000
75.260665 -115.000000 -35.000000 -25.000000
75.381442 -445.000000 235.000000 -15.000000
75.384863 355.000000 115.000000 -5.000000
75.435987 -175.000000 365.000000 95.000000
75.476178 -125.000000 -425.000000 -65.000000
75.501126 -195.000000 275.000000 5.000000
75.571984 -195.000000 -215.000000 -65.000000
75.610995 -195.000000 305.000000 45.000000
75.636033 -5.000000 -5.000000 65.000000
75.670598 185.000000 395.000000 -35.000000
75.681755 -395.000000 -75.000000 -85.000000
75.692490 -175.000000 105.000000 -15.000000
75.747932 75.000000 -135.000000 -15.000000
75.861708 85.000000 315.000000 45.000000
76.049287 255.000000 265.000000 75.000000
76.093901 335.000000 305.000000 -45.000000
76.190314 -395.000000 25.000000 35.000000
76.236789 315.000000 335.000000 -55.000000
76.263685 -315.000000 355.000000 -25.000000
76.374471 365.000000 85.000000 -65.000000
76.440852 385.000000 -385.000000 -35.000000
76.536546 55.000000 355.000000 95.000000
76.621316 25.000000 -65.000000 35.000000
76.629732 295.000000 -255.000000 85.000000
76.738313 -295.000000 -5.000000 35.000000
76.780002 -395.000000 225.000000 -85.000000
76.802934 95.000000 25.000000 -55.000000
76.838169 -135.000000 -185.000000 85.000000
76.849320 -165.000000 105.000000 -75.000000
76.888167 265.000000 355.000000 -25.000000
76.977303 -85.000000 -195.000000 25.000000
77.029715 15.000000 225.000000 65.000000
77.065090 -295.000000 355.000000 75.000000
77.067645 -435.000000 245.000000 15.000000
77.131118 -295.000000 315.000000 15.000000
77.171683 -285.000000 -185.000000 -5.000000
77.177122 185.000000 -175.000000 -45.000000
77.217464 -135.000000 185.000000 65.000000
77.313168 115.000000 85.000000 -85.000000
77.313174 -455.000000 115.000000 -45.000000
77.347135 335.000000 275.000000 25.000000
77.451615 -315.000000 335.000000 -75.000000
77.499768 -5.000000 35.000000 35.000000
77.524509 -125.000000 5.000000 -85.000000
77.540510 25.000000 165.000000 45.000000
77.562144 305.000000 -165.000000 55.000000
77.611104 -225.000000 -355.000000 -35.000000
77.645732 55.000000 -315.000000 -95.000000
77.721758 385.000000 75.000000 -75.000000
77.742077 -225.000000 45.000000 -85.000000
77.790533 345.000000 -395.000000 -35.000000
77.804301 225.000000 65.000000 105.000000
77.804599 -195.000000 255.000000 15.000000
77.862285 415.000000 -435.000000 -45.000000
77.900708 -395.000000 -305.000000 15.000000
77.905764 -175.000000 175.000000 5.000000
77.954308 95.000000 385.000000 -5.000000
78.142441 -185.000000 95.000000 55.000000
78.173883 -125.000000 175.000000 -55.000000
78.202504 385.000000 445.000000 65.000000
78.292054 105.000000 -435.000000 55.000000
78.296495 -345.000000 -225.000000 55.000000
78.307006 45.000000 -5.000000 -15.000000
78.341109 -95.000000 -135.000000 -75.000000
78.381068 355.000000 -245.000000 -5.000000
78.397684 -165.000000 -385.000000 5.000000
78.417009 -155.000000 -425.000000 -25.000000
78.431450 435.000000 -365.000000 35.000000
78.454755 -305.000000 -375.000000 -45.000000
78.490732 5.000000 375.000000 -75.000000
78.500829 -165.000000 395.000000 65.000000
78.669377 -5.000000 385.000000 -5.000000
78.691502 -255.000000 -55.000000 85.000000
78.722178 245.000000 325.000000 35.000000
78.741998 95.000000 285.000000 -25.000000
78.747051 145.000000 -155.000000 45.000000
78.790561 -145.000000 265.000000 75.000000
78.802619 45.000000 45.000000 -85.000000
78.807436 -245.000000 -275.000000 55.000000
78.906469 -25.000000 -195.000000 -65.000000
78.914703 -185.000000 -315.000000 -65.000000
78.969954 355.000000 -135.000000 15.000000
78.997842 235.000000 -5.000000 -25.000000
79.039514 -215.000000 145.000000 15.000000
79.043279 385.000000 305.000000 -55.000000
79.098345 -355.000000 335.000000 85.000000
79.137409 -455.000000 -255.000000 35.000000
79.154125 -315.000000 225.000000 -55.000000
79.170702 425.000000 265.000000 95.000000
79.198658 285.000000 -305.000000 -35.000000
79.214836 375.000000 -335.000000 -25.000000
79.232959 -65.000000 -335.000000 45.000000
79.288740 45.000000 215.000000 -5.000000
79.295879 45.000000 95.000000 5.000000
79.309041 265.000000 -85.000000 -55.000000
79.404213 -45.000000 335.000000 -75.000000
79.465179 -115.000000 425.000000 -25.000000
79.468489 -185.000000 -55.000000 -95.000000
79.607665 325.000000 -375.000000 -15.000000
79.627167 -335.000000 385.000000 -45.000000
79.636790 -35.000000 -85.000000 85.000000
79.866875 -375.000000 95.000000 -35.000000
79.894335 -105.000000 175.000000 -85.000000
79.904773 385.000000 55.000000 -55.000000
79.944595 -345.000000 15.000000 -5.000000
79.961485 -125.000000 -445.000000 -35.000000
79.981543 -105.000000 235.000000 65.000000
79.982942 135.000000 -125.000000 5.000000
79.992907 -5.000000 305.000000 5.000000
80.010602 215.000000 25.000000 85.000000
80.105117 -235.000000 345.000000 65.000000
80.115937 -95.000000 -185.000000 65.000000
80.140247 385.000000 -25.000000 -65.000000
80.200926 -255.000000 205.000000 -65.000000
80.261563 -215.000000 -305.000000 35.000000
80.307034 -25.000000 -275.000000 35.000000
80.502327 245.000000 -395.000000 -75.000000
80.512000 75.000000 -65.000000 85.000000
80.753862 445.000000 25.000000 25.000000
80.770046 385.000000 375.000000 -75.000000
80.910653 -155.000000 205.000000 -5.000000
80.952047 115.000000 -85.000000 -75.000000
81.020075 -235.000000 55.000000 55.000000
81.033927 -285.000000 -95.000000 75.000000
81.068564 115.000000 -125.000000 -25.000000
81.081802 195.000000 435.000000 -45.000000
81.105818 -235.000000 255.000000 -15.000000
81.235905 -235.000000 -305.000000 -15.000000
81.256336 455.000000 95.000000 -85.000000
81.271881 265.000000 -105.000000 25.000000
81.272146 205.000000 45.000000 5.000000
81.370432 -165.000000 -255.000000 -95.000000
81.370779 425.000000 -15.000000 -45.000000
81.598629 -65.000000 -255.000000 15.000000
81.640590 35.000000 145.000000 5.000000
81.691218 155.000000 115.000000 -65.000000
81.814749 225.000000 -5.000000 -65.000000
81.841601 -5.000000 -225.000000 55.000000
81.856252 45.000000 -155.000000 35.000000
81.875714 -275.000000 -205.000000 -15.000000
81.978971 55.000000 195.000000 15.000000
82.021875 -25.000000 -185.000000 75.000000
82.028966 -335.000000 -395.000000 -45.000000
82.054053 95.000000 255.000000 25.000000
82.074729 -275.000000 -15.000000 25.000000
82.096443 -35.000000 15.000000 65.000000
82.139994 -365.000000 -85.000000 85.000000
82.159021 -325.000000 5.000000 5.000000
82.191765 -45.000000 -195.000000 45.000000
82.232978 305.000000 -245.000000 95.000000
82.373352 125.000000 145.000000 -15.000000
82.399809 -15.000000 -295.000000 -15.000000
82.859751 115.000000 435.000000 -5.000000
82.893294 -135.000000 245.000000 -25.000000
82.896310 375.000000 -345.000000 -35.000000
82.943416 -445.000000 365.000000 -5.000000
82.949296 -405.000000 255.000000 95.000000
83.004127 75.000000 135.000000 -5.000000
83.013323 -335.000000 265.000000 35.000000
83.037322 445.000000 -165.000000 -75.000000
83.185871 425.000000 -155.000000 -35.000000
83.191577 285.000000 -285.000000 105.000000
83.219853 125.000000 -345.000000 85.000000
83.283016 175.000000 375.000000 -5.000000
83.291600 -305.000000 155.000000 -45.000000
83.453376 -225.000000 95.000000 -65.000000
83.473109 -135.000000 15.000000 -45.000000
83.491508 -455.000000 255.000000 95.000000
83.541981 45.000000 -215.000000 85.000000
83.669832 405.000000 -175.000000 95.000000
83.709430 305.000000 65.000000 55.000000
83.726503 55.000000 -455.000000 75.000000
83.736327 145.000000 35.000000 35.000000
83.831140 -225.000000 -265.000000 -75.000000
83.857176 -85.000000 415.000000 15.000000
83.861866 -145.000000 425.000000 -95.000000
83.875066 -415.000000 385.000000 -15.000000
83.949351 -125.000000 -245.000000 65.000000
83.999139 295.000000 85.000000 -5.000000
84.177910 -325.000000 -265.000000 55.000000
84.183362 225.000000 325.000000 -45.000000
84.223348 -245.000000 -25.000000 -65.000000
84.283762 425.000000 145.000000 25.000000
84.292559 25.000000 -105.000000 -55.000000
84.300309 -15.000000 -255.000000 -45.000000
84.305027 -225.000000 -45.000000 15.000000
84.313780 -195.000000 75.000000 85.000000
84.314575 45.000000 -95.000000 5.000000
84.340996 155.000000 265.000000 -15.000000
84.346328 405.000000 155.000000 -25.000000
84.444058 365.000000 -185.000000 -15.000000
84.507143 -115.000000 -335.000000 65.000000
84.535628 -185.000000 -335.000000 65.000000
84.607256 -435.000000 -325.000000 -5.000000
84.652770 -265.000000 -55.000000 -55.000000
84.677877 425.000000 -385.000000 35.000000
84.684330 225.000000 -75.000000 -65.000000
84.708672 -345.000000 325.000000 45.000000
84.759593 -245.000000 315.000000 95.000000
84.761481 -195.000000 65.000000 55.000000
84.854782 15.000000 -265.000000 35.000000
84.917797 -415.000000 -415.000000 85.000000
84.961816 -245.000000 -65.000000 -45.000000
85.001075 -95.000000 145.000000 105.000000
85.043428 -385.000000 -85.000000 -75.000000
85.061767 35.000000 -155.000000 -35.000000
85.062421 -15.000000 -255.000000 -25.000000
85.097876 325.000000 65.000000 -85.000000
85.149507 -355.000000 15.000000 5.000000
85.334631 -75.000000 435.000000 35.000000
85.351952 -195.000000 -195.000000 -35.000000
85.388122 -105.000000 75.000000 -65.000000
85.408916 95.000000 275.000000 -5.000000
85.427649 175.000000 425.000000 65.000000
85.485409 435.000000 -175.000000 -35.000000
85.490471 295.000000 -165.000000 55.000000
85.595704 -405.000000 45.000000 -75.000000
85.598138 -35.000000 -25.000000 -35.000000
85.656363 -265.000000 -195.000000 55.000000
85.930909 -375.000000 365.000000 75.000000
86.001397 145.000000 -145.000000 -75.000000
86.096900 185.000000 245.000000 -25.000000
86.125345 -285.000000 445.000000 -15.000000
86.196671 -455.000000 335.000000 -45.000000
86.283662 325.000000 365.000000 -65.000000
86.378040 25.000000 115.000000 -35.000000
86.400952 -405.000000 -415.000000 -65.000000
86.434260 35.000000 -235.000000 -25.000000
86.499875 -395.000000 -65.000000 -45.000000
86.598442 235.000000 225.000000 45.000000
86.605906 315.000000 15.000000 105.000000
86.664407 -265.000000 375.000000 85.000000
86.670972 305.000000 -95.000000 45.000000
86.721295 -95.000000 -165.000000 15.000000
86.749596 -435.000000 -175.000000 -55.000000
86.796844 -55.000000 275.000000 -25.000000
86.836678 -5.000000 155.000000 -35.000000
86.840497 -25.000000 -5.000000 -35.000000
86.882992 35.000000 -345.000000 15.000000
86.895149 285.000000 -305.000000 -15.000000
86.901201 -415.000000 -435.000000 75.000000
86.925263 -215.000000 105.000000 75.000000
86.935537 125.000000 35.000000 -15.000000
86.960739 -365.000000 15.000000 -45.000000
86.966004 205.000000 -425.000000 85.000000
86.970944 -125.000000 -155.000000 55.000000
86.991310 -445.000000 445.000000 -35.000000
87.031807 285.000000 -255.000000 95.000000
87.046460 -155.000000 -155.000000 5.000000
87.057729 175.000000 -5.000000 65.000000
87.063449 175.000000 -15.000000 -15.000000
87.142276 -255.000000 455.000000 -5.000000
87.161064 -365.000000 155.000000 -35.000000
87.188194 -345.000000 -35.000000 -85.000000
87.194202 -405.000000 65.000000 -35.000000
87.199527 45.000000 -145.000000 45.000000
87.269030 365.000000 -275.000000 85.000000
87.401483 -165.000000 175.000000 95.000000
87.452605 -425.000000 95.000000 -75.000000
87.514419 -435.000000 105.000000 95.000000
87.523629 -45.000000 -165.000000 -85.000000
87.532829 15.000000 -35.000000 45.000000
87.609673 345.000000 205.000000 -75.000000
87.677024 455.000000 -75.000000 -15.000000
87.724008 45.000000 -345.000000 -45.000000
87.762288 -165.000000 235.000000 55.000000
87.774710 75.000000 65.000000 -35.000000
87.779323 235.000000 105.000000 95.000000
87.795356 -315.000000 55.000000 -55.000000
87.805170 225.000000 375.000000 75.000000
87.891587 -355.000000 -215.000000 75.000000
87.892397 -265.000000 145.000000 25.000000
87.944563 5.000000 395.000000 45.000000
87.951186 275.000000 -415.000000 -35.000000
88.023343 155.000000 165.000000 15.000000
88.064302 -405.000000 155.000000 -35.000000
88.104418 165.000000 -115.000000 65.000000
88.197972 -265.000000 -405.000000 45.000000
88.238206 -215.000000 225.000000 55.000000
88.251509 -105.000000 -315.000000 -5.000000
88.278829 195.000000 425.000000 -85.000000
88.282911 -135.000000 -35.000000 45.000000
88.304483 -145.000000 -275.000000 -15.000000
88.327715 75.000000 -385.000000 -65.000000
88.443900 255.000000 415.000000 75.000000
88.469971 325.000000 5.000000 15.000000
88.576613 -105.000000 -215.000000 -75.000000
88.582836 305.000000 -135.000000 -5.000000
88.673521 -55.000000 325.000000 15.000000
88.679726 325.000000 185.000000 -15.000000
88.758089 425.000000 425.000000 -75.000000
88.805449 75.000000 -425.000000 65.000000
88.913989 145.000000 365.000000 -55.000000
88.976700 -325.000000 335.000000 105.000000
88.990692 225.000000 -235.000000 -35.000000
89.144617 115.000000 25.000000 15.000000
89.153337 -175.000000 295.000000 95.000000
89.292502 -115.000000 -305.000000 55.000000
89.306722 445.000000 -395.000000 75.000000
89.469696 445.000000 75.000000 95.000000
89.499179 225.000000 315.000000 85.000000
89.594233 215.000000 195.000000 15.000000
89.614474 -165.000000 -285.000000 -85.000000
89.627277 -425.000000 435.000000 65.000000
89.736385 -365.000000 -45.000000 -15.000000
89.842800 -345.000000 335.000000 -5.000000
89.882069 -305.000000 435.000000 15.000000
89.892743 65.000000 -95.000000 45.000000
89.913910 155.000000 -75.000000 -65.000000
89.943250 15.000000 115.000000 15.000000
89.947098 -225.000000 325.000000 65.000000
90.000017 -15.000000 165.000000 55.000000
90.133432 -65.000000 -195.000000 105.000000
90.282499 -285.000000 115.000000 85.000000
90.287776 445.000000 265.000000 15.000000
90.460635 -125.000000 395.000000 105.000000
90.483086 -265.000000 255.000000 55.000000
90.534476 165.000000 135.000000 35.000000
90.556017 275.000000 -75.000000 85.000000
90.598734 -5.000000 125.000000 25.000000
90.605587 -415.000000 55.000000 15.000000
90.622445 -15.000000 -55.000000 25.000000
90.689012 -385.000000 445.000000 95.000000
90.735415 -185.000000 -45.000000 5.000000
90.748003 55.000000 -25.000000 15.000000
90.762782 -125.000000 -405.000000 95.000000
90.769789 -435.000000 195.000000 -15.000000
90.802767 215.000000 -445.000000 -5.000000
90.907515 -445.000000 -305.000000 -35.000000
90.911475 185.000000 355.000000 -45.000000
91.304916 -185.000000 -375.000000 5.000000
91.379437 95.000000 -295.000000 -75.000000
91.396822 -75.000000 395.000000 5.000000
91.457546 -45.000000 455.000000 -75.000000
91.507584 -105.000000 -275.000000 15.000000
91.556369 -55.000000 155.000000 -5.000000
91.588930 5.000000 285.000000 -45.000000
91.673951 -305.000000 185.000000 55.000000
91.723240 -85.000000 125.000000 5.000000
91.818016 395.000000 -235.000000 -15.000000
91.875726 -175.000000 -35.000000 45.000000
91.901319 45.000000 85.000000 -55.000000
91.929066 -45.000000 35.000000 -45.000000
91.967345 -105.000000 -55.000000 105.000000
91.981965 -105.000000 345.000000 -25.000000
91.983305 95.000000 -265.000000 -35.000000
92.097535 -345.000000 385.000000 -95.000000
92.192709 305.000000 -345.000000 -15.000000
92.246822 375.000000 435.000000 -65.000000
92.262357 -445.000000 -385.000000 35.000000
92.280788 75.000000 -235.000000 -75.000000
92.302810 105.000000 95.000000 5.000000
92.385976 135.000000 315.000000 95.000000
92.454696 -35.000000 145.000000 -85.000000
92.483498 265.000000 -245.000000 25.000000
92.539888 425.000000 245.000000 65.000000
92.549189 275.000000 305.000000 65.000000
92.579068 145.000000 -155.000000 15.000000
92.608592 -185.000000 -215.000000 -45.000000
92.664601 445.000000 75.000000 5.000000
92.836880 -445.000000 -5.000000 5.000000
92.856854 -65.000000 -15.000000 -35.000000
92.968939 -75.000000 -365.000000 -5.000000
93.022461 425.000000 225.000000 -35.000000
93.040450 105.000000 -425.000000 55.000000
93.099376 5.000000 -15.000000 -55.000000
93.297079 375.000000 -255.000000 -5.000000
93.384898 435.000000 -115.000000 85.000000
93.514560 -115.000000 215.000000 -35.000000
93.525558 -285.000000 95.000000 -15.000000
93.639099 305.000000 165.000000 -5.000000
93.643953 -285.000000 85.000000 55.000000
93.676517 435.000000 -425.000000 35.000000
93.720769 255.000000 -115.000000 -45.000000
93.763713 -275.000000 -255.000000 15.000000
93.788853 305.000000 -95.000000 25.000000
93.860570 -355.000000 175.000000 -85.000000
93.946121 -185.000000 365.000000 -45.000000
94.011411 -305.000000 95.000000 65.000000
94.036689 -225.000000 -405.000000 65.000000
94.057748 255.000000 -425.000000 55.000000
94.100622 225.000000 25.000000 -95.000000
94.131236 -85.000000 -265.000000 105.000000
94.180717 115.000000 45.000000 25.000000
94.314629 -365.000000 425.000000 -45.000000
94.325474 -155.000000 -15.000000 85.000000
94.475947 -105.000000 345.000000 65.000000
94.523110 205.000000 -285.000000 -45.000000
94.570409 -125.000000 75.000000 -65.000000
94.603823 -215.000000 205.000000 95.000000
94.676704 355.000000 285.000000 85.000000
94.680848 -55.000000 -115.000000 45.000000
94.724609 345.000000 -245.000000 95.000000
94.728002 -405.000000 -315.000000 -35.000000
94.760414 -55.000000 135.000000 -85.000000
94.916594 -135.000000 355.000000 95.000000
94.934540 -315.000000 -435.000000 -45.000000
94.942467 -345.000000 -45.000000 105.000000
94.995899 -415.000000 -85.000000 -75.000000
95.024120 405.000000 -415.000000 15.000000
95.064894 -145.000000 -315.000000 65.000000
95.095077 -345.000000 345.000000 -35.000000
95.099870 -245.000000 115.000000 75.000000
95.146861 -405.000000 25.000000 95.000000
95.153220 275.000000 -365.000000 45.000000
95.279036 -155.000000 275.000000 5.000000
95.279697 -375.000000 335.000000 -15.000000
95.293073 -45.000000 125.000000 55.000000
95.302693 -215.000000 -415.000000 85.000000
95.318556 -155.000000 405.000000 -45.000000
95.473136 -15.000000 35.000000 55.000000
95.516620 -95.000000 165.000000 -5.000000
95.562455 245.000000 -195.000000 75.000000
95.591123 -235.000000 -5.000000 -55.000000
95.698467 -85.000000 245.000000 -5.000000
95.725548 35.000000 395.000000 -75.000000
95.786955 -95.000000 415.000000 -75.000000
95.800083 -175.000000 -415.000000 -85.000000
95.831099 15.000000 -435.000000 -65.000000
95.844003 275.000000 -425.000000 55.000000
95.911654 -295.000000 155.000000 -15.000000
95.991425 -415.000000 -185.000000 -75.000000
96.040055 55.000000 25.000000 -85.000000
96.090637 -405.000000 -405.000000 85.000000
96.091601 -345.000000 -385.000000 55.000000
96.154966 245.000000 -275.000000 -75.000000
96.198082 115.000000 -375.000000 25.000000
96.238749 -245.000000 375.000000 -25.000000
96.271846 255.000000 -265.000000 -85.000000
96.343727 -75.000000 -295.000000 -35.000000
96.345504 255.000000 -285.000000 25.000000
96.472607 105.000000 -185.000000 -45.000000
96.527904 -205.000000 -35.000000 -45.000000
96.560896 285.000000 365.000000 75.000000
96.577187 305.000000 -55.000000 -45.000000
96.605715 275.000000 -15.000000 15.000000
96.676118 -405.000000 -255.000000 95.000000
96.802694 95.000000 325.000000 -75.000000
96.846017 -55.000000 -265.000000 -25.000000
96.852853 345.000000 -445.000000 -65.000000
96.941009 -115.000000 405.000000 15.000000
97.020926 -185.000000 225.000000 -55.000000
97.095192 -175.000000 425.000000 -15.000000
97.112817 395.000000 35.000000 -5.000000
97.133081 375.000000 -55.000000 -55.000000
97.202375 255.000000 -275.000000 85.000000
97.219549 25.000000 135.000000 55.000000
97.442665 235.000000 -55.000000 -35.000000
97.675956 -335.000000 -315.000000 -85.000000
97.754479 415.000000 385.000000 65.000000
97.866937 245.000000 335.000000 25.000000
97.889437 -135.000000 -195.000000 75.000000
98.070609 -225.000000 -105.000000 95.000000
98.074090 -355.000000 165.000000 -5.000000
98.110512 -325.000000 -195.000000 -5.000000
98.142403 15.000000 95.000000 15.000000
98.237550 345.000000 155.000000 -15.000000
98.314909 395.000000 -365.000000 -5.000000
98.337163 -215.000000 315.000000 15.000000
98.382439 155.000000 435.000000 -15.000000
98.401902 -335.000000 -75.000000 55.000000
98.438481 -355.000000 195.000000 105.000000
98.444026 185.000000 115.000000 85.000000
98.463428 175.000000 -305.000000 65.000000
98.468378 185.000000 155.000000 -65.000000
98.482073 -405.000000 115.000000 -5.000000
98.509753 -415.000000 385.000000 25.000000
98.557001 145.000000 295.000000 -55.000000
98.731896 345.000000 -35.000000 -65.000000
98.735249 -75.000000 -295.000000 5.000000
98.786328 195.000000 365.000000 95.000000
98.838367 205.000000 -155.000000 65.000000
98.839573 -265.000000 15.000000 -5.000000
98.915976 -165.000000 285.000000 105.000000
98.934045 135.000000 425.000000 75.000000
98.950666 255.000000 345.000000 -35.000000
98.955038 -415.000000 -255.000000 -75.000000
99.049748 -55.000000 -355.000000 -55.000000
99.101074 -125.000000 35.000000 95.000000
99.136720 115.000000 -45.000000 -15.000000
99.142312 -245.000000 305.000000 35.000000
99.166618 75.000000 -225.000000 -15.000000
99.215547 395.000000 375.000000 35.000000
99.430685 365.000000 -165.000000 85.000000
99.454784 -125.000000 455.000000 55.000000
99.485193 -125.000000 185.000000 65.000000
99.486259 -335.000000 -5.000000 -45.000000
99.487892 -415.000000 -135.000000 -5.000000
99.601831 -55.000000 415.000000 25.000000
99.651608 -245.000000 -55.000000 75.000000
99.784954 -195.000000 175.000000 -15.000000
100.112875 25.000000 415.000000 -5.000000
100.140032 -65.000000 -35.000000 75.000000
100.215530 -195.000000 -215.000000 -55.000000
100.259714 -75.000000 -335.000000 85.000000
100.268281 275.000000 -5.000000 55.000000
100.343433 35.000000 355.000000 -75.000000
100.496300 245.000000 385.000000 15.000000
100.498066 215.000000 -385.000000 25.000000
100.589481 265.000000 -285.000000 35.000000
100.703493 -145.000000 -235.000000 85.000000
100.750127 55.000000 205.000000 -35.000000
100.857637 -305.000000 -105.000000 -85.000000
100.891336 205.000000 25.000000 85.000000
100.915006 -15.000000 -315.000000 35.000000
100.943432 445.000000 -335.000000 85.000000
100.971921 -105.000000 445.000000 35.000000
100.981306 85.000000 -45.000000 55.000000
101.025909 5.000000 355.000000 -25.000000
101.250864 -415.000000 -75.000000 75.000000
101.272429 -275.000000 105.000000 85.000000
101.379618 -435.000000 85.000000 85.000000
101.388002 -295.000000 -95.000000 -25.000000
101.388291 245.000000 305.000000 -55.000000
101.424224 -245.000000 -155.000000 -55.000000
101.463221 -45.000000 -255.000000 -25.000000
101.477105 115.000000 -295.000000 -55.000000
101.534239 -15.000000 445.000000 75.000000
101.552050 25.000000 -95.000000 35.000000
101.561130 -285.000000 -55.000000 45.000000
101.614465 -375.000000 325.000000 75.000000
101.700040 5.000000 -5.000000 15.000000
101.708177 -275.000000 -175.000000 -45.000000
101.720480 -215.000000 -285.000000 15.000000
101.733718 -35.000000 15.000000 95.000000
101.738798 -375.000000 455.000000 -55.000000
101.762699 -195.000000 -315.000000 -5.000000
101.795850 305.000000 -215.000000 65.000000
101.806978 -305.000000 385.000000 -85.000000
101.856837 -195.000000 275.000000 -5.000000
101.899027 -225.000000 -155.000000 -85.000000
101.945947 135.000000 305.000000 -45.000000
101.969769 -325.000000 -435.000000 -15.000000
102.002757 365.000000 -45.000000 75.000000
102.072820 -75.000000 -195.000000 15.000000
102.144121 -5.000000 -315.000000 45.000000
102.169109 -275.000000 -185.000000 -45.000000
102.276388 -125.000000 -115.000000 105.000000
102.300394 -275.000000 375.000000 5.000000
102.432050 -55.000000 175.000000 35.000000
102.438410 -255.000000 -445.000000 55.000000
102.444335 105.000000 -255.000000 -45.000000
102.478791 335.000000 145.000000 75.000000
102.516478 -415.000000 355.000000 -25.000000
102.519831 -25.000000 -175.000000 -55.000000
102.531200 345.000000 395.000000 15.000000
102.574156 -235.000000 -125.000000 95.000000
102.595181 -25.000000 -275.000000 65.000000
102.612277 105.000000 355.000000 -25.000000
102.686367 405.000000 425.000000 85.000000
102.745099 155.000000 -5.000000 -25.000000
102.746630 55.000000 -15.000000 -35.000000
102.758924 115.000000 5.000000 65.000000
102.783127 -255.000000 -395.000000 85.000000
102.818755 305.000000 315.000000 5.000000
102.849170 -45.000000 165.000000 -25.000000
102.898678 235.000000 -455.000000 -65.000000
103.061020 125.000000 165.000000 75.000000
103.085260 455.000000 15.000000 -65.000000
103.152815 -65.000000 285.000000 35.000000
103.231273 305.000000 355.000000 -65.000000
103.343426 395.000000 -305.000000 -45.000000
103.483980 -385.000000 -15.000000 5.000000
103.497801 295.000000 -315.000000 -25.000000
103.555625 255.000000 -375.000000 25.000000
103.576823 -335.000000 -305.000000 -25.000000
103.616183 15.000000 -295.000000 15.000000
103.921553 -345.000000 -155.000000 5.000000
103.940853 15.000000 -275.000000 -55.000000
103.947542 -355.000000 415.000000 45.000000
103.984917 415.000000 335.000000 105.000000
104.067211 235.000000 405.000000 15.000000
104.130068 95.000000 265.000000 5.000000
104.428394 -225.000000 105.000000 -45.000000
104.519213 305.000000 -315.000000 -35.000000
104.534902 -265.000000 -325.000000 -65.000000
104.544295 85.000000 -15.000000 -35.000000
104.598938 65.000000 135.000000 85.000000
104.627171 -35.000000 5.000000 95.000000
104.646894 -355.000000 -85.000000 -5.000000
104.650597 -85.000000 -175.000000 25.000000
104.744111 -345.000000 235.000000 -75.000000
104.762616 335.000000 -355.000000 35.000000
104.830250 -85.000000 -5.000000 -75.000000
104.859745 -315.000000 -55.000000 75.000000
104.870026 355.000000 -385.000000 -45.000000
104.907349 -225.000000 -95.000000 -15.000000
105.123919 445.000000 -195.000000 5.000000
105.184810 265.000000 135.000000 -25.000000
105.219903 315.000000 -315.000000 -65.000000
105.231851 315.000000 15.000000 -55.000000
105.277663 -405.000000 155.000000 -45.000000
105.282057 335.000000 -295.000000 -55.000000
105.323585 95.000000 145.000000 65.000000
105.416932 -335.000000 35.000000 -25.000000
105.454941 -155.000000 -155.000000 35.000000
105.532780 105.000000 -95.000000 55.000000
105.567178 -255.000000 255.000000 55.000000
105.664441 -225.000000 55.000000 -15.000000
105.749938 -275.000000 155.000000 -85.000000
105.799755 -175.000000 95.000000 -35.000000
105.819444 -55.000000 -305.000000 85.000000
105.822609 -235.000000 125.000000 -45.000000
105.847877 -35.000000 -225.000000 -95.000000
105.878863 75.000000 115.000000 -25.000000
105.909988 445.000000 -195.000000 -35.000000
105.948803 435.000000 115.000000 5.000000
105.985076 -25.000000 105.000000 -75.000000
106.029771 255.000000 -105.000000 35.000000
106.078212 175.000000 -125.000000 -25.000000
106.099155 385.000000 425.000000 -85.000000
106.102772 -275.000000 -385.000000 75.000000
106.108899 -235.000000 195.000000 5.000000
106.131679 335.000000 55.000000 95.000000
106.275733 -315.000000 375.000000 -85.000000
106.324244 195.000000 95.000000 35.000000
106.325470 225.000000 105.000000 -45.000000
106.391137 5.000000 -185.000000 -65.000000
106.426218 -405.000000 -185.000000 35.000000
106.428179 -15.000000 125.000000 5.000000
106.471513 365.000000 -445.000000 -15.000000
106.489092 115.000000 125.000000 55.000000
106.531953 -415.000000 135.000000 -5.000000
106.687533 45.000000 45.000000 35.000000
106.702849 35.000000 395.000000 -45.000000
106.779562 395.000000 -35.000000 -45.000000
106.790200 -445.000000 85.000000 -95.000000
106.792259 -145.000000 -205.000000 -85.000000
106.858577 -125.000000 345.000000 -35.000000
106.890699 275.000000 105.000000 95.000000
106.895535 95.000000 55.000000 75.000000
106.977481 395.000000 385.000000 -15.000000
107.134786 -175.000000 -245.000000 -35.000000
107.165481 -335.000000 295.000000 -75.000000
107.208246 205.000000 -115.000000 25.000000
107.262920 45.000000 -375.000000 5.000000
107.311307 5.000000 45.000000 -55.000000
107.463361 85.000000 -365.000000 35.000000
107.494153 5.000000 35.000000 75.000000
107.510530 -405.000000 -395.000000 -95.000000
107.517813 325.000000 -115.000000 -85.000000
107.530269 -445.000000 275.000000 65.000000
107.630328 425.000000 -165.000000 -25.000000
107.749721 -175.000000 -205.000000 -5.000000
107.764352 -115.000000 25.000000 45.000000
107.766753 -335.000000 -305.000000 65.000000
107.777266 105.000000 105.000000 65.000000
107.802355 345.000000 -165.000000 55.000000
107.826192 -115.000000 -305.000000 -85.000000
107.837596 305.000000 205.000000 105.000000
107.896337 -25.000000 -405.000000 105.000000
107.943457 325.000000 -165.000000 -5.000000
107.969218 245.000000 -225.000000 95.000000
108.002718 325.000000 -5.000000 75.000000
108.024900 -95.000000 -95.000000 105.000000
108.061641 65.000000 375.000000 105.000000
108.092778 295.000000 375.000000 35.000000
108.192097 -145.000000 225.000000 -5.000000
108.200983 455.000000 -135.000000 15.000000
108.341575 -25.000000 -335.000000 -85.000000
108.373817 -355.000000 305.000000 15.000000
108.454152 175.000000 -235.000000 -15.000000
108.495277 -435.000000 395.000000 -75.000000
108.565794 -415.000000 275.000000 -55.000000
108.735218 -405.000000 -5.000000 25.000000
108.776378 275.000000 205.000000 -15.000000
108.782118 145.000000 5.000000 -15.000000
108.875524 195.000000 -255.000000 -85.000000
108.897315 -135.000000 -5.000000 45.000000
108.911654 -165.000000 -435.000000 45.000000
108.954833 165.000000 -235.000000 85.000000
108.960773 355.000000 -355.000000 -25.000000
108.973845 135.000000 5.000000 -85.000000
109.013060 -435.000000 -85.000000 75.000000
109.033144 -185.000000 -275.000000 65.000000
109.035480 -55.000000 5.000000 105.000000
109.109612 355.000000 445.000000 15.000000
109.239724 175.000000 275.000000 -5.000000
109.267778 435.000000 55.000000 -5.000000
109.497854 225.000000 55.000000 105.000000
109.516590 -235.000000 -425.000000 35.000000
109.535973 125.000000 -185.000000 75.000000
109.609084 -115.000000 275.000000 -85.000000
109.620793 175.000000 285.000000 85.000000
109.745858 -345.000000 -235.000000 -25.000000
109.848571 395.000000 275.000000 15.000000
109.868138 325.000000 -235.000000 -35.000000
109.878261 -335.000000 55.000000 95.000000
109.897193 -395.000000 -35.000000 -55.000000
109.919265 -215.000000 25.000000 95.000000
109.923586 -275.000000 -195.000000 55.000000
109.999617 165.000000 315.000000 75.000000
110.145409 395.000000 165.000000 25.000000
110.161049 -425.000000 335.000000 -55.000000
110.216901 -335.000000 -395.000000 85.000000
110.485082 -45.000000 -235.000000 15.000000
110.563438 75.000000 -315.000000 5.000000
110.754164 -15.000000 -85.000000 15.000000
110.843372 45.000000 115.000000 -35.000000
110.909946 425.000000 -105.000000 85.000000
110.928407 -115.000000 5.000000 -85.000000
111.019010 345.000000 -405.000000 65.000000
111.044218 255.000000 -115.000000 65.000000
111.079918 325.000000 425.000000 -65.000000
111.216652 25.000000 -105.000000 75.000000
111.217959 -425.000000 195.000000 -35.000000
111.301108 395.000000 -355.000000 75.000000
111.319084 15.000000 -95.000000 -85.000000
111.334552 15.000000 15.000000 55.000000
111.423587 355.000000 205.000000 65.000000
111.521891 455.000000 -35.000000 65.000000
111.637758 -165.000000 235.000000 -15.000000
111.656270 405.000000 45.000000 -65.000000
111.731485 -195.000000 425.000000 55.000000
111.787175 155.000000 435.000000 55.000000
111.809311 325.000000 -385.000000 15.000000
111.815964 -325.000000 385.000000 -85.000000
111.823942 295.000000 -135.000000 -45.000000
111.849792 345.000000 -325.000000 15.000000
111.895561 125.000000 175.000000 -25.000000
111.920886 -135.000000 105.000000 -55.000000
112.018441 -265.000000 225.000000 -35.000000
112.107479 115.000000 -345.000000 -5.000000
112.109026 -235.000000 -85.000000 -45.000000
112.136318 -255.000000 -435.000000 105.000000
112.144580 -185.000000 -155.000000 -85.000000
112.210877 -435.000000 -365.000000 25.000000
112.221719 25.000000 405.000000 65.000000
112.418014 -175.000000 -95.000000 85.000000
112.450105 -145.000000 -175.000000 25.000000
112.489995 55.000000 -455.000000 -15.000000
112.494722 245.000000 -65.000000 65.000000
112.552117 265.000000 35.000000 45.000000
112.564924 25.000000 95.000000 -95.000000
112.612748 425.000000 435.000000 -5.000000
112.729219 -385.000000 325.000000 -45.000000
112.798072 -245.000000 -25.000000 75.000000
113.068122 185.000000 355.000000 85.000000
113.068465 265.000000 175.000000 -75.000000
113.080742 185.000000 -225.000000 -25.000000
113.145569 325.000000 175.000000 55.000000
113.171228 -305.000000 -425.000000 -25.000000
113.324819 275.000000 -315.000000 25.000000
113.330963 -295.000000 75.000000 35.000000
113.346763 -295.000000 235.000000 -15.000000
113.419109 85.000000 375.000000 -5.000000
113.561444 -65.000000 -195.000000 -5.000000
113.577316 -205.000000 325.000000 5.000000
113.621497 -295.000000 -435.000000 45.000000
113.666706 335.000000 385.000000 85.000000
113.783831 -5.000000 -75.000000 15.000000
113.786353 95.000000 -15.000000 65.000000
113.894206 65.000000 -165.000000 -5.000000
114.006429 -445.000000 -425.000000 -75.000000
114.033806 85.000000 -155.000000 -85.000000
114.052835 -165.000000 -205.000000 -25.000000
114.095422 -425.000000 -125.000000 -25.000000
114.158122 -345.000000 435.000000 -85.000000
114.198241 -235.000000 385.000000 25.000000
114.218638 -415.000000 185.000000 -55.000000
114.236884 25.000000 -305.000000 -45.000000
114.259819 95.000000 -155.000000 55.000000
114.343931 -145.000000 -25.000000 45.000000
114.369504 375.000000 -375.000000 75.000000
114.392486 -245.000000 295.000000 45.000000
114.417529 25.000000 175.000000 35.000000
114.422611 -115.000000 -345.000000 -15.000000
114.499874 -395.000000 205.000000 85.000000
114.531354 -335.000000 -345.000000 -85.000000
114.594493 165.000000 -5.000000 -45.000000
114.608549 -425.000000 425.000000 25.000000
114.641697 115.000000 -355.000000 25.000000
114.665076 -185.000000 -425.000000 5.000000
114.690419 -425.000000 -95.000000 25.000000
114.698089 -75.000000 -425.000000 95.000000
114.717018 395.000000 385.000000 75.000000
114.743999 -425.000000 -5.000000 -35.000000
114.745230 135.000000 45.000000 -35.000000
114.761451 -125.000000 105.000000 85.000000
114.808445 -455.000000 -155.000000 -45.000000
115.031858 5.000000 -415.000000 -25.000000
115.070991 85.000000 -125.000000 95.000000
115.132549 455.000000 435.000000 -35.000000
115.196439 -185.000000 -325.000000 95.000000
115.365313 -75.000000 225.000000 85.000000
115.398933 85.000000 335.000000 -65.000000
115.436508 -155.000000 415.000000 15.000000
115.467654 -425.000000 -225.000000 -85.000000
115.491680 -45.000000 -15.000000 -55.000000
115.553699 -25.000000 -205.000000 45.000000
115.566864 -285.000000 205.000000 -35.000000
115.616274 335.000000 -375.000000 75.000000
115.621626 305.000000 315.000000 45.000000
115.708717 155.000000 125.000000 75.000000
115.738588 5.000000 135.000000 -55.000000
115.777257 -265.000000 445.000000 -25.000000
115.879363 155.000000 -125.000000 -45.000000
115.899230 395.000000 15.000000 -65.000000
115.906176 -295.000000 -445.000000 65.000000
115.917651 -435.000000 -325.000000 -25.000000
116.014246 185.000000 -195.000000 -65.000000
116.036271 275.000000 -45.000000 75.000000
116.051763 375.000000 395.000000 -85.000000
116.075266 -145.000000 395.000000 95.000000
116.208332 265.000000 135.000000 5.000000
116.231831 135.000000 35.000000 85.000000
116.272891 365.000000 155.000000 -65.000000
116.316439 65.000000 145.000000 -35.000000
116.328882 85.000000 255.000000 55.000000
116.335231 145.000000 -5.000000 -75.000000
116.386387 -255.000000 -175.000000 -45.000000
116.419370 -395.000000 -305.000000 85.000000
116.451821 75.000000 15.000000 85.000000
116.500742 -25.000000 185.000000 -55.000000
116.530968 345.000000 215.000000 -85.000000
116.539643 -435.000000 235.000000 55.000000
116.549411 -305.000000 -265.000000 -65.000000
116.570127 385.000000 455.000000 -75.000000
116.574765 445.000000 425.000000 -65.000000
116.576526 365.000000 5.000000 45.000000
116.651155 265.000000 175.000000 -55.000000
116.719492 -205.000000 -285.000000 -35.000000
116.951749 -215.000000 355.000000 -5.000000
116.997296 145.000000 -115.000000 45.000000
117.099163 -105.000000 235.000000 35.000000
117.194869 -275.000000 195.000000 -15.000000
117.197312 345.000000 -285.000000 -85.000000
117.204301 -375.000000 325.000000 -45.000000
117.207291 -5.000000 65.000000 95.000000
117.215055 -385.000000 85.000000 25.000000
117.218623 -185.000000 -425.000000 5.000000
117.223178 -445.000000 295.000000 -25.000000
117.271422 415.000000 275.000000 -65.000000
117.298276 -425.000000 -355.000000 15.000000
117.318538 -235.000000 135.000000 5.000000
117.416706 135.000000 -45.000000 15.000000
117.426805 -215.000000 -95.000000 55.000000
117.439057 285.000000 345.000000 15.000000
117.451305 -365.000000 215.000000 -25.000000
117.583164 335.000000 -35.000000 65.000000
117.694602 -215.000000 -285.000000 -65.000000
117.707933 -165.000000 -325.000000 -55.000000
117.739408 -325.000000 -165.000000 75.000000
117.804020 445.000000 -335.000000 -75.000000
117.876857 -185.000000 105.000000 -45.000000
117.898446 215.000000 195.000000 -55.000000
117.968853 285.000000 -415.000000 -25.000000
117.999633 25.000000 185.000000 -95.000000
118.014018 -285.000000 -195.000000 -35.000000
118.070457 -395.000000 75.000000 -35.000000
118.191192 135.000000 245.000000 -85.000000
118.194203 215.000000 -275.000000 -45.000000
118.215388 125.000000 145.000000 15.000000
118.228943 395.000000 -55.000000 -15.000000
118.281957 285.000000 -145.000000 65.000000
118.321875 -125.000000 -115.000000 5.000000
118.340179 75.000000 295.000000 105.000000
118.360602 -215.000000 -275.000000 55.000000
118.406189 245.000000 145.000000 95.000000
118.408169 -245.000000 -345.000000 5.000000
118.449434 -275.000000 265.000000 55.000000
118.527995 -65.000000 -105.000000 -35.000000
118.542580 -435.000000 445.000000 -55.000000
118.560734 155.000000 -275.000000 85.000000
118.588374 -275.000000 275.000000 55.000000
118.626628 -285.000000 -345.000000 -95.000000
118.669856 -365.000000 365.000000 -85.000000
118.677105 -225.000000 -265.000000 -25.000000
118.783887 -95.000000 -355.000000 -35.000000
118.826009 -125.000000 -315.000000 -65.000000
118.865348 195.000000 295.000000 -75.000000
118.866232 -115.000000 355.000000 85.000000
118.888076 245.000000 55.000000 25.000000
118.907364 355.000000 -425.000000 -5.000000
118.922304 135.000000 -5.000000 75.000000
118.957880 -175.000000 -105.000000 -25.000000
118.988312 -315.000000 265.000000 -55.000000
119.000144 105.000000 -5.000000 -55.000000
119.025250 165.000000 -315.000000 55.000000
119.150874 -415.000000 15.000000 95.000000
119.178051 115.000000 -365.000000 -25.000000
119.188619 215.000000 275.000000 -95.000000
119.336006 25.000000 -115.000000 -25.000000
119.369693 355.000000 285.000000 5.000000
119.379615 135.000000 215.000000 85.000000
119.385755 -165.000000 -435.000000 75.000000
119.434144 -25.000000 105.000000 45.000000
119.495382 -95.000000 225.000000 -75.000000
119.496386 -435.000000 -405.000000 -45.000000
119.639523 -55.000000 135.000000 25.000000
119.697030 -135.000000 -445.000000 105.000000
119.706885 155.000000 445.000000 15.000000
119.791668 -145.000000 135.000000 -45.000000
119.826104 275.000000 -355.000000 -5.000000
119.834011 85.000000 -385.000000 -5.000000
119.909871 -395.000000 -275.000000 -45.000000
119.932339 -385.000000 75.000000 55.000000
119.955063 185.000000 -285.000000 35.000000
120.020376 -405.000000 -35.000000 -75.000000
120.172331 45.000000 25.000000 -25.000000
120.180395 -305.000000 -425.000000 -5.000000
120.296642 105.000000 -105.000000 85.000000
120.376578 235.000000 415.000000 75.000000
120.422094 455.000000 445.000000 -85.000000
120.431354 245.000000 -175.000000 -85.000000
120.469085 -295.000000 5.000000 85.000000
120.493196 295.000000 -225.000000 5.000000
120.530889 275.000000 425.000000 75.000000
120.583228 385.000000 215.000000 -55.000000
120.622024 325.000000 25.000000 95.000000
120.656953 425.000000 -335.000000 35.000000
120.720312 -225.000000 5.000000 95.000000
120.758866 -345.000000 15.000000 35.000000
120.812587 -205.000000 -55.000000 65.000000
120.900718 285.000000 -295.000000 -85.000000
120.927765 195.000000 85.000000 -95.000000
120.941583 255.000000 405.000000 95.000000
120.983821 365.000000 -345.000000 5.000000
121.106265 205.000000 -335.000000 5.000000
121.128316 -105.000000 -305.000000 65.000000
121.129417 -285.000000 65.000000 -25.000000
121.136410 85.000000 245.000000 -65.000000
121.140208 85.000000 245.000000 15.000000
121.234386 175.000000 45.000000 -85.000000
121.242090 195.000000 25.000000 -25.000000
121.348641 235.000000 65.000000 55.000000
121.402163 -395.000000 275.000000 65.000000
121.472952 235.000000 235.000000 15.000000
121.504520 -75.000000 -25.000000 -5.000000
121.575641 35.000000 15.000000 15.000000
121.621114 355.000000 -425.000000 95.000000
121.632267 -235.000000 255.000000 -65.000000
121.797336 75.000000 5.000000 95.000000
121.919708 55.000000 -235.000000 -45.000000
122.045532 385.000000 -435.000000 25.000000
122.133810 -275.000000 145.000000 95.000000
122.186197 -455.000000 295.000000 -5.000000
122.197395 -395.000000 -355.000000 -5.000000
122.350298 -75.000000 -85.000000 -5.000000
122.469083 -215.000000 55.000000 -85.000000
122.568040 215.000000 -65.000000 35.000000
122.573430 25.000000 425.000000 25.000000
122.598084 355.000000 -85.000000 -25.000000
122.690333 35.000000 -365.000000 85.000000
122.741932 445.000000 235.000000 75.000000
122.813917 115.000000 -5.000000 -65.000000
122.832441 425.000000 -125.000000 -75.000000
122.911098 -35.000000 -415.000000 -95.000000
122.991011 45.000000 275.000000 25.000000
123.110878 325.000000 445.000000 -55.000000
123.148646 -315.000000 125.000000 -55.000000
123.170584 185.000000 195.000000 -5.000000
123.262181 125.000000 245.000000 -85.000000
123.352499 275.000000 425.000000 -5.000000
123.381228 405.000000 -365.000000 65.000000
123.540016 255.000000 295.000000 25.000000
123.554622 75.000000 295.000000 95.000000
123.701818 375.000000 355.000000 95.000000
123.717647 -25.000000 285.000000 -5.000000
123.918865 125.000000 35.000000 15.000000
124.007039 115.000000 295.000000 -5.000000
124.034386 265.000000 315.000000 -15.000000
124.058680 135.000000 -305.000000 -65.000000
124.066541 -225.000000 385.000000 -85.000000
124.086159 -255.000000 75.000000 -65.000000
124.220302 425.000000 -35.000000 -35.000000
124.233270 -255.000000 -425.000000 25.000000
124.387656 -25.000000 -85.000000 85.000000
124.418786 335.000000 175.000000 -15.000000
124.473896 -395.000000 145.000000 -5.000000
124.493821 -425.000000 -245.000000 45.000000
124.594529 -305.000000 -125.000000 -85.000000
124.630717 -245.000000 -155.000000 -45.000000
124.687340 285.000000 395.000000 85.000000
124.691245 -245.000000 -265.000000 25.000000
124.749205 -85.000000 -305.000000 5.000000
124.828155 -165.000000 305.000000 25.000000
124.850819 405.000000 235.000000 5.000000
124.856751 315.000000 395.000000 -75.000000
124.863503 -225.000000 -325.000000 75.000000
124.884155 415.000000 -195.000000 65.000000
124.940104 425.000000 15.000000 -25.000000
124.963291 195.000000 405.000000 -55.000000
125.040515 45.000000 355.000000 -55.000000
125.079114 215.000000 315.000000 -95.000000
125.085770 -165.000000 175.000000 75.000000
125.100160 -155.000000 285.000000 65.000000
125.121053 35.000000 -165.000000 55.000000
125.134358 125.000000 225.000000 -75.000000
125.161248 -345.000000 -205.000000 35.000000
125.177496 -365.000000 235.000000 45.000000
125.180680 95.000000 245.000000 35.000000
125.243360 45.000000 -375.000000 -75.000000
125.349677 -135.000000 285.000000 95.000000
125.370983 -195.000000 -375.000000 -5.000000
125.392579 -275.000000 -415.000000 -35.000000
125.409502 -55.000000 -435.000000 -45.000000
125.433221 165.000000 395.000000 5.000000
125.448125 125.000000 -85.000000 95.000000
125.558029 -395.000000 -115.000000 95.000000
125.640424 195.000000 -235.000000 -15.000000
125.738951 105.000000 375.000000 85.000000
125.806439 -235.000000 -125.000000 -75.000000
125.978101 205.000000 295.000000 -95.000000
125.988825 -15.000000 -85.000000 -65.000000
126.013535 -395.000000 405.000000 55.000000
126.022732 -335.000000 225.000000 15.000000
126.036205 245.000000 -85.000000 -5.000000
126.146272 -15.000000 85.000000 45.000000
126.148343 75.000000 95.000000 -55.000000
126.164116 285.000000 -135.000000 55.000000
126.239653 -315.000000 205.000000 15.000000
126.252642 115.000000 135.000000 -35.000000
126.276678 215.000000 285.000000 -55.000000
126.407855 405.000000 -365.000000 -5.000000
126.445178 -195.000000 -365.000000 -45.000000
126.582926 155.000000 -75.000000 -85.000000
126.703553 -215.000000 -195.000000 45.000000
126.731771 365.000000 415.000000 45.000000
126.747269 75.000000 375.000000 105.000000
126.844923 85.000000 -315.000000 -95.000000
126.871427 -25.000000 365.000000 -15.000000
126.947314 -415.000000 -355.000000 25.000000
127.109680 -335.000000 235.000000 95.000000
127.333984 -385.000000 -65.000000 -65.000000
127.340046 195.000000 -295.000000 95.000000
127.409473 105.000000 55.000000 -15.000000
127.507052 -125.000000 145.000000 85.000000
127.516709 435.000000 -305.000000 25.000000
127.615966 -315.000000 305.000000 -5.000000
127.634633 345.000000 -185.000000 75.000000
127.649493 45.000000 -385.000000 35.000000
127.752880 -375.000000 -295.000000 55.000000
127.760496 -445.000000 -445.000000 -65.000000
127.839374 -195.000000 -185.000000 -45.000000
127.873664 195.000000 395.000000 -75.000000
128.011267 -255.000000 385.000000 35.000000
128.033723 425.000000 245.000000 -25.000000
128.049970 25.000000 195.000000 -45.000000
128.062214 235.000000 35.000000 -35.000000
128.158151 -305.000000 -285.000000 -85.000000
128.173559 435.000000 -65.000000 5.000000
128.186692 45.000000 -155.000000 -15.000000
128.190362 -25.000000 5.000000 65.000000
128.208591 -385.000000 -75.000000 25.000000
128.335365 -25.000000 395.000000 45.000000
128.474630 265.000000 185.000000 -35.000000
128.478944 -165.000000 -355.000000 -55.000000
128.583282 -415.000000 -125.000000 65.000000
128.650604 -295.000000 -25.000000 45.000000
128.669193 105.000000 -155.000000 75.000000
128.695328 445.000000 365.000000 55.000000
128.788022 -55.000000 205.000000 85.000000
128.853893 -275.000000 -365.000000 -5.000000
128.950835 95.000000 -395.000000 -25.000000
129.085090 75.000000 405.000000 -5.000000
129.103828 335.000000 -245.000000 -65.000000
129.111164 -115.000000 425.000000 -35.000000
129.207552 445.000000 325.000000 -35.000000
129.254273 215.000000 -125.000000 45.000000
129.270490 -455.000000 -185.000000 -65.000000
129.366668 -405.000000 375.000000 -5.000000
129.377828 335.000000 -435.000000 -5.000000
129.392821 -75.000000 25.000000 -55.000000
129.417258 -175.000000 -405.000000 -25.000000
129.421907 265.000000 -15.000000 25.000000
129.519039 335.000000 -45.000000 -35.000000
129.593758 75.000000 135.000000 75.000000
129.613461 -205.000000 125.000000 -85.000000
129.619215 -155.000000 -245.000000 -75.000000
129.656119 -425.000000 185.000000 -55.000000
129.746525 -295.000000 -135.000000 35.000000
129.758004 365.000000 355.000000 -85.000000
129.978014 135.000000 55.000000 5.000000
129.989985 325.000000 -415.000000 15.000000
130.007952 -195.000000 25.000000 -55.000000
130.050815 145.000000 -265.000000 15.000000
130.053969 125.000000 125.000000 -75.000000
130.071740 -215.000000 -65.000000 5.000000
130.095310 45.000000 415.000000 15.000000
130.139329 115.000000 275.000000 25.000000
130.262536 -235.000000 395.000000 25.000000
130.286872 385.000000 15.000000 35.000000
130.292411 115.000000 -225.000000 75.000000
130.482293 -25.000000 -445.000000 -35.000000
130.501228 -295.000000 285.000000 55.000000
130.527690 295.000000 365.000000 35.000000
130.575239 -355.000000 -235.000000 35.000000
130.602782 -405.000000 455.000000 45.000000
130.612005 425.000000 -225.000000 -55.000000
130.615588 225.000000 -445.000000 35.000000
130.650607 -115.000000 55.000000 -75.000000
130.782777 175.000000 265.000000 -95.000000
130.830983 -105.000000 265.000000 85.000000
130.865945 125.000000 195.000000 95.000000
131.134182 -245.000000 165.000000 -5.000000
131.150726 75.000000 15.000000 -15.000000
131.153250 45.000000 -335.000000 25.000000
131.192919 135.000000 175.000000 35.000000
131.227282 325.000000 165.000000 -15.000000
131.327476 185.000000 -85.000000 105.000000
131.348824 -155.000000 55.000000 75.000000
131.477341 395.000000 295.000000 45.000000
131.517613 -125.000000 445.000000 35.000000
131.531223 235.000000 425.000000 -5.000000
131.546400 -405.000000 -155.000000 -35.000000
131.578067 115.000000 -45.000000 35.000000
131.803633 -175.000000 -375.000000 -5.000000
131.854452 -105.000000 155.000000 105.000000
131.887059 215.000000 155.000000 55.000000
131.902330 115.000000 -305.000000 -65.000000
131.905169 -25.000000 345.000000 -25.000000
132.001540 35.000000 -265.000000 -65.000000
132.040742 105.000000 -305.000000 105.000000
132.079175 -175.000000 -65.000000 25.000000
132.128226 325.000000 325.000000 -75.000000
132.162801 -285.000000 -65.000000 45.000000
132.192990 -285.000000 -335.000000 -55.000000
132.236238 -25.000000 -195.000000 95.000000
132.261008 435.000000 -145.000000 55.000000
132.298126 335.000000 175.000000 -15.000000
132.419946 -265.000000 45.000000 65.000000
132.534605 305.000000 -265.000000 85.000000
132.569866 365.000000 -145.000000 55.000000
132.572767 105.000000 195.000000 105.000000
132.609374 55.000000 -235.000000 75.000000
132.689050 375.000000 185.000000 -95.000000
132.898123 395.000000 325.000000 15.000000
132.960344 365.000000 215.000000 -55.000000
132.987441 115.000000 -345.000000 85.000000
132.999938 -355.000000 -5.000000 -25.000000
133.006629 -375.000000 395.000000 -35.000000
133.037429 -345.000000 -295.000000 75.000000
133.108488 5.000000 365.000000 55.000000
133.121784 85.000000 -205.000000 75.000000
133.157565 175.000000 -15.000000 -45.000000
133.264331 -425.000000 245.000000 -55.000000
133.391181 -325.000000 -315.000000 -15.000000
133.394570 455.000000 -395.000000 -5.000000
133.510348 -405.000000 -95.000000 65.000000
133.557985 -95.000000 35.000000 -65.000000
133.588829 -195.000000 -135.000000 95.000000
133.797932 5.000000 395.000000 75.000000
133.854494 135.000000 325.000000 -45.000000
133.866011 -395.000000 425.000000 75.000000
133.892782 95.000000 445.000000 85.000000
133.963033 -65.000000 185.000000 -5.000000
133.982585 -445.000000 445.000000 35.000000
134.004740 -135.000000 -325.000000 75.000000
134.007159 95.000000 -15.000000 -35.000000
134.020541 255.000000 35.000000 -15.000000
134.023957 -115.000000 115.000000 35.000000
134.031066 105.000000 15.000000 85.000000
134.034898 285.000000 -115.000000 -55.000000
134.043474 435.000000 255.000000 -75.000000
134.049872 205.000000 -125.000000 -15.000000
134.072070 265.000000 345.000000 -45.000000
134.112181 -215.000000 -255.000000 45.000000
134.180124 -365.000000 -195.000000 5.000000
134.219845 -145.000000 -365.000000 85.000000
134.289245 385.000000 35.000000 75.000000
134.302157 385.000000 -215.000000 95.000000
134.435520 -265.000000 -25.000000 45.000000
134.435808 -105.000000 215.000000 -15.000000
134.550884 275.000000 -245.000000 5.000000
134.583227 5.000000 -435.000000 -35.000000
134.712348 -205.000000 -335.000000 25.000000
134.813434 365.000000 215.000000 45.000000
134.867655 335.000000 -405.000000 -65.000000
134.879013 -365.000000 265.000000 -15.000000
134.894526 185.000000 185.000000 65.000000
134.983700 335.000000 175.000000 -75.000000
134.991893 -25.000000 285.000000 -5.000000
135.057365 255.000000 -405.000000 85.000000
135.084470 305.000000 315.000000 -65.000000
135.167301 55.000000 435.000000 -65.000000
135.217092 245.000000 -225.000000 15.000000
135.222299 -185.000000 285.000000 25.000000
135.236664 135.000000 -305.000000 45.000000
135.249313 -425.000000 -265.000000 85.000000
135.260965 -405.000000 255.000000 65.000000
135.305272 255.000000 215.000000 105.000000
135.315743 -265.000000 -55.000000 85.000000
135.342505 -125.000000 385.000000 5.000000
135.404388 -15.000000 255.000000 85.000000
135.481406 -245.000000 85.000000 95.000000
135.556604 15.000000 425.000000 -25.000000
135.557976 -125.000000 235.000000 -5.000000
135.575282 205.000000 85.000000 -65.000000
135.613910 225.000000 -175.000000 -25.000000
135.656225 -255.000000 255.000000 -85.000000
135.703459 405.000000 -365.000000 -55.000000
135.709762 95.000000 -165.000000 -85.000000
135.720678 145.000000 165.000000 -45.000000
135.745732 -5.000000 -445.000000 -15.000000
135.750349 -125.000000 -85.000000 55.000000
135.906422 -365.000000 -95.000000 -15.000000
135.916177 395.000000 -435.000000 -15.000000
136.086969 -105.000000 395.000000 -25.000000
136.114983 35.000000 -165.000000 75.000000
136.140302 -235.000000 265.000000 -75.000000
136.144381 145.000000 -85.000000 -25.000000
136.202384 -345.000000 365.000000 75.000000
136.273200 295.000000 185.000000 -65.000000
136.520255 -45.000000 -385.000000 -65.000000
136.561746 355.000000 -365.000000 5.000000
136.675950 385.000000 135.000000 -45.000000
136.702828 85.000000 -255.000000 75.000000
136.724449 -345.000000 85.000000 85.000000
136.879269 -215.000000 85.000000 -65.000000
136.890526 205.000000 -335.000000 15.000000
136.894625 95.000000 -425.000000 -55.000000
136.964679 -175.000000 -305.000000 95.000000
137.018701 245.000000 235.000000 95.000000
137.085040 -145.000000 -175.000000 -45.000000
137.110371 -215.000000 435.000000 105.000000
137.122778 425.000000 445.000000 -5.000000
137.137480 435.000000 175.000000 -85.000000
137.140342 45.000000 405.000000 35.000000
137.170957 -415.000000 -65.000000 75.000000
137.234812 345.000000 -75.000000 -85.000000
137.240738 -405.000000 265.000000 -75.000000
137.312905 175.000000 115.000000 -35.000000
137.318936 275.000000 -5.000000 95.000000
137.352378 -335.000000 35.000000 -85.000000
137.355071 -305.000000 -265.000000 25.000000
137.368097 195.000000 -15.000000 -75.000000
137.372857 285.000000 -25.000000 -85.000000
137.398482 415.000000 305.000000 55.000000
137.399842 -295.000000 355.000000 -35.000000
137.427422 -45.000000 165.000000 -95.000000
137.440317 -25.000000 175.000000 -25.000000
137.478986 305.000000 245.000000 55.000000
137.546981 -425.000000 -195.000000 75.000000
137.581262 105.000000 245.000000 95.000000
137.629713 415.000000 -275.000000 -35.000000
137.693245 15.000000 35.000000 -5.000000
137.701862 35.000000 -325.000000 -65.000000
137.718608 -205.000000 115.000000 -55.000000
137.783059 -365.000000 335.000000 35.000000
137.785590 -115.000000 385.000000 75.000000
137.810865 355.000000 -65.000000 -5.000000
137.854129 335.000000 155.000000 15.000000
137.871967 235.000000 75.000000 -5.000000
137.875641 425.000000 -205.000000 -45.000000
138.067603 215.000000 435.000000 -35.000000
138.116522 425.000000 -275.000000 95.000000
138.131241 -215.000000 195.000000 95.000000
138.151130 25.000000 -105.000000 65.000000
138.362547 -315.000000 -95.000000 -45.000000
138.368076 -455.000000 -165.000000 -5.000000
138.444412 -245.000000 -75.000000 -45.000000
138.516477 195.000000 385.000000 -5.000000
138.619905 415.000000 45.000000 -55.000000
138.628917 -115.000000 -345.000000 -75.000000
138.639128 -145.000000 -385.000000 105.000000
138.640070 195.000000 -55.000000 65.000000
138.654520 -375.000000 125.000000 -15.000000
138.770591 285.000000 85.000000 -95.000000
138.780372 -5.000000 -265.000000 45.000000
138.819078 315.000000 365.000000 5.000000
138.843038 -325.000000 35.000000 -85.000000
138.909610 -5.000000 195.000000 -25.000000
139.025694 -355.000000 105.000000 55.000000
139.039470 455.000000 -165.000000 95.000000
139.044170 -165.000000 -95.000000 25.000000
139.054722 -375.000000 -5.000000 65.000000
139.144527 415.000000 -5.000000 -65.000000
139.208022 95.000000 -285.000000 95.000000
139.250731 435.000000 -305.000000 -75.000000
139.258842 -75.000000 -365.000000 25.000000
139.265597 455.000000 -225.000000 5.000000
139.281446 -215.000000 225.000000 -75.000000
139.283445 -145.000000 75.000000 -55.000000
139.294906 -105.000000 -425.000000 5.000000
139.316297 -45.000000 105.000000 -5.000000
139.320510 -115.000000 -125.000000 15.000000
139.337298 -405.000000 55.000000 45.000000
139.360982 175.000000 -115.000000 -65.000000
139.362483 195.000000 265.000000 85.000000
139.376628 -135.000000 345.000000 -15.000000
139.385329 -255.000000 -95.000000 75.000000
139.512545 -85.000000 -135.000000 -15.000000
139.663970 -105.000000 -415.000000 25.000000
139.710909 -455.000000 -155.000000 -75.000000
139.748136 95.000000 -385.000000 15.000000
139.874712 425.000000 255.000000 65.000000
139.874717 -305.000000 -15.000000 -25.000000
139.875865 125.000000 325.000000 5.000000
139.886349 415.000000 -275.000000 -55.000000
139.912557 -135.000000 345.000000 -15.000000
140.029327 225.000000 -5.000000 -5.000000
140.060520 -175.000000 -205.000000 45.000000
140.145824 315.000000 435.000000 -75.000000
140.177150 265.000000 -35.000000 -35.000000
140.184260 415.000000 275.000000 75.000000
140.216816 -225.000000 195.000000 45.000000
140.287112 -355.000000 345.000000 45.000000
140.330862 105.000000 -395.000000 -5.000000
140.512185 -55.000000 -125.000000 -15.000000
140.533432 -325.000000 -55.000000 85.000000
140.539765 -45.000000 -185.000000 5.000000
140.628324 -95.000000 -335.000000 -25.000000
140.659083 135.000000 -95.000000 -35.000000
140.737600 195.000000 -425.000000 -85.000000
140.739869 -45.000000 -135.000000 45.000000
140.748684 165.000000 -15.000000 -5.000000
140.865244 -185.000000 -45.000000 -75.000000
140.899945 35.000000 45.000000 -45.000000
140.927107 425.000000 -405.000000 85.000000
141.026846 135.000000 365.000000 15.000000
141.156545 -225.000000 -25.000000 -25.000000
141.274197 -225.000000 -5.000000 -55.000000
141.357973 75.000000 -55.000000 15.000000
141.414704 155.000000 -75.000000 -75.000000
141.478508 215.000000 -215.000000 55.000000
141.661440 255.000000 -85.000000 -75.000000
141.739371 225.000000 -15.000000 65.000000
141.782925 -125.000000 65.000000 -25.000000
141.941681 15.000000 -15.000000 75.000000
141.961794 445.000000 -455.000000 85.000000
142.020627 45.000000 295.000000 -5.000000
142.069176 35.000000 175.000000 35.000000
142.078442 -235.000000 -365.000000 -15.000000
142.283995 -325.000000 -205.000000 55.000000
142.300304 -455.000000 -105.000000 85.000000
142.305958 -195.000000 -105.000000 55.000000
142.384771 15.000000 305.000000 65.000000
142.438860 425.000000 -45.000000 45.000000
142.521521 225.000000 -105.000000 -55.000000
142.630743 445.000000 -105.000000 105.000000
142.672155 -95.000000 365.000000 85.000000
142.676860 345.000000 285.000000 -45.000000
142.693700 -375.000000 -385.000000 65.000000
142.749512 105.000000 -175.000000 35.000000
142.878958 -275.000000 375.000000 -85.000000
142.911237 165.000000 -305.000000 45.000000
142.921195 -235.000000 -295.000000 35.000000
142.924339 295.000000 -125.000000 75.000000
142.952406 175.000000 -205.000000 5.000000
142.973798 -345.000000 -35.000000 85.000000
142.992916 385.000000 -405.000000 -95.000000
143.014899 -385.000000 -175.000000 25.000000
143.128057 385.000000 35.000000 -75.000000
143.233981 -305.000000 -395.000000 -15.000000
143.289344 -55.000000 35.000000 35.000000
143.319092 -175.000000 115.000000 105.000000
143.339329 165.000000 -365.000000 5.000000
143.567206 -345.000000 405.000000 5.000000
143.578505 -325.000000 385.000000 95.000000
143.684662 65.000000 395.000000 -45.000000
143.705321 -125.000000 375.000000 85.000000
143.775193 -65.000000 365.000000 -65.000000
143.812186 345.000000 -275.000000 -15.000000
143.865422 155.000000 -85.000000 5.000000
143.990623 295.000000 -335.000000 75.000000
144.118544 425.000000 -205.000000 85.000000
144.204240 -55.000000 -45.000000 -15.000000
144.243163 145.000000 -245.000000 75.000000
144.318189 -375.000000 335.000000 65.000000
144.405272 45.000000 -315.000000 105.000000
144.412420 175.000000 405.000000 -35.000000
144.454710 -225.000000 -425.000000 -65.000000
144.455210 -65.000000 -355.000000 -25.000000
144.487577 255.000000 -215.000000 55.000000
144.492479 -35.000000 115.000000 15.000000
144.669422 -225.000000 325.000000 -15.000000
144.693038 -215.000000 165.000000 25.000000
144.712875 375.000000 -415.000000 35.000000
144.718840 -25.000000 225.000000 5.000000
144.744429 235.000000 -175.000000 -65.000000
144.752162 265.000000 -95.000000 95.000000
144.775509 -85.000000 -175.000000 -5.000000
144.820591 -355.000000 155.000000 55.000000
144.885431 315.000000 -235.000000 75.000000
144.887829 75.000000 215.000000 -65.000000
145.135740 245.000000 435.000000 -5.000000
145.390304 175.000000 305.000000 -75.000000
145.465722 335.000000 -275.000000 95.000000
145.519783 435.000000 -375.000000 -95.000000
145.582793 -295.000000 -375.000000 25.000000
145.598815 -265.000000 335.000000 25.000000
145.685453 -305.000000 -335.000000 45.000000
145.840908 -445.000000 -45.000000 45.000000
146.022304 -125.000000 -305.000000 5.000000
146.238260 385.000000 -165.000000 75.000000
146.473686 -165.000000 -135.000000 5.000000
146.511627 -45.000000 -365.000000 65.000000
146.570212 -175.000000 195.000000 45.000000
146.596286 285.000000 415.000000 55.000000
146.620771 85.000000 -315.000000 55.000000
146.768193 -345.000000 425.000000 105.000000
146.770673 -125.000000 415.000000 15.000000
146.794262 -425.000000 15.000000 95.000000
146.821678 145.000000 -95.000000 55.000000
146.824687 225.000000 205.000000 5.000000
146.906215 -185.000000 45.000000 45.000000
146.965908 155.000000 295.000000 55.000000
146.969673 -245.000000 -185.000000 -35.000000
146.974419 125.000000 -355.000000 45.000000
147.059783 -395.000000 -255.000000 75.000000
147.093762 25.000000 -195.000000 35.000000
147.239816 415.000000 155.000000 -15.000000
147.260815 165.000000 -185.000000 85.000000
147.261133 135.000000 -265.000000 -35.000000
147.305257 -345.000000 -445.000000 -75.000000
147.340506 -165.000000 -385.000000 -45.000000
147.385039 -395.000000 195.000000 -35.000000
147.470751 445.000000 -105.000000 -45.000000
147.497818 65.000000 145.000000 95.000000
147.522656 325.000000 385.000000 25.000000
147.599105 365.000000 355.000000 -35.000000
147.660149 -405.000000 -35.000000 25.000000
147.681898 185.000000 85.000000 -35.000000
147.690288 -175.000000 -145.000000 -75.000000
147.730579 -45.000000 315.000000 35.000000
147.758186 255.000000 -125.000000 45.000000
147.760108 125.000000 -175.000000 55.000000
147.925793 -85.000000 245.000000 -15.000000
148.123936 -325.000000 75.000000 -5.000000
148.136432 15.000000 345.000000 65.000000
148.222736 35.000000 -135.000000 -15.000000
148.294881 -355.000000 -445.000000 -95.000000
148.430224 -145.000000 -85.000000 85.000000
148.543590 -5.000000 -375.000000 -5.000000
148.586168 305.000000 -365.000000 55.000000
148.667995 -275.000000 305.000000 -75.000000
148.750437 415.000000 125.000000 105.000000
148.803986 155.000000 55.000000 5.000000
148.848868 425.000000 455.000000 95.000000
148.884015 305.000000 165.000000 -55.000000
149.039156 -265.000000 235.000000 35.000000
149.058844 -435.000000 -105.000000 -5.000000
149.092812 345.000000 -255.000000 25.000000
149.124808 -425.000000 365.000000 -85.000000
149.231778 -195.000000 445.000000 -25.000000
149.350197 415.000000 -315.000000 -65.000000
149.401314 -315.000000 -295.000000 -65.000000
149.424367 -435.000000 185.000000 -85.000000
149.476819 -325.000000 -355.000000 -85.000000
149.480305 -325.000000 -75.000000 -65.000000
149.530054 285.000000 385.000000 -35.000000
149.576884 -155.000000 -255.000000 -55.000000
149.604117 -145.000000 395.000000 -45.000000
149.720666 -175.000000 325.000000 45.000000
149.742849 195.000000 -285.000000 -55.000000
149.778248 375.000000 85.000000 -55.000000
149.786355 -265.000000 -55.000000 95.000000
149.787700 -35.000000 -435.000000 -5.000000
149.847027 -165.000000 295.000000 55.000000
149.866573 -235.000000 -455.000000 -45.000000
149.886590 -345.000000 -445.000000 -75.000000
149.906096 -425.000000 385.000000 -35.000000
149.957821 5.000000 105.000000 75.000000
149.957998 435.000000 115.000000 65.000000
149.995428 -165.000000 -155.000000 85.000000
150.072578 -135.000000 285.000000 105.000000
150.100919 -165.000000 165.000000 -55.000000
150.124992 275.000000 145.000000 85.000000
150.166597 -75.000000 215.000000 55.000000
150.211441 215.000000 275.000000 -85.000000
150.265910 385.000000 305.000000 85.000000
150.275368 -425.000000 -155.000000 95.000000
150.407032 185.000000 -245.000000 105.000000
150.616928 -65.000000 215.000000 105.000000
150.623876 185.000000 -145.000000 95.000000
150.664753 325.000000 275.000000 25.000000
150.675266 -95.000000 305.000000 -15.000000
150.796433 85.000000 -165.000000 5.000000
150.814412 -155.000000 -125.000000 45.000000
150.824747 405.000000 5.000000 75.000000
150.833704 -175.000000 -65.000000 -45.000000
150.917628 185.000000 -125.000000 -35.000000
150.918792 225.000000 -255.000000 -65.000000
151.032051 -45.000000 175.000000 85.000000
151.092533 285.000000 -95.000000 -95.000000
151.159321 105.000000 235.000000 95.000000
151.220854 245.000000 -35.000000 -75.000000
151.231496 -185.000000 275.000000 -65.000000
151.245127 245.000000 -95.000000 105.000000
151.258300 -285.000000 -295.000000 -55.000000
151.333829 385.000000 -35.000000 65.000000
151.397270 -125.000000 -125.000000 5.000000
151.600600 275.000000 5.000000 -5.000000
151.750120 -15.000000 185.000000 -35.000000
151.806510 -345.000000 -435.000000 -35.000000
151.844998 265.000000 355.000000 25.000000
151.883535 -445.000000 15.000000 -55.000000
151.901139 -135.000000 -325.000000 85.000000
151.903148 -455.000000 45.000000 75.000000
152.000850 -365.000000 -35.000000 5.000000
152.037207 -165.000000 165.000000 55.000000
152.127783 405.000000 -125.000000 55.000000
152.145918 -235.000000 255.000000 -55.000000
152.150547 145.000000 185.000000 15.000000
152.151514 165.000000 -445.000000 -85.000000
152.184727 -165.000000 -265.000000 55.000000
152.360076 55.000000 -355.000000 -35.000000
152.362059 195.000000 455.000000 85.000000
152.397820 35.000000 -245.000000 15.000000
152.401646 165.000000 -55.000000 -65.000000
152.595868 125.000000 455.000000 -5.000000
152.779960 -315.000000 -175.000000 55.000000
152.785398 255.000000 -345.000000 -55.000000
152.842473 -95.000000 -235.000000 15.000000
152.951485 375.000000 -105.000000 -95.000000
152.985461 -315.000000 -215.000000 -75.000000
153.117728 385.000000 -305.000000 -15.000000
153.200708 -215.000000 -35.000000 105.000000
153.279302 -255.000000 -75.000000 5.000000
153.536878 175.000000 275.000000 35.000000
153.562008 35.000000 -275.000000 -5.000000
153.605172 415.000000 135.000000 -5.000000
153.615492 -395.000000 255.000000 105.000000
153.616922 -205.000000 -425.000000 75.000000
153.758392 -195.000000 455.000000 -45.000000
153.767705 -195.000000 -105.000000 -75.000000
153.770665 225.000000 -215.000000 -25.000000
153.788789 -15.000000 395.000000 -35.000000
153.922010 -55.000000 245.000000 95.000000
153.934032 -335.000000 75.000000 -35.000000
153.970627 -415.000000 365.000000 -75.000000
153.978630 -435.000000 -385.000000 5.000000
153.991662 325.000000 275.000000 65.000000
154.007640 -275.000000 -315.000000 -25.000000
154.062795 -435.000000 -275.000000 55.000000
154.187692 -65.000000 -175.000000 -15.000000
154.218842 -335.000000 -415.000000 -35.000000
154.254229 -335.000000 -415.000000 55.000000
154.271987 -275.000000 -45.000000 85.000000
154.401421 -185.000000 55.000000 -5.000000
154.410529 295.000000 -125.000000 45.000000
154.464842 435.000000 -275.000000 -5.000000
154.465857 345.000000 105.000000 55.000000
154.514099 -335.000000 -335.000000 -85.000000
154.568433 245.000000 445.000000 5.000000
154.600559 -85.000000 -445.000000 35.000000
154.614882 -435.000000 -405.000000 95.000000
154.636767 135.000000 405.000000 -15.000000
154.699971 -425.000000 315.000000 85.000000
154.704820 -375.000000 -185.000000 105.000000
154.744224 355.000000 -145.000000 25.000000
154.784460 185.000000 255.000000 75.000000
154.826202 365.000000 185.000000 5.000000
154.834042 175.000000 365.000000 5.000000
154.861282 85.000000 -455.000000 45.000000
154.991400 -275.000000 305.000000 75.000000
155.008935 195.000000 -75.000000 -55.000000
155.101074 -285.000000 -205.000000 -45.000000
155.169864 -445.000000 285.000000 -5.000000
155.189537 -165.000000 105.000000 65.000000
155.284340 -405.000000 355.000000 -95.000000
155.351368 135.000000 55.000000 -5.000000
155.377180 205.000000 165.000000 -65.000000
155.402913 -175.000000 -245.000000 65.000000
155.493181 405.000000 295.000000 15.000000
155.498326 -285.000000 115.000000 95.000000
155.552482 -25.000000 15.000000 -65.000000
155.613919 205.000000 -145.000000 15.000000
155.639808 15.000000 -75.000000 105.000000
155.639897 355.000000 -305.000000 105.000000
155.660857 -355.000000 -65.000000 -35.000000
155.666035 -45.000000 -135.000000 -85.000000
155.707392 -275.000000 315.000000 85.000000
155.817085 -215.000000 75.000000 -95.000000
155.845509 -105.000000 115.000000 15.000000
155.882291 -325.000000 175.000000 -15.000000
155.976366 -45.000000 245.000000 95.000000
156.006120 305.000000 345.000000 65.000000
156.108844 -45.000000 365.000000 65.000000
156.214918 -355.000000 345.000000 15.000000
156.223275 -35.000000 -445.000000 85.000000
156.268555 95.000000 -335.000000 -35.000000
156.277802 395.000000 225.000000 -45.000000
156.300660 105.000000 -235.000000 105.000000
156.308402 445.000000 -435.000000 75.000000
156.324087 345.000000 -95.000000 25.000000
156.384476 -5.000000 -125.000000 -75.000000
156.542647 225.000000 135.000000 -65.000000
156.564848 -35.000000 -105.000000 5.000000
156.720518 185.000000 425.000000 5.000000
156.759639 -205.000000 -445.000000 -35.000000
156.770453 -435.000000 365.000000 35.000000
156.814577 15.000000 -435.000000 -75.000000
156.824366 -425.000000 305.000000 105.000000
156.936074 415.000000 185.000000 105.000000
156.940359 -195.000000 -75.000000 -35.000000
157.011215 -185.000000 -85.000000 -65.000000
157.081028 -55.000000 115.000000 -15.000000
157.206629 135.000000 385.000000 85.000000
157.273736 -455.000000 -265.000000 -35.000000
157.278002 85.000000 65.000000 -85.000000
157.398403 -55.000000 -45.000000 -5.000000
157.417629 175.000000 285.000000 25.000000
157.508233 -345.000000 225.000000 85.000000
157.517457 -415.000000 5.000000 -85.000000
157.547040 165.000000 35.000000 5.000000
157.547455 -135.000000 -145.000000 -35.000000
157.574419 155.000000 105.000000 -55.000000
157.600170 415.000000 -215.000000 35.000000
157.641657 -75.000000 395.000000 55.000000
157.687939 -215.000000 95.000000 105.000000
157.740593 175.000000 345.000000 -85.000000
157.867963 365.000000 -425.000000 -45.000000
157.871681 185.000000 285.000000 25.000000
157.872183 -295.000000 125.000000 -35.000000
157.955946 325.000000 185.000000 -75.000000
157.976193 355.000000 415.000000 95.000000
158.062422 405.000000 -5.000000 -35.000000
158.072203 85.000000 95.000000 -15.000000
158.160970 205.000000 145.000000 85.000000
158.319273 -305.000000 -375.000000 95.000000
158.331560 -165.000000 135.000000 65.000000
158.393868 -235.000000 455.000000 95.000000
158.426807 -445.000000 -185.000000 25.000000
158.442192 395.000000 -425.000000 65.000000
158.469241 -345.000000 395.000000 105.000000
158.497426 -295.000000 -355.000000 65.000000
158.552945 315.000000 -395.000000 55.000000
158.577605 65.000000 305.000000 -95.000000
158.607568 315.000000 -335.000000 25.000000
158.638976 -255.000000 275.000000 5.000000
158.640772 -65.000000 55.000000 -55.000000
158.694658 -265.000000 445.000000 65.000000
158.695679 315.000000 175.000000 75.000000
158.709562 65.000000 -255.000000 25.000000
158.893250 305.000000 -255.000000 45.000000
158.937038 75.000000 305.000000 55.000000
159.175554 65.000000 -255.000000 15.000000
159.232785 95.000000 25.000000 55.000000
159.258330 235.000000 15.000000 -45.000000
159.290484 385.000000 305.000000 15.000000
159.411916 -385.000000 395.000000 15.000000
159.472480 -55.000000 305.000000 25.000000
159.480665 195.000000 -75.000000 -55.000000
159.484706 95.000000 -185.000000 65.000000
159.505611 265.000000 -265.000000 -15.000000
159.581396 185.000000 135.000000 105.000000
159.744252 -25.000000 365.000000 -75.000000
159.922681 -135.000000 155.000000 55.000000
159.945274 -155.000000 -245.000000 85.000000
159.981203 -435.000000 275.000000 -85.000000
160.169639 -295.000000 -75.000000 -25.000000
160.204738 145.000000 -405.000000 -75.000000
160.207026 -195.000000 125.000000 -45.000000
160.388421 -5.000000 -345.000000 -75.000000
160.442428 85.000000 165.000000 -45.000000
160.545704 -405.000000 395.000000 55.000000
160.650925 415.000000 165.000000 -55.000000
160.659492 -135.000000 255.000000 75.000000
160.795102 75.000000 -455.000000 25.000000
160.824603 -265.000000 -35.000000 15.000000
160.920867 125.000000 -275.000000 5.000000
160.927591 -385.000000 -445.000000 15.000000
160.997790 145.000000 425.000000 -75.000000
161.013644 -105.000000 75.000000 15.000000
161.132436 115.000000 115.000000 -95.000000
161.171368 -315.000000 165.000000 -35.000000
161.209293 215.000000 -425.000000 -65.000000
161.222660 15.000000 115.000000 -85.000000
161.325927 -175.000000 -115.000000 35.000000
161.440735 305.000000 -405.000000 5.000000
161.446844 385.000000 -355.000000 5.000000
161.506247 -355.000000 265.000000 45.000000
161.521974 -265.000000 145.000000 -5.000000
161.549560 -375.000000 165.000000 35.000000
161.611943 -315.000000 -315.000000 105.000000
161.615446 145.000000 405.000000 35.000000
161.636001 -85.000000 -335.000000 55.000000
161.642975 375.000000 -235.000000 85.000000
161.684430 35.000000 -385.000000 45.000000
161.716564 75.000000 -165.000000 5.000000
161.862064 225.000000 -265.000000 5.000000
161.946930 105.000000 155.000000 35.000000
161.955322 435.000000 165.000000 85.000000
162.066044 205.000000 245.000000 55.000000
162.066792 -415.000000 235.000000 -55.000000
162.163546 -375.000000 395.000000 85.000000
162.220859 105.000000 115.000000 25.000000
162.376273 -25.000000 -205.000000 -65.000000
162.406836 115.000000 395.000000 -5.000000
162.408794 275.000000 -135.000000 -95.000000
162.423286 -95.000000 -55.000000 65.000000
162.446210 55.000000 -435.000000 105.000000
162.449234 -205.000000 -175.000000 -75.000000
162.478288 125.000000 -245.000000 25.000000
162.530401 -205.000000 145.000000 95.000000
162.534755 135.000000 255.000000 -75.000000
162.558410 -225.000000 245.000000 -85.000000
162.613962 275.000000 65.000000 -35.000000
162.614657 295.000000 235.000000 85.000000
162.640432 -195.000000 -45.000000 -85.000000
162.674864 415.000000 45.000000 55.000000
162.687965 325.000000 -235.000000 -65.000000
162.780280 355.000000 -185.000000 -75.000000
162.804706 225.000000 265.000000 -15.000000
162.922319 15.000000 375.000000 85.000000
162.960303 -35.000000 235.000000 -45.000000
162.999819 85.000000 105.000000 -55.000000
163.092427 -275.000000 95.000000 -45.000000
163.150789 -405.000000 -285.000000 -95.000000
163.168427 395.000000 -185.000000 -35.000000
163.177114 -125.000000 165.000000 -85.000000
163.252102 -45.000000 235.000000 55.000000
163.310209 -115.000000 85.000000 -15.000000
163.348953 405.000000 -435.000000 65.000000
163.355465 335.000000 5.000000 -85.000000
163.556587 -245.000000 335.000000 85.000000
163.578028 205.000000 425.000000 85.000000
163.707675 5.000000 -105.000000 25.000000
163.716330 -35.000000 -285.000000 -15.000000
163.804976 295.000000 195.000000 5.000000
163.878593 365.000000 325.000000 -25.000000
163.914319 -95.000000 385.000000 -25.000000
163.952188 -135.000000 -415.000000 -75.000000
164.049896 -275.000000 395.000000 -35.000000
164.072999 335.000000 -385.000000 -65.000000
164.135631 15.000000 15.000000 -75.000000
164.206418 -235.000000 -325.000000 -35.000000
164.354883 405.000000 35.000000 -35.000000
164.358883 -295.000000 185.000000 -55.000000
164.503670 295.000000 -155.000000 -45.000000
164.507268 175.000000 345.000000 -85.000000
164.544411 -415.000000 375.000000 55.000000
164.554008 -325.000000 125.000000 95.000000
164.609596 155.000000 265.000000 -85.000000
164.654808 275.000000 -315.000000 45.000000
164.682449 -425.000000 15.000000 -45.000000
164.758939 115.000000 385.000000 -5.000000
164.800358 -405.000000 135.000000 -85.000000
164.920667 255.000000 -85.000000 75.000000
164.954698 -385.000000 -225.000000 25.000000
164.961853 -75.000000 145.000000 5.000000
165.010056 -165.000000 -225.000000 45.000000
165.030688 15.000000 -435.000000 45.000000
165.241138 -405.000000 225.000000 35.000000
165.310549 -265.000000 -175.000000 55.000000
165.322111 -255.000000 435.000000 95.000000
165.324072 -255.000000 35.000000 75.000000
165.353741 -135.000000 -375.000000 -65.000000
165.366173 -375.000000 -315.000000 -85.000000
165.435236 355.000000 -305.000000 95.000000
165.438324 -245.000000 -125.000000 -35.000000
165.618481 105.000000 245.000000 -15.000000
165.624224 -145.000000 -305.000000 25.000000
165.721648 165.000000 425.000000 45.000000
165.774187 5.000000 -55.000000 -85.000000
165.824924 385.000000 -195.000000 65.000000
165.832143 305.000000 335.000000 -95.000000
165.984789 -95.000000 -145.000000 75.000000
166.016108 -215.000000 -75.000000 15.000000
166.053738 -285.000000 345.000000 5.000000
166.105928 -135.000000 -75.000000 -15.000000
166.185315 65.000000 45.000000 45.000000
166.199169 -385.000000 -175.000000 -85.000000
166.394423 345.000000 -125.000000 5.000000
166.497058 -25.000000 -425.000000 -65.000000
166.512235 -55.000000 205.000000 85.000000
166.601229 -255.000000 -15.000000 35.000000
166.693306 155.000000 -345.000000 -55.000000
166.784829 -275.000000 205.000000 -35.000000
166.785347 -295.000000 135.000000 35.000000
166.822630 -55.000000 285.000000 -25.000000
166.859242 -425.000000 405.000000 95.000000
166.894222 75.000000 -375.000000 5.000000
166.937466 15.000000 335.000000 -15.000000
166.981300 -355.000000 285.000000 -85.000000
167.055952 125.000000 195.000000 95.000000
167.056192 -115.000000 -45.000000 95.000000
167.089777 325.000000 255.000000 15.000000
167.112272 -155.000000 25.000000 -5.000000
167.227299 -175.000000 -405.000000 105.000000
167.287198 -245.000000 -105.000000 55.000000
167.329245 315.000000 255.000000 -95.000000
167.365564 445.000000 225.000000 45.000000
167.424033 205.000000 325.000000 -85.000000
167.441404 325.000000 -75.000000 75.000000
167.478487 -355.000000 265.000000 -35.000000
167.501217 55.000000 -235.000000 45.000000
167.535267 -395.000000 -185.000000 -85.000000
167.552104 15.000000 -175.000000 75.000000
167.583843 315.000000 -155.000000 75.000000
167.608885 235.000000 55.000000 -45.000000
167.742057 -5.000000 -195.000000 45.000000
167.803802 -5.000000 275.000000 45.000000
167.895071 35.000000 155.000000 -5.000000
167.949064 75.000000 -205.000000 -55.000000
168.014918 285.000000 -5.000000 -25.000000
168.084758 395.000000 415.000000 5.000000
168.111487 135.000000 -395.000000 35.000000
168.143726 355.000000 55.000000 -95.000000
168.174517 -295.000000 415.000000 -35.000000
168.229594 85.000000 25.000000 -25.000000
168.301310 -75.000000 -295.000000 -35.000000
168.311780 -235.000000 5.000000 45.000000
168.317830 -105.000000 135.000000 -85.000000
168.535571 75.000000 -185.000000 35.000000
168.574202 165.000000 125.000000 -85.000000
168.682018 -235.000000 165.000000 5.000000
168.738222 385.000000 -335.000000 75.000000
168.758722 415.000000 -145.000000 45.000000
168.790281 415.000000 265.000000 65.000000
168.851989 25.000000 -155.000000 95.000000
168.853872 25.000000 -45.000000 -45.000000
168.889782 -115.000000 -435.000000 65.000000
168.962696 375.000000 315.000000 -25.000000
168.986814 5.000000 135.000000 5.000000
169.045446 5.000000 -235.000000 -5.000000
169.064505 245.000000 -85.000000 -85.000000
169.084445 -245.000000 -325.000000 -5.000000
169.152842 -395.000000 -305.000000 -75.000000
169.164859 55.000000 75.000000 -15.000000
169.196384 215.000000 15.000000 25.000000
169.208461 -135.000000 -255.000000 25.000000
169.239485 -145.000000 145.000000 15.000000
169.339449 -405.000000 345.000000 25.000000
169.404137 -165.000000 -285.000000 -15.000000
169.471137 425.000000 95.000000 95.000000
169.504928 -245.000000 -295.000000 95.000000
169.546338 -355.000000 -125.000000 -25.000000
169.619591 365.000000 265.000000 25.000000
169.633525 -205.000000 -385.000000 -65.000000
169.663997 -415.000000 395.000000 -35.000000
169.705172 -355.000000 -345.000000 55.000000
169.790013 425.000000 405.000000 75.000000
169.816819 -235.000000 265.000000 25.000000
169.836717 255.000000 235.000000 75.000000
169.869751 -245.000000 -185.000000 65.000000
169.946993 -265.000000 -255.000000 65.000000
169.988826 245.000000 -185.000000 25.000000
170.023715 -135.000000 115.000000 15.000000
170.084656 45.000000 -205.000000 -15.000000
170.128561 345.000000 265.000000 -65.000000
170.159196 -185.000000 -35.000000 85.000000
170.165101 35.000000 -165.000000 45.000000
170.201485 145.000000 265.000000 35.000000
170.214966 325.000000 -155.000000 5.000000
170.251350 435.000000 375.000000 -5.000000
170.381531 65.000000 -105.000000 75.000000
170.385759 -385.000000 -95.000000 5.000000
170.467950 195.000000 145.000000 -45.000000
170.472491 -195.000000 -435.000000 -25.000000
170.481360 -395.000000 445.000000 -5.000000
170.524656 155.000000 -255.000000 -75.000000
170.550686 -425.000000 405.000000 -75.000000
170.564066 -85.000000 15.000000 85.000000
170.673077 -435.000000 -135.000000 -45.000000
170.892828 175.000000 95.000000 75.000000
171.088811 375.000000 -295.000000 105.000000
171.123471 -235.000000 405.000000 -95.000000
171.206481 -5.000000 235.000000 -15.000000
171.238364 -405.000000 -255.000000 45.000000
171.253002 -5.000000 -205.000000 -75.000000
171.258555 385.000000 -445.000000 75.000000
171.273023 -235.000000 -175.000000 55.000000
171.291438 -435.000000 185.000000 75.000000
171.412953 45.000000 -45.000000 -25.000000
171.434144 -165.000000 -445.000000 35.000000
171.494864 305.000000 -405.000000 -75.000000
171.629126 -315.000000 335.000000 15.000000
171.652875 -15.000000 -45.000000 105.000000
171.722476 125.000000 -45.000000 85.000000
171.743377 -425.000000 -125.000000 85.000000
171.772396 -115.000000 395.000000 95.000000
171.772711 -445.000000 -105.000000 75.000000
171.896715 335.000000 375.000000 -15.000000
171.915043 -415.000000 -395.000000 -25.000000
171.952105 -455.000000 -295.000000 -65.000000
171.990391 -405.000000 -195.000000 -45.000000
172.044744 -45.000000 195.000000 -65.000000
172.076579 -245.000000 -155.000000 -75.000000
172.099051 55.000000 5.000000 45.000000
172.117616 -255.000000 415.000000 -15.000000
172.118520 -365.000000 -385.000000 55.000000
172.151414 -225.000000 -35.000000 55.000000
172.159980 305.000000 345.000000 5.000000
172.164837 -205.000000 235.000000 65.000000
172.196325 45.000000 -35.000000 -5.000000
172.313020 325.000000 -205.000000 -95.000000
172.445950 -315.000000 -255.000000 -25.000000
172.485190 -345.000000 225.000000 -15.000000
172.557663 35.000000 215.000000 65.000000
172.562059 185.000000 245.000000 85.000000
172.571345 -55.000000 -395.000000 -65.000000
172.579343 -255.000000 -225.000000 5.000000
172.581664 -145.000000 265.000000 -5.000000
172.955291 -115.000000 365.000000 65.000000
172.993664 215.000000 415.000000 95.000000
173.013050 -95.000000 -235.000000 15.000000
173.106617 -255.000000 365.000000 55.000000
173.174528 145.000000 275.000000 -25.000000
173.217549 -385.000000 435.000000 45.000000
173.302379 -385.000000 -95.000000 -5.000000
173.422422 -5.000000 -305.000000 55.000000
173.455205 445.000000 -315.000000 55.000000
173.463347 -115.000000 -205.000000 -85.000000
173.472920 75.000000 275.000000 -65.000000
173.540156 55.000000 215.000000 -35.000000
173.553634 -135.000000 5.000000 -45.000000
173.701529 95.000000 -345.000000 -85.000000
173.801332 -185.000000 35.000000 55.000000
173.885758 65.000000 -405.000000 -85.000000
173.958630 -195.000000 -455.000000 -35.000000
173.958847 445.000000 -425.000000 85.000000
174.149644 -325.000000 165.000000 25.000000
174.185854 235.000000 65.000000 -35.000000
174.445470 -45.000000 -395.000000 25.000000
174.482161 -235.000000 375.000000 35.000000
174.530110 295.000000 325.000000 5.000000
174.580660 -385.000000 -65.000000 55.000000
174.581331 -85.000000 65.000000 15.000000
174.594513 95.000000 45.000000 -85.000000
174.599945 -365.000000 55.000000 85.000000
174.640255 -435.000000 385.000000 -55.000000
174.744863 165.000000 265.000000 75.000000
174.822775 -275.000000 165.000000 25.000000
174.879310 -75.000000 75.000000 -65.000000
174.881062 -165.000000 -15.000000 -75.000000
174.941963 -35.000000 -85.000000 15.000000
174.957185 385.000000 -25.000000 85.000000
175.005089 435.000000 445.000000 -45.000000
175.014892 -375.000000 -135.000000 -5.000000
175.031949 65.000000 -395.000000 45.000000
175.184851 185.000000 55.000000 25.000000
175.219024 385.000000 -255.000000 75.000000
175.276801 -45.000000 65.000000 -65.000000
175.285830 -35.000000 -335.000000 -95.000000
175.303794 -415.000000 125.000000 25.000000
175.305205 -5.000000 -25.000000 -45.000000
175.340574 105.000000 -335.000000 65.000000
175.512228 5.000000 -265.000000 5.000000
175.532056 -305.000000 315.000000 85.000000
175.545365 -305.000000 -205.000000 -75.000000
175.559850 -165.000000 -235.000000 5.000000
175.617422 -355.000000 235.000000 75.000000
175.625998 -415.000000 -415.000000 -95.000000
175.630619 -345.000000 325.000000 25.000000
175.651249 25.000000 155.000000 -95.000000
175.664743 -175.000000 365.000000 55.000000
175.743886 -75.000000 285.000000 -55.000000
175.802996 -205.000000 -35.000000 -65.000000
175.834580 -95.000000 275.000000 -15.000000
175.870781 -85.000000 135.000000 15.000000
175.914584 45.000000 -265.000000 15.000000
176.042697 275.000000 -165.000000 5.000000
176.070716 -75.000000 -375.000000 -65.000000
176.109964 375.000000 -85.000000 55.000000
176.114287 -45.000000 345.000000 85.000000
176.142069 -195.000000 -425.000000 -5.000000
176.144708 75.000000 -65.000000 75.000000
176.179367 265.000000 35.000000 95.000000
176.180480 315.000000 -405.000000 -85.000000
176.222686 -445.000000 -285.000000 -35.000000
176.307332 -185.000000 -385.000000 -5.000000
176.337505 -385.000000 415.000000 105.000000
176.380153 25.000000 -405.000000 -5.000000
176.415543 -145.000000 95.000000 5.000000
176.435728 115.000000 75.000000 75.000000
176.479500 425.000000 -335.000000 65.000000
176.513103 115.000000 -95.000000 -75.000000
176.548130 -335.000000 245.000000 -35.000000
176.557772 -425.000000 25.000000 -55.000000
176.581438 55.000000 375.000000 65.000000
176.599981 -15.000000 435.000000 -5.000000
176.644603 115.000000 -35.000000 -35.000000
176.718144 -345.000000 -335.000000 -55.000000
176.725285 75.000000 -35.000000 -25.000000
176.806872 -145.000000 -405.000000 95.000000
176.816275 365.000000 -445.000000 85.000000
176.820770 305.000000 85.000000 -5.000000
176.850168 235.000000 -275.000000 -25.000000
176.924704 -255.000000 255.000000 -95.000000
176.993772 245.000000 135.000000 -15.000000
177.103212 65.000000 215.000000 5.000000
177.225920 -245.000000 -445.000000 75.000000
177.243801 -25.000000 25.000000 55.000000
177.318275 -145.000000 185.000000 -45.000000
177.445075 395.000000 135.000000 65.000000
177.448492 -315.000000 -405.000000 95.000000
177.462787 -135.000000 425.000000 35.000000
177.545511 -365.000000 255.000000 -85.000000
177.619643 -185.000000 -175.000000 -25.000000
177.633170 -205.000000 -255.000000 85.000000
177.663481 -185.000000 445.000000 75.000000
177.674300 175.000000 -185.000000 105.000000
177.698370 -185.000000 -35.000000 55.000000
177.832386 -25.000000 385.000000 45.000000
177.885459 -165.000000 -105.000000 95.000000
177.998840 455.000000 245.000000 -55.000000
178.102859 -445.000000 -165.000000 -85.000000
178.161125 -135.000000 -415.000000 25.000000
178.171811 285.000000 -355.000000 5.000000
178.177219 75.000000 -305.000000 5.000000
178.179091 -365.000000 -45.000000 35.000000
178.301570 -245.000000 65.000000 -75.000000
178.341765 -285.000000 -395.000000 15.000000
178.383431 -155.000000 -5.000000 15.000000
178.433145 -25.000000 -435.000000 -25.000000
178.448043 -215.000000 345.000000 55.000000
178.522458 -195.000000 -425.000000 -5.000000
178.625931 -365.000000 -5.000000 -95.000000
178.645785 205.000000 -195.000000 -15.000000
178.674688 95.000000 -165.000000 -35.000000
178.717763 375.000000 385.000000 65.000000
178.811776 -185.000000 45.000000 -55.000000
178.906095 -315.000000 75.000000 -55.000000
178.906262 195.000000 -365.000000 -25.000000
178.951717 315.000000 65.000000 55.000000
179.004124 425.000000 65.000000 55.000000
179.030495 -285.000000 265.000000 35.000000
179.133199 5.000000 -455.000000 105.000000
179.134418 -215.000000 -405.000000 55.000000
179.149584 345.000000 -15.000000 -65.000000
179.180284 145.000000 455.000000 -25.000000
179.180749 -175.000000 -345.000000 -55.000000
179.290540 235.000000 415.000000 45.000000
179.435660 105.000000 -25.000000 -35.000000
179.453296 125.000000 265.000000 -15.000000
179.494465 335.000000 25.000000 35.000000
179.618127 105.000000 -15.000000 85.000000
179.635488 415.000000 195.000000 45.000000
179.666365 65.000000 385.000000 25.000000
179.674608 -85.000000 85.000000 -45.000000
179.728968 -15.000000 415.000000 -15.000000
179.864362 125.000000 -225.000000 -85.000000
179.966310 175.000000 -445.000000 -5.000000
180.164705 445.000000 -175.000000 15.000000
180.169982 175.000000 -185.000000 75.000000
180.247087 -305.000000 95.000000 95.000000
180.249307 225.000000 85.000000 -95.000000
180.330164 -305.000000 225.000000 -25.000000
180.504642 445.000000 205.000000 -55.000000
180.610462 -125.000000 -115.000000 55.000000
180.631249 -135.000000 -275.000000 -45.000000
180.705146 -275.000000 -215.000000 55.000000
180.750794 15.000000 135.000000 55.000000
180.754153 -105.000000 215.000000 -25.000000
180.800195 -365.000000 -145.000000 -15.000000
180.939011 -185.000000 255.000000 15.000000
181.011882 335.000000 95.000000 -35.000000
181.014510 405.000000 205.000000 85.000000
181.145565 -335.000000 215.000000 45.000000
181.204122 -75.000000 225.000000 105.000000
181.306781 425.000000 -295.000000 5.000000
181.331991 -225.000000 -135.000000 45.000000
181.380229 395.000000 255.000000 -25.000000
181.393380 -435.000000 35.000000 85.000000
181.438542 265.000000 365.000000 65.000000
181.495916 135.000000 275.000000 -35.000000
181.507575 -345.000000 335.000000 15.000000
181.538265 -335.000000 145.000000 -65.000000
181.603862 325.000000 -385.000000 45.000000
181.613659 415.000000 -235.000000 -85.000000
181.678771 -295.000000 345.000000 -15.000000
181.698740 135.000000 345.000000 -15.000000
181.729972 -135.000000 -285.000000 -75.000000
181.871612 -105.000000 355.000000 35.000000
181.959491 -15.000000 175.000000 -75.000000
181.988850 105.000000 315.000000 35.000000
181.993712 -415.000000 -35.000000 5.000000
182.026818 385.000000 -205.000000 -15.000000
182.051176 -85.000000 -415.000000 75.000000
182.062621 -415.000000 215.000000 95.000000
182.064087 -235.000000 215.000000 45.000000
182.117068 -155.000000 -345.000000 -15.000000
182.215641 -45.000000 305.000000 -55.000000
182.522851 175.000000 -405.000000 -75.000000
182.600453 185.000000 85.000000 -55.000000
182.624012 -115.000000 295.000000 75.000000
182.643023 345.000000 -35.000000 -85.000000
182.669086 135.000000 -55.000000 25.000000
182.672818 115.000000 15.000000 105.000000
182.724853 335.000000 -85.000000 5.000000
182.815392 -225.000000 -275.000000 -5.000000
182.843677 -295.000000 -435.000000 -85.000000
182.879077 -365.000000 165.000000 75.000000
182.890748 25.000000 -45.000000 -75.000000
183.022950 105.000000 -185.000000 -55.000000
183.122760 -215.000000 145.000000 55.000000
183.195645 -165.000000 135.000000 -95.000000
183.265674 55.000000 -365.000000 55.000000
183.309570 -285.000000 265.000000 25.000000
183.342497 -305.000000 165.000000 5.000000
183.383819 -255.000000 -105.000000 -95.000000
183.396628 95.000000 185.000000 65.000000
183.406127 -315.000000 315.000000 5.000000
183.467242 295.000000 275.000000 -95.000000
183.476513 -25.000000 -395.000000 -35.000000
183.598501 255.000000 75.000000 45.000000
183.613286 375.000000 -195.000000 -75.000000
183.701211 415.000000 415.000000 -45.000000
183.842349 -245.000000 25.000000 95.000000
183.850695 -445.000000 -105.000000 -5.000000
183.885304 315.000000 315.000000 -35.000000
184.032818 -275.000000 165.000000 -65.000000
184.086870 165.000000 -255.000000 -25.000000
184.112361 35.000000 -425.000000 -35.000000
184.179110 245.000000 -275.000000 25.000000
184.225719 -245.000000 -155.000000 65.000000
184.316985 -215.000000 325.000000 -65.000000
184.380399 25.000000 -5.000000 -55.000000
184.385456 -35.000000 -15.000000 75.000000
184.386082 -295.000000 405.000000 55.000000
184.414673 5.000000 35.000000 65.000000
184.415863 435.000000 155.000000 -45.000000
184.423476 -165.000000 85.000000 -45.000000
184.502029 -305.000000 -115.000000 -25.000000
184.602883 -75.000000 -425.000000 -15.000000
184.661933 35.000000 -405.000000 -25.000000
184.722294 425.000000 -405.000000 75.000000
184.732817 395.000000 65.000000 -5.000000
184.787083 -35.000000 305.000000 65.000000
184.790294 -305.000000 355.000000 5.000000
184.849113 -5.000000 315.000000 -15.000000
184.916399 35.000000 -405.000000 45.000000
185.023576 -285.000000 -395.000000 95.000000
185.059873 75.000000 195.000000 95.000000
185.126804 35.000000 -205.000000 -35.000000
185.216288 345.000000 -135.000000 65.000000
185.226799 265.000000 -115.000000 5.000000
185.228377 -355.000000 -395.000000 75.000000
185.257190 245.000000 15.000000 -35.000000
185.261678 -385.000000 55.000000 -45.000000
185.363215 -255.000000 -25.000000 65.000000
185.402592 225.000000 -125.000000 -45.000000
185.482590 -335.000000 -15.000000 5.000000
185.492163 -65.000000 -75.000000 -65.000000
185.530736 -75.000000 -275.000000 25.000000
185.618899 235.000000 -65.000000 55.000000
185.623548 -385.000000 445.000000 65.000000
185.651600 435.000000 -305.000000 -75.000000
185.711007 -215.000000 75.000000 -85.000000
185.724963 5.000000 115.000000 15.000000
185.750893 65.000000 -65.000000 -35.000000
185.847975 -325.000000 445.000000 5.000000
185.848854 275.000000 185.000000 95.000000
185.865500 85.000000 445.000000 -85.000000
185.879645 -55.000000 325.000000 105.000000
185.888655 365.000000 -245.000000 35.000000
185.939878 -135.000000 395.000000 35.000000
185.995159 15.000000 205.000000 35.000000
186.014217 -185.000000 5.000000 -85.000000
186.039973 -365.000000 -225.000000 -75.000000
186.098226 175.000000 -35.000000 -55.000000
186.145264 155.000000 35.000000 -55.000000
186.306575 325.000000 -115.000000 5.000000
186.329356 -445.000000 -325.000000 -85.000000
186.353262 -5.000000 425.000000 95.000000
186.527149 145.000000 165.000000 -95.000000
186.549679 365.000000 365.000000 45.000000
186.582070 -165.000000 -195.000000 -15.000000
186.613290 -155.000000 -55.000000 55.000000
186.623313 195.000000 -15.000000 -25.000000
186.627012 -375.000000 185.000000 -55.000000
186.660715 -155.000000 15.000000 -15.000000
186.709848 -125.000000 85.000000 -15.000000
186.712740 -105.000000 415.000000 -35.000000
186.747368 -445.000000 -175.000000 -35.000000
186.754011 315.000000 135.000000 -75.000000
186.852960 -435.000000 -235.000000 75.000000
186.905243 265.000000 85.000000 -35.000000
186.922819 45.000000 -345.000000 -75.000000
187.032803 95.000000 -375.000000 15.000000
187.047218 -65.000000 225.000000 -25.000000
187.074234 -35.000000 125.000000 85.000000
187.092621 175.000000 395.000000 65.000000
187.113762 365.000000 195.000000 15.000000
187.276277 125.000000 -195.000000 -15.000000
187.311638 305.000000 -355.000000 -95.000000
187.366618 415.000000 435.000000 35.000000
187.483023 225.000000 65.000000 -75.000000
187.488085 195.000000 -325.000000 55.000000
187.541369 395.000000 435.000000 5.000000
187.642346 275.000000 215.000000 -65.000000
187.754387 25.000000 -415.000000 -25.000000
187.811512 -205.000000 435.000000 -35.000000
187.926630 -435.000000 45.000000 55.000000
187.965798 -225.000000 275.000000 -85.000000
187.980295 195.000000 65.000000 -75.000000
187.989060 -395.000000 45.000000 55.000000
188.000908 -65.000000 115.000000 -65.000000
188.015489 -235.000000 -455.000000 25.000000
188.093101 365.000000 -65.000000 -35.000000
188.110043 85.000000 -355.000000 -25.000000
188.140887 -95.000000 335.000000 -25.000000
188.189927 415.000000 85.000000 25.000000
188.201550 -455.000000 435.000000 95.000000
188.218412 -265.000000 395.000000 -65.000000
188.230657 -135.000000 -245.000000 35.000000
188.365830 195.000000 -125.000000 75.000000
188.410295 385.000000 -285.000000 15.000000
188.462039 395.000000 -85.000000 -15.000000
188.479794 455.000000 -295.000000 -65.000000
188.525306 -445.000000 325.000000 95.000000
188.548936 -415.000000 -425.000000 95.000000
188.762293 -375.000000 -275.000000 -75.000000
189.081629 -175.000000 -65.000000 65.000000
189.156382 -395.000000 445.000000 65.000000
189.225453 345.000000 -445.000000 35.000000
189.391008 365.000000 -325.000000 75.000000
189.427220 -95.000000 265.000000 -15.000000
189.429731 -175.000000 165.000000 -55.000000
189.523671 285.000000 -15.000000 -15.000000
189.567884 215.000000 -275.000000 -75.000000
189.605884 235.000000 -65.000000 -45.000000
189.611911 -215.000000 245.000000 5.000000
189.630104 75.000000 275.000000 -85.000000
189.646587 -155.000000 -275.000000 -65.000000
189.647456 -65.000000 385.000000 105.000000
189.674122 -235.000000 -265.000000 -5.000000
189.685409 315.000000 315.000000 95.000000
189.695395 -55.000000 -245.000000 -25.000000
189.804119 -395.000000 -85.000000 55.000000
189.811225 135.000000 -395.000000 -35.000000
189.814450 -125.000000 145.000000 95.000000
189.835378 -255.000000 235.000000 105.000000
189.878960 305.000000 -255.000000 95.000000
189.971011 395.000000 225.000000 65.000000
189.996378 325.000000 -155.000000 -45.000000
190.006592 -295.000000 275.000000 25.000000
190.066956 -45.000000 65.000000 -95.000000
190.071992 445.000000 -385.000000 -55.000000
190.111134 -145.000000 -355.000000 45.000000
190.166686 -255.000000 -95.000000 -35.000000
190.215614 -245.000000 -355.000000 -5.000000
190.272543 225.000000 -415.000000 5.000000
190.420645 35.000000 225.000000 45.000000
190.424763 -235.000000 35.000000 -95.000000
190.450742 -195.000000 -85.000000 65.000000
190.459567 -135.000000 -75.000000 -55.000000
190.585746 215.000000 -225.000000 5.000000
190.684569 -425.000000 75.000000 -75.000000
190.714332 385.000000 225.000000 35.000000
190.731220 265.000000 265.000000 5.000000
190.804724 -325.000000 245.000000 -55.000000
190.911074 455.000000 325.000000 95.000000
190.926432 5.000000 -195.000000 25.000000
191.016106 165.000000 315.000000 95.000000
191.020897 445.000000 -135.000000 -25.000000
191.040949 -125.000000 -165.000000 -15.000000
191.044790 -245.000000 -335.000000 75.000000
191.056918 195.000000 -35.000000 -45.000000
191.079993 -265.000000 235.000000 45.000000
191.128406 -165.000000 -305.000000 -35.000000
191.144331 -195.000000 435.000000 -55.000000
191.319790 315.000000 345.000000 85.000000
191.327155 395.000000 115.000000 -35.000000
191.343374 -185.000000 -215.000000 -25.000000
191.398257 415.000000 -435.000000 -5.000000
191.425686 185.000000 75.000000 -45.000000
191.432173 305.000000 335.000000 15.000000
191.457494 -345.000000 155.000000 -25.000000
191.529292 135.000000 -425.000000 -55.000000
191.614598 35.000000 85.000000 -65.000000
191.695059 115.000000 75.000000 25.000000
191.785497 25.000000 -175.000000 -35.000000
191.787688 -195.000000 215.000000 -75.000000
191.903970 -435.000000 -185.000000 -45.000000
191.938471 265.000000 -425.000000 55.000000
191.947881 115.000000 315.000000 15.000000
191.982977 115.000000 -305.000000 35.000000
192.111961 355.000000 -305.000000 -45.000000
192.142975 455.000000 215.000000 85.000000
192.242157 -275.000000 35.000000 -5.000000
192.267279 335.000000 -75.000000 -55.000000
192.355968 315.000000 -145.000000 -85.000000
192.499621 65.000000 -85.000000 45.000000
192.505733 265.000000 -5.000000 -15.000000
192.580064 395.000000 -375.000000 -85.000000
192.600143 -375.000000 165.000000 55.000000
192.640968 -55.000000 -195.000000 25.000000
192.737625 85.000000 -115.000000 -35.000000
192.756845 335.000000 -335.000000 45.000000
192.789682 295.000000 -25.000000 -55.000000
192.828193 -215.000000 405.000000 -55.000000
192.929302 75.000000 345.000000 -55.000000
193.001545 -395.000000 -205.000000 -35.000000
193.034742 375.000000 315.000000 25.000000
193.067844 335.000000 265.000000 -75.000000
193.082147 -215.000000 105.000000 65.000000
193.128926 235.000000 295.000000 -5.000000
193.193217 -275.000000 -75.000000 -5.000000
193.219993 -95.000000 165.000000 85.000000
193.266171 -315.000000 -185.000000 5.000000
193.280844 245.000000 335.000000 75.000000
193.290845 -195.000000 -235.000000 65.000000
193.418284 -55.000000 -285.000000 -15.000000
193.457141 355.000000 325.000000 -35.000000
193.495107 425.000000 455.000000 -35.000000
193.495492 -315.000000 -435.000000 -55.000000
193.502048 265.000000 -235.000000 -45.000000
193.527852 345.000000 85.000000 -5.000000
193.549086 -185.000000 405.000000 -65.000000
193.575066 -275.000000 -115.000000 55.000000
193.595760 45.000000 15.000000 55.000000
193.603423 -85.000000 75.000000 5.000000
193.616972 -125.000000 -245.000000 -55.000000
193.620664 -435.000000 265.000000 -25.000000
193.642788 315.000000 35.000000 -15.000000
193.674393 145.000000 355.000000 -45.000000
193.812228 305.000000 -255.000000 -15.000000
193.902478 -285.000000 135.000000 85.000000
193.933442 285.000000 355.000000 45.000000
193.990880 -35.000000 -435.000000 65.000000
194.030625 385.000000 65.000000 -75.000000
194.080518 -25.000000 415.000000 -75.000000
194.131091 125.000000 445.000000 -45.000000
194.158759 -295.000000 -115.000000 -15.000000
194.217035 15.000000 355.000000 95.000000
194.228243 345.000000 75.000000 -35.000000
194.241256 -215.000000 -75.000000 -85.000000
194.283456 45.000000 395.000000 85.000000
194.465280 125.000000 55.000000 95.000000
194.468420 -385.000000 -55.000000 -85.000000
194.593631 -265.000000 245.000000 75.000000
194.637469 285.000000 235.000000 95.000000
194.704266 -415.000000 315.000000 -35.000000
194.742949 -445.000000 -295.000000 15.000000
194.843075 -455.000000 55.000000 -75.000000
194.879561 295.000000 -15.000000 -85.000000
194.910317 -395.000000 215.000000 -15.000000
194.934993 -315.000000 365.000000 -25.000000
194.970402 395.000000 95.000000 55.000000
194.987087 425.000000 425.000000 5.000000
195.000165 -165.000000 435.000000 95.000000
195.023861 -325.000000 395.000000 -85.000000
195.117648 -125.000000 -65.000000 -75.000000
195.122781 -305.000000 -325.000000 65.000000
195.147414 325.000000 445.000000 -15.000000
195.340963 -255.000000 -15.000000 -65.000000
195.360178 -15.000000 -445.000000 45.000000
195.392690 -5.000000 -405.000000 -65.000000
195.611434 -235.000000 225.000000 45.000000
195.813057 245.000000 -195.000000 -75.000000
195.829706 295.000000 345.000000 -85.000000
195.836590 -305.000000 -55.000000 -55.000000
195.881789 155.000000 275.000000 -5.000000
195.887224 425.000000 275.000000 65.000000
195.928047 25.000000 -195.000000 35.000000
195.937093 445.000000 35.000000 -75.000000
196.010510 405.000000 -225.000000 55.000000
196.077553 375.000000 5.000000 -65.000000
196.126955 -335.000000 55.000000 -5.000000
196.231844 385.000000 125.000000 45.000000
196.319016 -145.000000 -335.000000 -15.000000
196.355792 405.000000 -25.000000 75.000000
196.380487 -415.000000 -355.000000 75.000000
196.386511 -205.000000 15.000000 95.000000
196.474742 -175.000000 375.000000 -25.000000
196.488701 -355.000000 -385.000000 -85.000000
196.513779 215.000000 -365.000000 65.000000
196.542437 -315.000000 335.000000 -35.000000
196.646438 365.000000 375.000000 -25.000000
196.699461 135.000000 -255.000000 35.000000
196.766057 -265.000000 -85.000000 55.000000
196.827522 -405.000000 65.000000 -25.000000
196.872170 275.000000 175.000000 65.000000
196.916781 -165.000000 85.000000 -15.000000
196.946700 105.000000 75.000000 65.000000
196.952377 -175.000000 -285.000000 -95.000000
196.963349 -245.000000 425.000000 5.000000
197.001762 295.000000 425.000000 -65.000000
197.113025 -65.000000 195.000000 15.000000
197.124431 -115.000000 15.000000 -85.000000
197.159252 -245.000000 -85.000000 -65.000000
197.249960 325.000000 -115.000000 65.000000
197.277929 455.000000 175.000000 -75.000000
197.284388 -25.000000 35.000000 25.000000
197.315899 -185.000000 -335.000000 -95.000000
197.348116 -435.000000 275.000000 -55.000000
197.383119 115.000000 -215.000000 55.000000
197.416794 -145.000000 145.000000 85.000000
197.423503 -5.000000 415.000000 -55.000000
197.440322 115.000000 -95.000000 -55.000000
197.441868 -145.000000 -155.000000 75.000000
197.469960 -15.000000 -325.000000 75.000000
197.502410 235.000000 -255.000000 -15.000000
197.535507 -105.000000 -355.000000 -85.000000
197.536132 -65.000000 305.000000 -85.000000
197.661323 55.000000 -435.000000 -15.000000
197.676062 145.000000 -185.000000 -45.000000
197.693523 35.000000 455.000000 -25.000000
197.737871 -25.000000 -435.000000 95.000000
197.782835 -55.000000 -145.000000 65.000000
197.827471 315.000000 -25.000000 -95.000000
197.834520 -405.000000 -445.000000 75.000000
197.836305 -345.000000 275.000000 -15.000000
197.932810 -135.000000 305.000000 15.000000
198.032868 -435.000000 -135.000000 -65.000000
198.044843 -305.000000 -315.000000 65.000000
198.073438 -255.000000 415.000000 95.000000
198.101150 335.000000 -145.000000 -25.000000
198.102496 -75.000000 -105.000000 15.000000
198.128257 85.000000 315.000000 45.000000
198.278572 -415.000000 -265.000000 65.000000
198.279601 415.000000 195.000000 -5.000000
198.521221 -15.000000 -5.000000 5.000000
198.646149 75.000000 285.000000 -95.000000
198.781088 -355.000000 275.000000 35.000000
198.859233 245.000000 -95.000000 -5.000000
198.876730 -415.000000 -5.000000 75.000000
198.926270 215.000000 95.000000 -15.000000
199.012472 445.000000 -255.000000 95.000000
199.020842 315.000000 85.000000 55.000000
199.088976 115.000000 -275.000000 -75.000000
199.245036 -355.000000 -195.000000 -15.000000
199.263716 115.000000 355.000000 5.000000
199.289169 -75.000000 345.000000 -35.000000
199.397779 305.000000 225.000000 75.000000
199.410130 -245.000000 75.000000 -25.000000
199.497581 395.000000 -85.000000 -85.000000
199.512130 -325.000000 125.000000 -45.000000
199.576765 305.000000 -245.000000 15.000000
199.683771 -255.000000 285.000000 25.000000
199.838647 435.000000 425.000000 -15.000000
199.855241 85.000000 325.000000 45.000000
199.944003 -165.000000 -395.000000 15.000000
199.944384 185.000000 255.000000 95.000000
199.959464 215.000000 35.000000 65.000000
199.967337 -85.000000 25.000000 65.000000
199.988876 5.000000 205.000000 -65.000000
200.001630 -245.000000 -445.000000 -5.000000
200.125067 -205.000000 -235.000000 -5.000000
200.150412 125.000000 -65.000000 -45.000000
200.316588 -15.000000 -165.000000 35.000000
200.354564 355.000000 435.000000 -25.000000
200.362077 -255.000000 -5.000000 85.000000
200.370995 375.000000 205.000000 85.000000
200.417829 -445.000000 435.000000 -85.000000
200.425392 315.000000 -215.000000 -25.000000
200.487556 -395.000000 95.000000 -75.000000
200.736641 -205.000000 225.000000 95.000000
200.850299 145.000000 -235.000000 35.000000
200.919003 -315.000000 -155.000000 -25.000000
200.927187 -55.000000 355.000000 -55.000000
200.940307 375.000000 -75.000000 -5.000000
200.981649 205.000000 -315.000000 45.000000
201.114916 355.000000 65.000000 25.000000
201.116505 -95.000000 -425.000000 65.000000
201.129407 -335.000000 135.000000 -95.000000
201.138176 405.000000 -445.000000 -85.000000
201.173278 -95.000000 -75.000000 45.000000
201.178567 285.000000 165.000000 25.000000
201.180109 105.000000 -345.000000 -85.000000
201.188797 235.000000 -5.000000 -45.000000
201.221575 285.000000 295.000000 5.000000
201.258336 -175.000000 -345.000000 25.000000
201.427441 -55.000000 95.000000 75.000000
201.491318 -425.000000 365.000000 35.000000
201.550561 45.000000 -325.000000 85.000000
201.562553 -255.000000 85.000000 -65.000000
201.580350 125.000000 -255.000000 -35.000000
201.703930 -5.000000 -175.000000 -5.000000
201.732865 155.000000 -285.000000 -75.000000
201.753707 385.000000 -385.000000 65.000000
201.812800 -325.000000 55.000000 -15.000000
201.839249 -265.000000 315.000000 -85.000000
201.859635 205.000000 -385.000000 -15.000000
201.881151 335.000000 -85.000000 -45.000000
201.914371 395.000000 -245.000000 5.000000
202.012405 -405.000000 -45.000000 15.000000
202.060302 185.000000 -205.000000 45.000000
202.141798 -315.000000 145.000000 -45.000000
202.145405 245.000000 -125.000000 -5.000000
202.188063 -315.000000 205.000000 -75.000000
202.202162 -265.000000 145.000000 -55.000000
202.364221 295.000000 295.000000 -25.000000
202.508162 -295.000000 5.000000 95.000000
202.542920 355.000000 -45.000000 105.000000
202.561614 175.000000 -445.000000 -55.000000
202.635637 -5.000000 375.000000 -85.000000
202.707103 -205.000000 255.000000 -85.000000
202.761017 355.000000 225.000000 55.000000
202.790820 -215.000000 415.000000 -15.000000
202.810729 -145.000000 305.000000 25.000000
202.972585 -195.000000 335.000000 25.000000
203.004898 265.000000 -185.000000 5.000000
203.073478 225.000000 235.000000 -95.000000
203.202142 295.000000 145.000000 5.000000
203.244617 385.000000 305.000000 -95.000000
203.362744 -185.000000 -65.000000 55.000000
203.367313 -325.000000 185.000000 75.000000
203.368388 -125.000000 -245.000000 105.000000
203.377522 -275.000000 75.000000 -15.000000
203.438300 95.000000 175.000000 -15.000000
203.496696 45.000000 95.000000 95.000000
203.534893 195.000000 -185.000000 55.000000
203.720978 -285.000000 115.000000 -85.000000
203.772459 -145.000000 25.000000 -15.000000
203.778736 -35.000000 25.000000 -55.000000
203.890332 -155.000000 415.000000 5.000000
203.927317 -395.000000 435.000000 5.000000
203.976381 -355.000000 125.000000 -75.000000
204.113827 -215.000000 -345.000000 -45.000000
204.119571 -195.000000 75.000000 -85.000000
204.190630 -365.000000 135.000000 25.000000
204.248468 -5.000000 355.000000 -25.000000
204.293680 -265.000000 355.000000 -45.000000
204.328077 -25.000000 -165.000000 85.000000
204.459467 435.000000 -125.000000 105.000000
204.462808 -85.000000 -35.000000 75.000000
204.644037 -125.000000 -5.000000 85.000000
204.657427 -5.000000 445.000000 -45.000000
204.735864 -375.000000 365.000000 -45.000000
204.759857 75.000000 185.000000 65.000000
204.850735 -135.000000 -345.000000 -85.000000
204.855092 345.000000 -285.000000 -85.000000
204.934440 -65.000000 415.000000 55.000000
205.194799 -315.000000 -335.000000 105.000000
205.201993 75.000000 -145.000000 75.000000
205.240770 45.000000 205.000000 5.000000
205.278245 -95.000000 265.000000 -55.000000
205.356835 -35.000000 -75.000000 65.000000
205.498306 -215.000000 -345.000000 -35.000000
205.546266 -135.000000 -375.000000 15.000000
205.558293 -165.000000 -255.000000 75.000000
205.559434 55.000000 235.000000 5.000000
205.581862 -235.000000 125.000000 45.000000
205.600661 435.000000 425.000000 -35.000000
205.766224 185.000000 375.000000 -65.000000
205.883903 -315.000000 -295.000000 -85.000000
205.896247 335.000000 -125.000000 -85.000000
205.988950 -175.000000 245.000000 5.000000
206.029652 -335.000000 205.000000 85.000000
206.072628 85.000000 -265.000000 -75.000000
206.082456 25.000000 55.000000 45.000000
206.113336 445.000000 315.000000 -5.000000
206.158395 355.000000 -435.000000 65.000000
206.209664 -105.000000 325.000000 85.000000
206.311709 275.000000 -5.000000 -45.000000
206.312257 215.000000 -5.000000 5.000000
206.320557 -195.000000 -255.000000 -75.000000
206.344520 325.000000 -315.000000 -35.000000
206.351021 145.000000 -245.000000 45.000000
206.439118 105.000000 -255.000000 65.000000
206.513675 -225.000000 235.000000 -75.000000
206.743238 25.000000 -355.000000 65.000000
206.821124 -365.000000 305.000000 25.000000
207.079544 -415.000000 195.000000 -75.000000
207.083428 -125.000000 125.000000 35.000000
207.106826 -85.000000 75.000000 75.000000
207.152570 425.000000 415.000000 45.000000
207.173500 -325.000000 25.000000 35.000000
207.231638 -325.000000 -385.000000 105.000000
207.294236 375.000000 -15.000000 -55.000000
207.300849 245.000000 295.000000 -45.000000
207.330930 35.000000 415.000000 15.000000
207.468262 -355.000000 -335.000000 15.000000
207.556000 -185.000000 -25.000000 -85.000000
207.627758 -185.000000 -385.000000 5.000000
207.646765 -65.000000 -5.000000 95.000000
207.662938 115.000000 205.000000 95.000000
207.688076 -5.000000 365.000000 95.000000
207.720136 225.000000 425.000000 15.000000
207.731053 -395.000000 -415.000000 35.000000
207.814362 5.000000 195.000000 -45.000000
207.826655 395.000000 95.000000 85.000000
207.828844 415.000000 435.000000 45.000000
207.844514 405.000000 -285.000000 65.000000
208.067392 -335.000000 345.000000 -55.000000
208.117328 -265.000000 375.000000 45.000000
208.171415 -105.000000 -215.000000 5.000000
208.207687 -215.000000 -115.000000 45.000000
208.269459 -205.000000 415.000000 -95.000000
208.494827 275.000000 255.000000 75.000000
208.581293 -325.000000 -335.000000 -15.000000
208.582300 365.000000 205.000000 -55.000000
208.617402 175.000000 -265.000000 -25.000000
208.626467 455.000000 -205.000000 -65.000000
208.634428 -175.000000 -295.000000 45.000000
208.669865 175.000000 55.000000 -25.000000
208.672180 405.000000 25.000000 -65.000000
208.685754 -425.000000 -315.000000 -95.000000
208.720943 445.000000 -35.000000 -35.000000
208.747768 -355.000000 -345.000000 -65.000000
208.797688 -15.000000 -25.000000 95.000000
208.802438 185.000000 405.000000 -75.000000
208.845034 295.000000 -415.000000 -55.000000
208.853339 65.000000 -205.000000 85.000000
208.855955 215.000000 445.000000 -85.000000
208.859122 -215.000000 375.000000 55.000000
208.867958 5.000000 -125.000000 75.000000
208.893016 195.000000 -245.000000 -25.000000
208.925525 325.000000 -115.000000 -35.000000
208.984897 -95.000000 -25.000000 35.000000
209.035348 -65.000000 245.000000 15.000000
209.039679 285.000000 45.000000 15.000000
209.146198 15.000000 215.000000 85.000000
209.170043 355.000000 -285.000000 -65.000000
209.180577 15.000000 -275.000000 35.000000
209.238368 -405.000000 115.000000 -95.000000
209.263634 455.000000 -5.000000 -75.000000
209.339149 -325.000000 165.000000 -5.000000
209.393433 145.000000 145.000000 -5.000000
209.401677 -185.000000 415.000000 -45.000000
209.451155 -285.000000 355.000000 -45.000000
209.454652 -425.000000 285.000000 15.000000
209.471431 -425.000000 375.000000 35.000000
209.536084 345.000000 -425.000000 -45.000000
209.552677 -105.000000 -315.000000 -75.000000
209.608561 -35.000000 205.000000 45.000000
209.651281 435.000000 -235.000000 65.000000
209.839726 -275.000000 -35.000000 -55.000000
209.913393 -405.000000 -165.000000 -75.000000
210.026392 -335.000000 455.000000 85.000000
210.097507 -305.000000 -125.000000 -5.000000
210.175827 -225.000000 175.000000 5.000000
210.208089 -225.000000 -255.000000 5.000000
210.212541 -35.000000 -335.000000 -75.000000
210.213536 -45.000000 25.000000 -85.000000
210.280439 -45.000000 -365.000000 -35.000000
210.291201 405.000000 -105.000000 -15.000000
210.294239 -395.000000 -185.000000 35.000000
210.305723 5.000000 -235.000000 -95.000000
210.413882 245.000000 295.000000 25.000000
210.593788 205.000000 -305.000000 15.000000
210.634668 325.000000 95.000000 15.000000
210.683228 -185.000000 35.000000 -45.000000
210.802313 -65.000000 395.000000 55.000000
210.809995 175.000000 45.000000 85.000000
210.905239 -415.000000 395.000000 75.000000
210.913435 55.000000 -405.000000 -65.000000
210.961839 -175.000000 -295.000000 -35.000000
211.043035 385.000000 15.000000 95.000000
211.096623 105.000000 195.000000 105.000000
211.140939 355.000000 -165.000000 -5.000000
211.160909 -115.000000 105.000000 -15.000000
211.279094 -125.000000 -245.000000 -95.000000
211.312013 -75.000000 115.000000 65.000000
211.333899 405.000000 235.000000 35.000000
211.353887 375.000000 75.000000 -45.000000
211.367555 35.000000 115.000000 55.000000
211.402534 125.000000 -85.000000 -45.000000
211.508965 -245.000000 -415.000000 -65.000000
211.524995 45.000000 -255.000000 45.000000
211.531438 -105.000000 145.000000 -15.000000
211.578798 95.000000 -55.000000 5.000000
211.656699 345.000000 -235.000000 -65.000000
211.677262 385.000000 -155.000000 45.000000
211.741441 65.000000 -445.000000 -85.000000
211.744789 155.000000 -145.000000 55.000000
211.914749 375.000000 185.000000 -35.000000
211.968265 -225.000000 -275.000000 75.000000
212.159626 365.000000 -105.000000 35.000000
212.188538 245.000000 105.000000 15.000000
212.316139 -415.000000 85.000000 -5.000000
212.333179 -45.000000 175.000000 -75.000000
212.430374 -185.000000 -265.000000 -85.000000
212.434178 -275.000000 65.000000 -35.000000
212.465600 -445.000000 -195.000000 75.000000
212.489385 -145.000000 405.000000 95.000000
212.647492 -295.000000 -375.000000 -75.000000
212.792202 -105.000000 5.000000 -95.000000
212.837135 135.000000 85.000000 -25.000000
213.306112 -115.000000 25.000000 35.000000
213.330619 -455.000000 195.000000 95.000000
213.338148 165.000000 105.000000 75.000000
213.401067 135.000000 395.000000 95.000000
213.460895 185.000000 95.000000 45.000000
213.482865 285.000000 -175.000000 85.000000
213.491910 -355.000000 135.000000 -75.000000
213.504903 65.000000 425.000000 15.000000
213.588241 445.000000 445.000000 25.000000
213.620994 -225.000000 -305.000000 -75.000000
213.693140 315.000000 175.000000 -5.000000
213.712852 -155.000000 125.000000 -75.000000
213.720387 -15.000000 105.000000 35.000000
213.748985 245.000000 345.000000 -35.000000
213.751738 -145.000000 -205.000000 5.000000
213.841302 45.000000 15.000000 -55.000000
213.963651 355.000000 45.000000 -45.000000
213.974171 -125.000000 -255.000000 -5.000000
213.999160 -455.000000 -435.000000 15.000000
214.018894 185.000000 425.000000 -95.000000
214.093245 -5.000000 -5.000000 105.000000
214.100611 -315.000000 65.000000 15.000000
214.128124 -325.000000 -315.000000 15.000000
214.134742 -355.000000 225.000000 25.000000
214.248978 375.000000 -125.000000 75.000000
214.317303 145.000000 -355.000000 95.000000
214.383458 365.000000 185.000000 5.000000
214.387937 45.000000 435.000000 75.000000
214.425871 45.000000 195.000000 -25.000000
214.478453 -325.000000 435.000000 -75.000000
214.490955 -315.000000 -215.000000 45.000000
214.560545 -195.000000 385.000000 95.000000
214.582926 65.000000 305.000000 45.000000
214.653520 -295.000000 -135.000000 35.000000
214.658965 155.000000 45.000000 35.000000
214.683785 25.000000 -455.000000 -55.000000
214.727880 -245.000000 175.000000 85.000000
214.765583 -435.000000 -115.000000 -75.000000
214.805909 -75.000000 -15.000000 65.000000
214.806363 155.000000 305.000000 55.000000
215.065991 365.000000 -165.000000 -65.000000
215.099920 425.000000 -85.000000 -15.000000
215.132254 -265.000000 75.000000 45.000000
215.181520 -245.000000 375.000000 45.000000
215.196770 155.000000 -395.000000 5.000000
215.241380 -435.000000 15.000000 15.000000
215.266481 -155.000000 -315.000000 -35.000000
215.292321 -325.000000 145.000000 105.000000
215.320869 -75.000000 -315.000000 -35.000000
215.321312 125.000000 -5.000000 85.000000
215.376160 -265.000000 235.000000 -15.000000
215.381813 -85.000000 -275.000000 25.000000
215.421161 -115.000000 375.000000 75.000000
215.430985 -25.000000 165.000000 25.000000
215.489203 245.000000 -45.000000 -35.000000
215.559905 335.000000 -75.000000 15.000000
215.601249 -325.000000 155.000000 35.000000
215.645227 -415.000000 265.000000 5.000000
215.701572 -235.000000 355.000000 85.000000
215.785947 445.000000 -435.000000 -35.000000
215.898012 -125.000000 -215.000000 75.000000
216.008022 395.000000 125.000000 -75.000000
216.048690 365.000000 -45.000000 15.000000
216.049808 445.000000 -245.000000 65.000000
216.122524 -255.000000 -165.000000 55.000000
216.196221 -305.000000 -405.000000 -35.000000
216.204405 -255.000000 105.000000 65.000000
216.209431 -315.000000 -445.000000 105.000000
216.239128 -25.000000 -405.000000 105.000000
216.433568 365.000000 135.000000 -65.000000
216.434562 -165.000000 -5.000000 95.000000
216.446448 -315.000000 55.000000 -55.000000
216.493547 -85.000000 -395.000000 -45.000000
216.508457 -285.000000 185.000000 45.000000
216.679091 425.000000 455.000000 85.000000
216.709960 -205.000000 75.000000 -85.000000
216.805605 -205.000000 -115.000000 -15.000000
216.820836 275.000000 55.000000 25.000000
216.844810 25.000000 295.000000 55.000000
216.911910 405.000000 355.000000 -65.000000
217.119545 5.000000 -445.000000 15.000000
217.141012 135.000000 345.000000 -85.000000
217.182165 345.000000 -245.000000 -35.000000
217.227727 75.000000 65.000000 55.000000
217.258887 165.000000 -195.000000 -65.000000
217.287978 205.000000 385.000000 15.000000
217.326635 -185.000000 -385.000000 65.000000
217.327561 305.000000 85.000000 -55.000000
217.428767 115.000000 -25.000000 -75.000000
217.452873 -305.000000 275.000000 -5.000000
217.484722 -295.000000 435.000000 -75.000000
217.641573 325.000000 135.000000 -25.000000
217.698537 -245.000000 145.000000 -85.000000
217.763245 -55.000000 425.000000 -45.000000
217.790069 -225.000000 -385.000000 85.000000
217.796099 -385.000000 -15.000000 -85.000000
217.810601 235.000000 -385.000000 55.000000
217.863833 -155.000000 385.000000 5.000000
218.080691 -145.000000 355.000000 -85.000000
218.111448 215.000000 365.000000 105.000000
218.198453 105.000000 -35.000000 -5.000000
218.224806 -75.000000 175.000000 -5.000000
218.408766 425.000000 225.000000 45.000000
218.474139 345.000000 -415.000000 45.000000
218.502149 115.000000 -265.000000 105.000000
218.619770 -335.000000 -145.000000 -25.000000
218.856726 -25.000000 455.000000 -75.000000
218.920050 415.000000 -445.000000 -85.000000
218.924729 55.000000 325.000000 45.000000
218.953745 -315.000000 195.000000 -75.000000
218.965169 435.000000 -5.000000 95.000000
218.982812 -65.000000 295.000000 -55.000000
219.071011 -285.000000 15.000000 95.000000
219.100228 405.000000 325.000000 75.000000
219.247177 395.000000 -225.000000 -35.000000
219.247418 175.000000 -395.000000 5.000000
219.255202 115.000000 -175.000000 -15.000000
219.315519 -235.000000 -315.000000 45.000000
219.334611 385.000000 45.000000 -75.000000
219.357807 445.000000 275.000000 45.000000
219.365685 105.000000 -305.000000 -25.000000
219.434664 155.000000 235.000000 45.000000
219.472211 -365.000000 -125.000000 -55.000000
219.562327 -275.000000 -275.000000 -25.000000
219.563237 205.000000 275.000000 -85.000000
219.576661 45.000000 35.000000 75.000000
219.591489 215.000000 155.000000 45.000000
219.608677 365.000000 -205.000000 -5.000000
219.617652 -255.000000 165.000000 -45.000000
219.632786 -385.000000 -195.000000 -45.000000
219.669524 405.000000 -175.000000 25.000000
219.693410 -15.000000 85.000000 -45.000000
219.819440 -85.000000 -225.000000 55.000000
219.893665 295.000000 15.000000 95.000000
219.988636 175.000000 -395.000000 45.000000
220.067785 -235.000000 215.000000 -65.000000
220.080703 155.000000 35.000000 -95.000000
220.219524 165.000000 105.000000 15.000000
220.230562 385.000000 -295.000000 -65.000000
220.265315 335.000000 -435.000000 -15.000000
220.281248 -15.000000 415.000000 85.000000
220.368401 125.000000 265.000000 85.000000
220.377261 -165.000000 365.000000 -35.000000
220.383886 405.000000 215.000000 95.000000
220.389552 265.000000 -335.000000 -55.000000
220.467220 -155.000000 405.000000 45.000000
220.547673 -175.000000 415.000000 5.000000
220.673931 235.000000 55.000000 -35.000000
220.683677 -205.000000 -385.000000 105.000000
220.772947 -5.000000 215.000000 -55.000000
220.834304 125.000000 -295.000000 -25.000000
220.880064 -175.000000 315.000000 5.000000
220.900843 305.000000 -365.000000 -85.000000
220.942704 185.000000 445.000000 -45.000000
220.951472 -295.000000 325.000000 45.000000
220.969119 -25.000000 255.000000 5.000000
220.981072 325.000000 145.000000 -85.000000
220.988125 -175.000000 -375.000000 105.000000
221.019597 175.000000 -425.000000 95.000000
221.135178 -95.000000 155.000000 45.000000
221.304737 355.000000 -225.000000 -65.000000
221.454432 -375.000000 175.000000 -55.000000
221.542256 -335.000000 -185.000000 75.000000
221.564775 335.000000 55.000000 65.000000
221.645494 -195.000000 405.000000 75.000000
221.673234 -155.000000 35.000000 -35.000000
221.681470 365.000000 -325.000000 -95.000000
221.682347 285.000000 -25.000000 95.000000
221.685260 -85.000000 335.000000 -85.000000
221.746602 -315.000000 -275.000000 -25.000000
221.788899 -325.000000 -235.000000 -45.000000
221.808215 -255.000000 225.000000 -85.000000
221.816189 -215.000000 15.000000 15.000000
221.920898 365.000000 425.000000 -5.000000
221.951731 95.000000 -125.000000 95.000000
222.055794 15.000000 265.000000 -65.000000
222.060604 -175.000000 -105.000000 95.000000
222.169746 155.000000 -205.000000 55.000000
222.248421 -325.000000 365.000000 5.000000
222.273141 175.000000 385.000000 -85.000000
222.351587 -65.000000 -265.000000 -75.000000
222.422579 -135.000000 -445.000000 45.000000
222.449828 55.000000 -295.000000 85.000000
222.534982 -235.000000 -195.000000 -75.000000
222.600941 35.000000 375.000000 -45.000000
222.611992 -175.000000 315.000000 85.000000
222.616536 75.000000 -135.000000 -25.000000
222.721738 -135.000000 75.000000 -75.000000
222.735056 -335.000000 -105.000000 5.000000
222.739567 375.000000 -185.000000 85.000000
222.752765 375.000000 -5.000000 -65.000000
223.085193 -65.000000 -405.000000 95.000000
223.096902 155.000000 395.000000 -35.000000
223.195954 -385.000000 155.000000 -95.000000
223.223433 385.000000 395.000000 25.000000
223.245295 -365.000000 345.000000 5.000000
223.248378 -105.000000 165.000000 -5.000000
223.276964 -25.000000 325.000000 85.000000
223.278578 385.000000 -145.000000 5.000000
223.284190 -355.000000 295.000000 65.000000
223.357303 -105.000000 295.000000 85.000000
223.362031 -355.000000 125.000000 -55.000000
223.444049 245.000000 -55.000000 35.000000
223.619760 215.000000 -125.000000 5.000000
223.701968 435.000000 35.000000 65.000000
223.739583 -25.000000 -335.000000 -55.000000
223.891665 175.000000 -415.000000 55.000000
224.012360 135.000000 85.000000 -65.000000
224.043117 345.000000 -115.000000 15.000000
224.054846 265.000000 -335.000000 15.000000
224.065014 335.000000 -245.000000 85.000000
224.204870 -95.000000 -165.000000 -65.000000
224.289940 235.000000 -295.000000 5.000000
224.368338 -285.000000 35.000000 65.000000
224.373689 -155.000000 -15.000000 65.000000
224.398796 -355.000000 215.000000 -75.000000
224.548469 255.000000 -265.000000 5.000000
224.629894 -245.000000 -215.000000 -5.000000
224.644747 335.000000 105.000000 -45.000000
224.751032 -5.000000 195.000000 105.000000
224.820937 -35.000000 35.000000 95.000000
224.965796 395.000000 -255.000000 85.000000
224.985636 335.000000 255.000000 15.000000
225.018784 -385.000000 195.000000 5.000000
225.175324 235.000000 -385.000000 45.000000
225.198882 -335.000000 115.000000 -5.000000
225.324168 195.000000 125.000000 -45.000000
225.324447 255.000000 -235.000000 -5.000000
225.439234 355.000000 -405.000000 -75.000000
225.532927 -165.000000 85.000000 -15.000000
225.603334 -225.000000 165.000000 -65.000000
225.606194 -155.000000 -415.000000 -45.000000
225.633962 125.000000 5.000000 -55.000000
225.831546 -245.000000 135.000000 35.000000
225.890614 185.000000 -45.000000 95.000000
225.929924 -355.000000 -175.000000 5.000000
225.931536 75.000000 -115.000000 5.000000
225.966666 -65.000000 -85.000000 95.000000
226.129082 -395.000000 -205.000000 25.000000
226.165892 -365.000000 145.000000 45.000000
226.209868 -385.000000 275.000000 -5.000000
226.216118 -255.000000 -405.000000 75.000000
226.280091 275.000000 95.000000 65.000000
226.337625 85.000000 425.000000 -85.000000
226.340494 -5.000000 -95.000000 15.000000
226.389817 195.000000 175.000000 5.000000
226.394663 255.000000 75.000000 25.000000
226.400569 165.000000 415.000000 75.000000
226.412990 -55.000000 315.000000 85.000000
226.452568 325.000000 -65.000000 -15.000000
226.457768 325.000000 255.000000 -85.000000
226.489271 215.000000 45.000000 -75.000000
226.537013 285.000000 435.000000 5.000000
226.583818 -345.000000 335.000000 -65.000000
226.665290 365.000000 15.000000 -5.000000
226.669126 -395.000000 -145.000000 -35.000000
226.682072 -185.000000 375.000000 55.000000
226.729202 -335.000000 365.000000 35.000000
226.729302 115.000000 395.000000 45.000000
226.790374 -295.000000 -345.000000 15.000000
226.806401 135.000000 245.000000 65.000000
227.226332 305.000000 45.000000 -75.000000
227.259154 35.000000 425.000000 5.000000
227.299171 -75.000000 155.000000 -95.000000
227.337412 185.000000 -345.000000 -85.000000
227.365741 -285.000000 -275.000000 -75.000000
227.396873 455.000000 135.000000 45.000000
227.422392 185.000000 -355.000000 -55.000000
227.427741 25.000000 215.000000 25.000000
227.525721 165.000000 -215.000000 65.000000
227.563265 -145.000000 35.000000 105.000000
227.663703 -215.000000 295.000000 55.000000
227.683803 405.000000 -45.000000 5.000000
227.722603 355.000000 -435.000000 -55.000000
227.740273 -105.000000 -175.000000 45.000000
227.826931 305.000000 115.000000 -55.000000
227.833230 -425.000000 -235.000000 15.000000
227.962641 5.000000 -215.000000 -75.000000
228.088160 115.000000 175.000000 -65.000000
228.187925 -235.000000 -95.000000 -45.000000
228.291110 -395.000000 -185.000000 35.000000
228.372008 365.000000 -25.000000 -95.000000
228.384045 65.000000 -435.000000 5.000000
228.407462 355.000000 335.000000 105.000000
228.457720 -395.000000 -385.000000 -55.000000
228.527944 335.000000 -155.000000 25.000000
228.529280 -155.000000 -335.000000 -55.000000
228.533249 435.000000 315.000000 5.000000
228.560813 305.000000 215.000000 75.000000
228.601503 -165.000000 -105.000000 -35.000000
228.674068 15.000000 275.000000 25.000000
228.676351 -85.000000 -295.000000 15.000000
228.714683 395.000000 -375.000000 75.000000
228.721296 -165.000000 -385.000000 25.000000
228.722708 175.000000 35.000000 -65.000000
228.725780 165.000000 -85.000000 -25.000000
228.762129 -195.000000 45.000000 -55.000000
228.769047 415.000000 -185.000000 -55.000000
228.807083 315.000000 -75.000000 -55.000000
228.862457 355.000000 -275.000000 55.000000
228.914995 105.000000 -355.000000 85.000000
229.023063 25.000000 35.000000 85.000000
229.030709 135.000000 -335.000000 105.000000
229.080020 185.000000 205.000000 -85.000000
229.137264 -235.000000 95.000000 25.000000
229.146151 435.000000 -15.000000 -55.000000
229.152695 -55.000000 -285.000000 35.000000
229.197051 25.000000 255.000000 5.000000
229.354949 -275.000000 55.000000 -45.000000
229.403041 -265.000000 295.000000 95.000000
229.551277 345.000000 25.000000 45.000000
229.565268 355.000000 -145.000000 45.000000
229.709376 295.000000 -75.000000 95.000000
229.755826 285.000000 375.000000 95.000000
229.769836 -235.000000 425.000000 5.000000
229.829284 155.000000 355.000000 -55.000000
229.968791 15.000000 -395.000000 75.000000
230.176140 -365.000000 265.000000 65.000000
230.202450 145.000000 155.000000 15.000000
230.248779 105.000000 -285.000000 5.000000
230.336762 -115.000000 -215.000000 35.000000
230.341259 -235.000000 85.000000 45.000000
230.418677 415.000000 15.000000 -5.000000
230.423229 295.000000 75.000000 85.000000
230.439650 -255.000000 445.000000 95.000000
230.494424 45.000000 -275.000000 75.000000
230.503095 -265.000000 115.000000 -35.000000
230.513818 355.000000 -135.000000 55.000000
230.575175 -55.000000 -415.000000 5.000000
230.604214 5.000000 -255.000000 105.000000
230.659554 -25.000000 -25.000000 -85.000000
230.668172 205.000000 45.000000 15.000000
230.771836 225.000000 115.000000 25.000000
230.837151 -35.000000 455.000000 -55.000000
230.881829 -25.000000 455.000000 85.000000
230.901907 -375.000000 135.000000 85.000000
230.921296 -135.000000 -395.000000 -65.000000
231.078570 385.000000 5.000000 -95.000000
231.096479 85.000000 435.000000 25.000000
231.139888 -15.000000 135.000000 -15.000000
231.173864 355.000000 45.000000 105.000000
231.181159 -165.000000 -315.000000 -45.000000
231.202997 -405.000000 -115.000000 35.000000
231.296607 -85.000000 365.000000 65.000000
231.480952 105.000000 295.000000 -35.000000
231.483198 245.000000 -375.000000 -95.000000
231.489601 -55.000000 15.000000 -5.000000
231.526124 315.000000 285.000000 85.000000
231.541022 175.000000 -265.000000 -25.000000
231.604769 15.000000 -365.000000 95.000000
231.614299 95.000000 95.000000 -85.000000
231.628990 -165.000000 -65.000000 105.000000
231.648712 95.000000 -245.000000 5.000000
231.684401 185.000000 355.000000 -95.000000
231.770157 225.000000 -315.000000 35.000000
231.781533 445.000000 205.000000 -85.000000
231.785946 -115.000000 95.000000 75.000000
231.797532 355.000000 295.000000 -25.000000
231.854064 -65.000000 305.000000 -15.000000
231.897335 395.000000 355.000000 -65.000000
231.908747 445.000000 65.000000 -15.000000
231.937982 -205.000000 235.000000 85.000000
231.960751 35.000000 295.000000 -35.000000
232.000373 -195.000000 -125.000000 105.000000
232.014324 -395.000000 -95.000000 -75.000000
232.054248 -275.000000 185.000000 -95.000000
232.101528 -435.000000 425.000000 75.000000
232.103647 105.000000 335.000000 -45.000000
232.174909 335.000000 -355.000000 -75.000000
232.179031 -305.000000 -365.000000 -5.000000
232.181927 75.000000 -165.000000 75.000000
232.324996 315.000000 -415.000000 25.000000
232.344275 205.000000 -225.000000 45.000000
232.390088 165.000000 35.000000 -75.000000
232.423970 -325.000000 -305.000000 -55.000000
232.541238 285.000000 385.000000 95.000000
232.568023 45.000000 -445.000000 -65.000000
232.648905 135.000000 -425.000000 5.000000
232.682826 215.000000 185.000000 -55.000000
232.700274 385.000000 455.000000 -45.000000
232.718014 265.000000 -455.000000 25.000000
232.786707 -55.000000 -175.000000 -5.000000
232.791028 -155.000000 265.000000 15.000000
232.862846 145.000000 -335.000000 75.000000
232.942706 -265.000000 -355.000000 -45.000000
232.945493 135.000000 -335.000000 15.000000
232.955086 325.000000 245.000000 95.000000
233.055822 155.000000 165.000000 -25.000000
233.218495 -215.000000 -345.000000 -65.000000
233.234536 -395.000000 -35.000000 -25.000000
233.323670 -105.000000 245.000000 -95.000000
233.381901 335.000000 -15.000000 15.000000
233.410838 -145.000000 -365.000000 55.000000
233.466979 -205.000000 -155.000000 5.000000
233.572790 125.000000 105.000000 -55.000000
233.577661 -435.000000 165.000000 -15.000000
233.599081 -385.000000 165.000000 15.000000
233.649002 55.000000 115.000000 95.000000
233.689793 -415.000000 415.000000 -65.000000
233.741908 -315.000000 -5.000000 -5.000000
233.744256 -5.000000 -435.000000 -95.000000
233.789928 -265.000000 155.000000 55.000000
233.814572 365.000000 -115.000000 -55.000000
233.820112 -135.000000 205.000000 -5.000000
233.861342 -355.000000 -355.000000 35.000000
233.925154 -205.000000 115.000000 -35.000000
233.937204 425.000000 -75.000000 -35.000000
233.978036 -145.000000 -425.000000 35.000000
234.045010 -265.000000 75.000000 -15.000000
234.059371 365.000000 265.000000 25.000000
234.060149 -45.000000 275.000000 -85.000000
234.205008 -275.000000 75.000000 -55.000000
234.229721 105.000000 65.000000 65.000000
234.314341 445.000000 -225.000000 15.000000
234.476558 35.000000 -225.000000 -95.000000
234.495759 425.000000 -225.000000 -65.000000
234.537920 325.000000 -165.000000 65.000000
234.669004 425.000000 -405.000000 -15.000000
234.681885 -405.000000 395.000000 -95.000000
234.708592 305.000000 65.000000 35.000000
234.750388 355.000000 395.000000 65.000000
234.771008 275.000000 265.000000 -55.000000
234.774963 195.000000 -85.000000 -75.000000
234.793078 -285.000000 195.000000 15.000000
234.809515 115.000000 425.000000 -15.000000
234.886702 -375.000000 295.000000 25.000000
234.899924 385.000000 -255.000000 105.000000
235.103977 -455.000000 115.000000 -55.000000
235.192850 -365.000000 355.000000 -25.000000
235.200703 65.000000 445.000000 -15.000000
235.343647 145.000000 -385.000000 -15.000000
235.399803 -385.000000 -105.000000 -5.000000
235.469998 -425.000000 -215.000000 -65.000000
235.477063 -95.000000 375.000000 65.000000
235.541609 -425.000000 205.000000 -55.000000
235.577919 -325.000000 -315.000000 105.000000
235.580511 -145.000000 -75.000000 -45.000000
235.622381 -395.000000 -435.000000 -85.000000
235.705673 185.000000 -85.000000 95.000000
236.031150 245.000000 -15.000000 55.000000
236.037111 -235.000000 325.000000 -75.000000
236.067540 -125.000000 405.000000 45.000000
236.102083 45.000000 55.000000 -15.000000
236.169732 205.000000 95.000000 45.000000
236.176592 -105.000000 -415.000000 -45.000000
236.180185 435.000000 -35.000000 -35.000000
236.215771 -255.000000 -355.000000 35.000000
236.296790 -405.000000 -35.000000 65.000000
236.366706 435.000000 175.000000 -45.000000
236.386696 155.000000 275.000000 65.000000
236.394994 45.000000 -435.000000 85.000000
236.626511 -205.000000 175.000000 -45.000000
236.644982 135.000000 -225.000000 -15.000000
236.746929 165.000000 295.000000 15.000000
236.755466 25.000000 305.000000 15.000000
236.755800 -365.000000 445.000000 -65.000000
236.824879 145.000000 -255.000000 55.000000
236.852613 75.000000 235.000000 -35.000000
236.887780 405.000000 -195.000000 -15.000000
236.936052 -205.000000 135.000000 -45.000000
237.034399 -185.000000 255.000000 -25.000000
237.046479 35.000000 145.000000 -65.000000
237.108768 295.000000 -25.000000 95.000000
237.172206 -205.000000 -255.000000 -65.000000
237.222947 395.000000 -125.000000 -45.000000
237.239603 295.000000 435.000000 105.000000
237.252513 365.000000 5.000000 95.000000
237.284943 285.000000 -145.000000 105.000000
237.291331 185.000000 -405.000000 5.000000
237.366562 115.000000 285.000000 -45.000000
237.376082 -95.000000 385.000000 85.000000
237.444620 -95.000000 445.000000 55.000000
237.490609 -255.000000 15.000000 105.000000
237.522401 435.000000 -195.000000 -55.000000
237.522816 125.000000 -335.000000 -95.000000
237.558825 225.000000 275.000000 -75.000000
237.576379 185.000000 -305.000000 -45.000000
237.589526 405.000000 -55.000000 -75.000000
237.716396 295.000000 235.000000 95.000000
237.734119 -285.000000 355.000000 75.000000
237.736765 445.000000 -425.000000 -95.000000
237.801620 -315.000000 375.000000 65.000000
237.980588 165.000000 -25.000000 5.000000
237.983848 455.000000 395.000000 95.000000
238.005306 -435.000000 35.000000 75.000000
238.051965 185.000000 405.000000 -65.000000
238.146192 -285.000000 435.000000 -65.000000
238.197607 15.000000 -215.000000 35.000000
238.197837 -365.000000 -55.000000 15.000000
238.310566 365.000000 75.000000 -5.000000
238.374203 115.000000 -225.000000 -75.000000
238.439174 355.000000 125.000000 -65.000000
238.448314 -295.000000 -65.000000 75.000000
238.485663 15.000000 215.000000 35.000000
238.487636 -315.000000 175.000000 -5.000000
238.492697 75.000000 -135.000000 -5.000000
238.550940 55.000000 355.000000 85.000000
238.616058 -165.000000 -195.000000 25.000000
238.646054 415.000000 -235.000000 -35.000000
238.683582 -405.000000 -405.000000 45.000000
238.708123 305.000000 255.000000 -35.000000
238.759638 145.000000 -375.000000 95.000000
238.766153 305.000000 -355.000000 -55.000000
238.768804 55.000000 35.000000 55.000000
238.819248 205.000000 -235.000000 -95.000000
239.013195 225.000000 -135.000000 -5.000000
239.122044 -295.000000 -305.000000 65.000000
239.183300 -325.000000 225.000000 15.000000
239.212114 95.000000 405.000000 15.000000
239.223386 245.000000 175.000000 85.000000
239.251788 5.000000 -395.000000 -55.000000
239.334662 215.000000 -355.000000 -45.000000
239.335518 -235.000000 145.000000 -55.000000
239.346449 -115.000000 -395.000000 105.000000
239.422259 -15.000000 215.000000 45.000000
239.493086 -105.000000 -5.000000 -15.000000
239.498714 -445.000000 -25.000000 75.000000
239.616899 85.000000 -365.000000 95.000000
239.661944 175.000000 15.000000 -95.000000
239.707619 -155.000000 305.000000 85.000000
239.709075 205.000000 275.000000 95.000000
239.716385 275.000000 35.000000 55.000000
239.804487 -165.000000 -145.000000 -15.000000
239.892623 265.000000 225.000000 45.000000
239.897120 -295.000000 -55.000000 25.000000
240.101049 445.000000 -315.000000 45.000000
240.120367 -305.000000 -435.000000 -55.000000
240.171765 395.000000 -375.000000 -25.000000
240.184628 185.000000 355.000000 -5.000000
240.211073 -315.000000 -195.000000 85.000000
240.249388 -165.000000 285.000000 -45.000000
240.311831 125.000000 -255.000000 -95.000000
240.331229 305.000000 325.000000 -55.000000
240.346881 -25.000000 -225.000000 -5.000000
240.369077 115.000000 175.000000 25.000000
240.376647 -295.000000 215.000000 5.000000
240.412434 -415.000000 -65.000000 -35.000000
240.564050 -335.000000 45.000000 -25.000000
240.588401 -415.000000 -435.000000 65.000000
240.623786 275.000000 -385.000000 25.000000
240.624218 -315.000000 75.000000 -45.000000
240.633962 -375.000000 185.000000 95.000000
240.787474 -265.000000 -115.000000 25.000000
240.801410 -395.000000 -305.000000 85.000000
240.959895 365.000000 -235.000000 -55.000000
241.015834 -245.000000 -325.000000 -55.000000
241.019068 285.000000 5.000000 45.000000
241.025117 -185.000000 305.000000 55.000000
241.076964 95.000000 -395.000000 -75.000000
241.155081 335.000000 -55.000000 -85.000000
241.191446 345.000000 235.000000 -75.000000
241.214596 15.000000 295.000000 -35.000000
241.240653 -385.000000 405.000000 35.000000
241.275342 105.000000 295.000000 25.000000
241.339491 445.000000 5.000000 105.000000
241.435006 345.000000 -5.000000 95.000000
241.440000 445.000000 -115.000000 5.000000
241.450175 185.000000 -195.000000 55.000000
241.577053 425.000000 -35.000000 35.000000
241.578507 315.000000 -405.000000 -65.000000
241.647375 -205.000000 -55.000000 -75.000000
241.655636 -65.000000 -85.000000 -35.000000
241.675011 115.000000 135.000000 -5.000000
241.698996 -415.000000 -395.000000 -45.000000
241.876168 345.000000 85.000000 95.000000
241.982332 335.000000 -25.000000 5.000000
242.076699 5.000000 -45.000000 25.000000
242.094227 -145.000000 -65.000000 105.000000
242.125507 -325.000000 -145.000000 -15.000000
242.127457 225.000000 175.000000 65.000000
242.135321 -55.000000 -275.000000 -75.000000
242.280919 -215.000000 355.000000 -75.000000
242.282152 125.000000 385.000000 5.000000
242.321860 -415.000000 -75.000000 -85.000000
242.348161 -255.000000 165.000000 -75.000000
242.374239 -125.000000 155.000000 25.000000
242.410316 -285.000000 35.000000 65.000000
242.439967 315.000000 335.000000 95.000000
242.610723 385.000000 15.000000 -45.000000
242.622095 105.000000 -125.000000 -85.000000
242.690260 -15.000000 395.000000 105.000000
242.714313 -205.000000 -25.000000 75.000000
242.715902 -275.000000 -5.000000 -65.000000
242.772504 375.000000 225.000000 65.000000
242.879812 -185.000000 -205.000000 25.000000
242.929148 -85.000000 425.000000 -5.000000
243.039688 -265.000000 25.000000 25.000000
243.089197 285.000000 245.000000 -75.000000
243.165538 325.000000 -225.000000 55.000000
243.219864 -135.000000 -115.000000 25.000000
243.297639 -205.000000 235.000000 85.000000
243.391924 145.000000 -125.000000 65.000000
243.447525 175.000000 195.000000 5.000000
243.458136 -165.000000 255.000000 95.000000
243.559490 -195.000000 55.000000 65.000000
243.658910 455.000000 45.000000 -75.000000
243.695790 -275.000000 75.000000 85.000000
243.803775 405.000000 -285.000000 -35.000000
243.807487 -125.000000 65.000000 25.000000
243.828230 35.000000 85.000000 15.000000
243.852603 445.000000 -305.000000 35.000000
243.894252 -415.000000 -435.000000 -25.000000
243.904379 -175.000000 385.000000 75.000000
243.910477 -35.000000 -425.000000 65.000000
243.938178 -365.000000 45.000000 -15.000000
243.953967 185.000000 385.000000 -5.000000
244.009248 -265.000000 215.000000 5.000000
244.015133 55.000000 -445.000000 -65.000000
244.034886 335.000000 -5.000000 -5.000000
244.040007 335.000000 -155.000000 -45.000000
244.047780 205.000000 -365.000000 95.000000
244.201852 445.000000 135.000000 -25.000000
244.352443 -345.000000 -35.000000 25.000000
244.397918 -435.000000 -425.000000 -55.000000
244.482067 175.000000 175.000000 35.000000
244.530393 -135.000000 275.000000 -35.000000
244.613091 215.000000 -365.000000 -55.000000
244.661468 -135.000000 105.000000 45.000000
244.760051 -75.000000 375.000000 -85.000000
244.846280 285.000000 -155.000000 55.000000
244.915444 -435.000000 325.000000 5.000000
245.029603 385.000000 -135.000000 -75.000000
245.052359 105.000000 -185.000000 35.000000
245.209760 115.000000 95.000000 35.000000
245.285001 405.000000 -395.000000 55.000000
245.329769 -275.000000 -145.000000 -35.000000
245.368230 105.000000 -385.000000 85.000000
245.491902 -185.000000 -375.000000 -45.000000
245.668480 395.000000 -165.000000 -55.000000
245.688739 165.000000 -205.000000 55.000000
245.768639 -105.000000 75.000000 -85.000000
246.038864 -205.000000 -355.000000 -25.000000
246.109298 -15.000000 -215.000000 35.000000
246.132128 -445.000000 -425.000000 -45.000000
246.214404 215.000000 225.000000 -25.000000
246.323510 -425.000000 395.000000 -85.000000
246.344827 -145.000000 95.000000 -65.000000
246.468475 155.000000 -95.000000 85.000000
246.512186 365.000000 75.000000 65.000000
246.583360 -35.000000 -405.000000 -45.000000
246.722215 375.000000 -435.000000 35.000000
246.855703 -215.000000 135.000000 -35.000000
246.859595 -125.000000 -55.000000 25.000000
246.987100 -75.000000 -145.000000 25.000000
247.046960 85.000000 -385.000000 55.000000
247.091176 145.000000 35.000000 95.000000
247.157801 -275.000000 -245.000000 85.000000
247.300477 95.000000 -355.000000 15.000000
247.341308 -35.000000 45.000000 95.000000
247.375840 455.000000 -265.000000 -45.000000
247.430437 175.000000 195.000000 -45.000000
247.435381 -175.000000 -165.000000 -65.000000
247.543412 -25.000000 445.000000 25.000000
247.545749 325.000000 165.000000 85.000000
247.565747 -115.000000 -65.000000 -35.000000
247.594744 -235.000000 5.000000 15.000000
247.607706 -115.000000 75.000000 15.000000
247.803737 -175.000000 -55.000000 105.000000
247.902699 -375.000000 115.000000 25.000000
247.916373 -105.000000 -195.000000 -55.000000
248.050422 -355.000000 285.000000 -75.000000
248.107532 355.000000 395.000000 105.000000
248.108553 -305.000000 55.000000 -35.000000
248.118196 405.000000 265.000000 5.000000
248.138753 -405.000000 -355.000000 -5.000000
248.154824 -375.000000 395.000000 45.000000
248.214925 285.000000 -285.000000 15.000000
248.225114 -195.000000 -425.000000 -65.000000
248.245250 -75.000000 145.000000 5.000000
248.262549 315.000000 415.000000 65.000000
248.388439 165.000000 365.000000 -85.000000
248.450308 -215.000000 -35.000000 75.000000
248.466035 -175.000000 -45.000000 -85.000000
248.527790 135.000000 -425.000000 -85.000000
248.598571 265.000000 345.000000 -25.000000
248.612262 -285.000000 -405.000000 65.000000
248.652386 315.000000 455.000000 105.000000
248.721740 285.000000 -335.000000 25.000000
248.723889 355.000000 -65.000000 75.000000
248.725263 315.000000 55.000000 25.000000
248.758052 35.000000 -65.000000 55.000000
248.914774 255.000000 55.000000 -85.000000
248.929187 65.000000 -325.000000 45.000000
249.020831 -135.000000 85.000000 -5.000000
249.042217 -155.000000 -155.000000 55.000000
249.059773 -305.000000 455.000000 -5.000000
249.130623 -45.000000 -375.000000 55.000000
249.160175 35.000000 -165.000000 85.000000
249.229184 405.000000 95.000000 15.000000
249.259742 -195.000000 365.000000 15.000000
249.358200 115.000000 -205.000000 65.000000
249.391778 -105.000000 255.000000 65.000000
249.408950 -35.000000 -115.000000 35.000000
249.537763 435.000000 -195.000000 5.000000
249.628360 -215.000000 305.000000 65.000000
249.642542 -425.000000 -395.000000 -55.000000
249.897577 -385.000000 -185.000000 -75.000000
249.937049 -205.000000 -275.000000 85.000000
249.952053 165.000000 75.000000 15.000000
249.973755 165.000000 -195.000000 65.000000
249.974565 185.000000 235.000000 -75.000000
250.212675 375.000000 315.000000 -85.000000
250.227534 -345.000000 -75.000000 45.000000
250.364732 225.000000 -165.000000 65.000000
250.369388 25.000000 445.000000 95.000000
250.524354 -245.000000 -405.000000 85.000000
250.635382 -95.000000 325.000000 -65.000000
250.657943 395.000000 -455.000000 -85.000000
250.683444 365.000000 215.000000 55.000000
250.718899 -165.000000 -255.000000 65.000000
250.741909 5.000000 -445.000000 -25.000000
250.751468 -405.000000 25.000000 105.000000
250.764952 -435.000000 -5.000000 85.000000
250.888618 -375.000000 -275.000000 5.000000
250.896861 -155.000000 425.000000 55.000000
250.910444 -415.000000 -165.000000 105.000000
250.923669 -425.000000 155.000000 -45.000000
251.039451 -65.000000 -355.000000 -15.000000
251.047465 445.000000 -195.000000 65.000000
251.085031 -115.000000 -65.000000 25.000000
251.088497 -425.000000 385.000000 35.000000
251.153935 -145.000000 425.000000 85.000000
251.213661 -45.000000 -415.000000 45.000000
251.237245 55.000000 85.000000 -35.000000
251.331035 -95.000000 -95.000000 -15.000000
251.344106 65.000000 -215.000000 45.000000
251.388876 155.000000 115.000000 -25.000000
251.561587 -185.000000 225.000000 -75.000000
251.590310 -105.000000 -185.000000 65.000000
251.712390 365.000000 -415.000000 35.000000
251.713565 -145.000000 295.000000 15.000000
251.811643 45.000000 435.000000 45.000000
251.852885 365.000000 -335.000000 75.000000
251.855609 275.000000 -235.000000 -5.000000
251.868176 -315.000000 -145.000000 -5.000000
251.893246 15.000000 135.000000 45.000000
251.917435 -25.000000 405.000000 55.000000
251.970584 -305.000000 175.000000 25.000000
251.989105 -205.000000 185.000000 105.000000
252.083523 -165.000000 -435.000000 -45.000000
252.112471 405.000000 -55.000000 -15.000000
252.122422 -55.000000 -45.000000 -5.000000
252.177336 -5.000000 -35.000000 -85.000000
252.324926 -85.000000 365.000000 35.000000
252.362013 275.000000 -415.000000 -85.000000
252.374786 95.000000 345.000000 35.000000
252.400174 -15.000000 -145.000000 -25.000000
252.420539 -25.000000 415.000000 55.000000
252.486345 295.000000 -275.000000 55.000000
252.512805 195.000000 65.000000 -75.000000
252.539239 -295.000000 405.000000 -35.000000
252.651111 -305.000000 -35.000000 55.000000
252.687389 -175.000000 -125.000000 35.000000
252.781136 55.000000 365.000000 -25.000000
252.923246 425.000000 445.000000 85.000000
252.937324 155.000000 -405.000000 -5.000000
252.941469 235.000000 -225.000000 105.000000
253.004664 135.000000 415.000000 -15.000000
253.035599 -325.000000 425.000000 -5.000000
253.194031 -55.000000 105.000000 45.000000
253.225062 95.000000 -425.000000 75.000000
253.240424 225.000000 -155.000000 -45.000000
253.261883 -265.000000 175.000000 5.000000
253.275154 -305.000000 175.000000 -85.000000
253.304305 25.000000 -55.000000 85.000000
253.462588 -135.000000 245.000000 105.000000
253.484503 -425.000000 -125.000000 -75.000000
253.535141 85.000000 -395.000000 65.000000
253.576836 -95.000000 -5.000000 45.000000
253.614602 -235.000000 305.000000 15.000000
253.802405 -195.000000 -45.000000 -25.000000
253.911074 -215.000000 -415.000000 -45.000000
253.924970 -235.000000 95.000000 35.000000
253.964649 -35.000000 285.000000 95.000000
254.030034 -435.000000 235.000000 95.000000
254.082777 -245.000000 255.000000 -85.000000
254.093677 -185.000000 -445.000000 25.000000
254.096797 225.000000 5.000000 -5.000000
254.102940 325.000000 -255.000000 -15.000000
254.127877 -185.000000 -25.000000 5.000000
254.193968 -125.000000 -55.000000 75.000000
254.251479 425.000000 -275.000000 95.000000
254.288988 355.000000 165.000000 -55.000000
254.294280 385.000000 75.000000 -15.000000
254.301624 -125.000000 -105.000000 15.000000
254.369747 335.000000 415.000000 55.000000
254.475337 445.000000 255.000000 95.000000
254.528292 -415.000000 -265.000000 105.000000
254.537164 285.000000 -25.000000 -35.000000
254.542520 -235.000000 -415.000000 25.000000
254.619693 -335.000000 -415.000000 45.000000
254.633928 -305.000000 5.000000 -5.000000
254.651437 305.000000 -75.000000 35.000000
254.679110 35.000000 395.000000 -75.000000
254.712569 155.000000 325.000000 85.000000
254.729914 445.000000 -455.000000 -55.000000
254.740625 255.000000 -5.000000 15.000000
254.742992 -95.000000 -275.000000 15.000000
254.775285 145.000000 315.000000 -5.000000
254.782950 275.000000 -395.000000 15.000000
254.792936 335.000000 -155.000000 -95.000000
254.793264 -105.000000 305.000000 45.000000
254.862750 -145.000000 345.000000 -65.000000
254.864654 105.000000 -165.000000 -15.000000
255.014918 175.000000 -75.000000 105.000000
255.187991 -435.000000 15.000000 -25.000000
255.283553 -195.000000 455.000000 35.000000
255.324069 325.000000 -285.000000 105.000000
255.335669 65.000000 365.000000 75.000000
255.338377 75.000000 -355.000000 -35.000000
255.433251 295.000000 265.000000 -45.000000
255.463152 55.000000 -305.000000 -75.000000
255.465029 415.000000 185.000000 -65.000000
255.491074 365.000000 275.000000 -65.000000
255.527335 -95.000000 -65.000000 95.000000
255.531295 -55.000000 135.000000 -45.000000
255.561129 -235.000000 35.000000 55.000000
255.596989 445.000000 -15.000000 -65.000000
255.611721 -425.000000 -185.000000 65.000000
255.646337 -45.000000 195.000000 75.000000
255.672571 345.000000 225.000000 -35.000000
255.767671 -325.000000 -175.000000 5.000000
255.847459 -195.000000 -155.000000 15.000000
255.848153 -125.000000 -115.000000 -95.000000
256.012191 245.000000 -415.000000 -85.000000
256.103462 65.000000 -435.000000 -5.000000
256.106400 -405.000000 435.000000 5.000000
256.146222 295.000000 -95.000000 15.000000
256.172448 -95.000000 -425.000000 45.000000
256.324263 35.000000 -65.000000 55.000000
256.602315 -425.000000 -175.000000 55.000000
256.627876 -405.000000 145.000000 -95.000000
256.696207 -405.000000 215.000000 -45.000000
256.711361 65.000000 -205.000000 -75.000000
256.751987 -185.000000 375.000000 -75.000000
256.770642 155.000000 225.000000 -35.000000
256.801864 -215.000000 455.000000 75.000000
256.825923 -145.000000 -275.000000 65.000000
256.869855 35.000000 345.000000 -5.000000
256.932429 15.000000 305.000000 65.000000
257.007609 -185.000000 -145.000000 15.000000
257.025052 265.000000 115.000000 -15.000000
257.055284 -345.000000 -175.000000 85.000000
257.192473 395.000000 165.000000 -25.000000
257.213252 135.000000 -75.000000 -85.000000
257.256824 -395.000000 175.000000 -85.000000
257.261978 15.000000 285.000000 45.000000
257.378534 415.000000 -185.000000 55.000000
257.430777 305.000000 205.000000 -5.000000
257.481829 -35.000000 85.000000 -5.000000
257.487310 225.000000 -195.000000 65.000000
257.543684 -305.000000 35.000000 35.000000
257.877790 -145.000000 -225.000000 85.000000
257.919264 345.000000 -315.000000 -5.000000
257.929943 25.000000 415.000000 85.000000
257.937710 395.000000 -305.000000 5.000000
258.039278 -15.000000 85.000000 75.000000
258.082664 165.000000 -215.000000 105.000000
258.121806 -175.000000 65.000000 -55.000000
258.141690 -165.000000 245.000000 -15.000000
258.148321 305.000000 -455.000000 35.000000
258.162685 205.000000 355.000000 -5.000000
258.239889 145.000000 -175.000000 55.000000
258.302007 -215.000000 145.000000 -5.000000
258.397880 435.000000 -15.000000 45.000000
258.426210 -175.000000 -25.000000 -25.000000
258.428785 -255.000000 375.000000 45.000000
258.504673 -325.000000 -385.000000 55.000000
258.513003 75.000000 385.000000 5.000000
258.515427 55.000000 -405.000000 -75.000000
258.542930 -25.000000 245.000000 85.000000
258.544266 265.000000 295.000000 35.000000
258.567272 185.000000 -295.000000 -5.000000
258.597353 145.000000 -265.000000 -55.000000
258.622353 345.000000 -255.000000 -5.000000
258.706228 265.000000 255.000000 -55.000000
258.757391 -265.000000 -385.000000 -85.000000
258.801251 435.000000 -235.000000 15.000000
258.870462 405.000000 35.000000 15.000000
259.059536 -275.000000 425.000000 35.000000
259.063337 -395.000000 255.000000 -45.000000
259.173606 435.000000 -275.000000 25.000000
259.200274 185.000000 -45.000000 65.000000
259.207337 -375.000000 -225.000000 85.000000
259.237825 -435.000000 385.000000 65.000000
259.283137 315.000000 5.000000 5.000000
259.306461 -195.000000 -275.000000 -25.000000
259.439064 435.000000 -245.000000 65.000000
259.450605 -415.000000 -345.000000 -75.000000
259.471836 305.000000 -5.000000 -15.000000
259.472178 245.000000 -385.000000 5.000000
259.745406 -205.000000 35.000000 75.000000
259.797555 -405.000000 -315.000000 -55.000000
259.846501 425.000000 165.000000 5.000000
259.865728 55.000000 245.000000 65.000000
259.973516 155.000000 -275.000000 -75.000000
260.029169 175.000000 -255.000000 -45.000000
260.066276 235.000000 425.000000 -55.000000
260.243930 25.000000 -315.000000 85.000000
260.251399 325.000000 255.000000 -25.000000
260.263520 135.000000 -345.000000 -75.000000
260.271224 -195.000000 -345.000000 -35.000000
260.281453 -255.000000 265.000000 55.000000
260.309448 405.000000 -165.000000 45.000000
260.314668 -145.000000 205.000000 -45.000000
260.316362 -125.000000 -165.000000 -15.000000
260.367861 -255.000000 -315.000000 65.000000
260.425511 -385.000000 315.000000 25.000000
260.436651 -155.000000 345.000000 25.000000
260.500474 375.000000 -285.000000 5.000000
260.643322 325.000000 165.000000 15.000000
260.664111 -75.000000 395.000000 -55.000000
260.672800 -425.000000 -205.000000 15.000000
260.739002 385.000000 205.000000 65.000000
260.923163 65.000000 235.000000 95.000000
260.977185 255.000000 -175.000000 35.000000
261.080479 -285.000000 75.000000 85.000000
261.143052 135.000000 -265.000000 105.000000
261.153038 -185.000000 35.000000 -35.000000
261.210275 55.000000 65.000000 45.000000
261.226128 -105.000000 -135.000000 -75.000000
261.311721 285.000000 105.000000 35.000000
261.360231 205.000000 -395.000000 -65.000000
261.645029 -15.000000 165.000000 -65.000000
261.653636 275.000000 -365.000000 -45.000000
261.677320 -185.000000 245.000000 45.000000
261.739356 385.000000 85.000000 -75.000000
261.782884 -415.000000 -315.000000 75.000000
261.831278 -165.000000 185.000000 25.000000
261.840360 -295.000000 335.000000 45.000000
261.862819 -355.000000 -435.000000 -25.000000
261.915541 375.000000 195.000000 75.000000
262.089833 315.000000 185.000000 5.000000
262.153631 5.000000 -65.000000 55.000000
262.269390 -105.000000 445.000000 -85.000000
262.296202 -95.000000 105.000000 5.000000
262.322632 65.000000 -85.000000 -75.000000
262.340349 -235.000000 125.000000 15.000000
262.392074 35.000000 -425.000000 5.000000
262.412075 405.000000 95.000000 -55.000000
262.419243 65.000000 285.000000 -15.000000
262.442662 145.000000 5.000000 85.000000
262.458901 -395.000000 -385.000000 -15.000000
262.508744 55.000000 -165.000000 -55.000000
262.682417 -345.000000 135.000000 -35.000000
262.782547 255.000000 -225.000000 35.000000
262.794974 285.000000 345.000000 -55.000000
262.805633 225.000000 -435.000000 5.000000
262.878985 -255.000000 -215.000000 25.000000
262.884567 -175.000000 5.000000 45.000000
262.901145 95.000000 -175.000000 65.000000
262.968115 65.000000 375.000000 15.000000
263.004883 -25.000000 -385.000000 15.000000
263.286029 -415.000000 -245.000000 -75.000000
263.321742 -165.000000 -195.000000 -25.000000
263.345716 -225.000000 -205.000000 -45.000000
263.395539 -355.000000 265.000000 -85.000000
263.423618 -385.000000 -225.000000 -45.000000
263.459145 345.000000 -355.000000 15.000000
263.466684 295.000000 125.000000 75.000000
263.514012 -185.000000 -225.000000 85.000000
263.550933 -175.000000 -65.000000 95.000000
263.588624 415.000000 -335.000000 25.000000
263.673344 275.000000 365.000000 -25.000000
263.680914 415.000000 -385.000000 -75.000000
263.735041 -255.000000 -355.000000 85.000000
263.770415 435.000000 -295.000000 35.000000
263.772655 -145.000000 45.000000 95.000000
263.799443 415.000000 -365.000000 -65.000000
263.943373 -315.000000 -15.000000 95.000000
263.979930 -255.000000 -5.000000 -25.000000
264.119819 375.000000 115.000000 -35.000000
264.175512 -405.000000 115.000000 65.000000
264.197320 75.000000 -215.000000 -75.000000
264.208739 -335.000000 425.000000 5.000000
264.240023 -5.000000 85.000000 65.000000
264.241228 425.000000 -295.000000 -55.000000
264.252133 115.000000 335.000000 -15.000000
264.284104 385.000000 -155.000000 -35.000000
264.335538 145.000000 285.000000 -55.000000
264.357573 -195.000000 385.000000 5.000000
264.518063 55.000000 -185.000000 -15.000000
264.527481 45.000000 155.000000 -5.000000
264.554349 -85.000000 -85.000000 -15.000000
264.583140 -155.000000 115.000000 -25.000000
264.642440 145.000000 185.000000 85.000000
264.669076 355.000000 -335.000000 25.000000
264.697689 -305.000000 195.000000 -5.000000
264.740278 -215.000000 -275.000000 -65.000000
264.830680 305.000000 -165.000000 -5.000000
264.850298 95.000000 355.000000 -75.000000
264.896534 145.000000 235.000000 -25.000000
264.963810 -195.000000 405.000000 -85.000000
265.071081 -265.000000 -435.000000 -15.000000
265.113313 -215.000000 -435.000000 -15.000000
265.115543 -85.000000 105.000000 85.000000
265.236368 455.000000 395.000000 -15.000000
265.285174 175.000000 -15.000000 -45.000000
265.314791 -85.000000 -295.000000 -25.000000
265.324284 395.000000 -435.000000 15.000000
265.385202 235.000000 -225.000000 85.000000
265.421974 135.000000 -95.000000 85.000000
265.553231 325.000000 135.000000 -5.000000
265.565851 255.000000 85.000000 5.000000
265.701817 45.000000 -255.000000 -65.000000
265.763266 185.000000 385.000000 25.000000
265.766793 -335.000000 -115.000000 -35.000000
265.779701 285.000000 -85.000000 -75.000000
265.802407 -105.000000 125.000000 -35.000000
265.840470 -65.000000 -15.000000 -25.000000
265.862561 375.000000 -195.000000 5.000000
265.864365 395.000000 -375.000000 15.000000
265.871276 -155.000000 75.000000 35.000000
266.036770 385.000000 65.000000 45.000000
266.038728 35.000000 175.000000 -15.000000
266.059275 425.000000 -325.000000 -25.000000
266.146011 -115.000000 345.000000 95.000000
266.167019 -425.000000 -415.000000 55.000000
266.167625 -5.000000 -115.000000 15.000000
266.226416 -315.000000 355.000000 95.000000
266.316273 -105.000000 -135.000000 -55.000000
266.317098 275.000000 -265.000000 -65.000000
266.345061 -145.000000 65.000000 -25.000000
266.349579 -145.000000 235.000000 25.000000
266.402220 -225.000000 -85.000000 35.000000
266.464800 -15.000000 25.000000 -95.000000
266.488934 265.000000 225.000000 95.000000
266.501878 -95.000000 -155.000000 -15.000000
266.507059 -375.000000 -105.000000 55.000000
266.578060 115.000000 -305.000000 5.000000
266.600088 -395.000000 -135.000000 15.000000
266.689446 155.000000 -25.000000 -75.000000
266.708483 -395.000000 -365.000000 -65.000000
266.763306 55.000000 165.000000 -25.000000
266.780004 265.000000 295.000000 85.000000
266.784433 -355.000000 385.000000 -45.000000
266.824325 -65.000000 -405.000000 -65.000000
266.824406 -395.000000 -45.000000 -25.000000
266.880183 25.000000 -145.000000 75.000000
266.953508 -365.000000 -5.000000 75.000000
266.969170 265.000000 155.000000 25.000000
266.979516 -235.000000 -25.000000 -15.000000
266.993190 185.000000 -115.000000 45.000000
267.125877 45.000000 125.000000 35.000000
267.127988 95.000000 135.000000 85.000000
267.207140 -405.000000 425.000000 -15.000000
267.220288 -105.000000 125.000000 -85.000000
267.255919 -135.000000 -375.000000 -35.000000
267.367893 -95.000000 75.000000 55.000000
267.469842 215.000000 -175.000000 -55.000000
267.577429 225.000000 -275.000000 5.000000
267.649890 5.000000 -315.000000 95.000000
267.661067 225.000000 125.000000 25.000000
267.738462 395.000000 65.000000 -25.000000
267.745287 -35.000000 265.000000 -35.000000
267.864892 25.000000 -285.000000 55.000000
267.901405 225.000000 325.000000 15.000000
267.923676 415.000000 -345.000000 95.000000
267.958627 385.000000 -175.000000 -75.000000
267.979758 -95.000000 -345.000000 -45.000000
267.991972 -415.000000 365.000000 -45.000000
267.992123 245.000000 75.000000 5.000000
268.012252 -365.000000 -255.000000 75.000000
268.032411 295.000000 345.000000 65.000000
268.062336 -285.000000 -135.000000 -35.000000
268.071884 -255.000000 -5.000000 65.000000
268.083354 5.000000 -105.000000 -55.000000
268.125499 245.000000 -445.000000 55.000000
268.174108 305.000000 45.000000 -65.000000
268.201091 295.000000 25.000000 -25.000000
268.219747 -215.000000 415.000000 -35.000000
268.244684 255.000000 315.000000 25.000000
268.407933 245.000000 445.000000 -45.000000
268.448300 295.000000 -225.000000 95.000000
268.499424 -265.000000 -225.000000 -45.000000
268.502009 -355.000000 -265.000000 15.000000
268.553930 155.000000 -245.000000 85.000000
268.649382 -305.000000 -235.000000 25.000000
268.655493 445.000000 -235.000000 -55.000000
268.690210 -295.000000 -155.000000 25.000000
268.742571 -215.000000 -415.000000 -45.000000
268.949094 -185.000000 155.000000 -75.000000
268.951312 -55.000000 -335.000000 65.000000
269.024335 55.000000 -155.000000 65.000000
269.049239 -55.000000 375.000000 -65.000000
269.095571 255.000000 -45.000000 35.000000
269.097135 455.000000 345.000000 -95.000000
269.132644 -385.000000 55.000000 15.000000
269.160515 -315.000000 -155.000000 85.000000
269.326089 -75.000000 375.000000 -25.000000
269.436705 205.000000 -355.000000 55.000000
269.466015 -85.000000 -445.000000 95.000000
269.547836 185.000000 -365.000000 -15.000000
269.605426 75.000000 345.000000 -85.000000
269.659408 -425.000000 -115.000000 45.000000
269.663463 95.000000 295.000000 55.000000
269.785877 55.000000 295.000000 75.000000
269.791354 -345.000000 435.000000 95.000000
269.806258 375.000000 225.000000 95.000000
269.917768 -315.000000 65.000000 95.000000
269.923612 -45.000000 -305.000000 -85.000000
270.001485 -45.000000 -325.000000 25.000000
270.010020 345.000000 365.000000 -85.000000
270.060403 -435.000000 375.000000 25.000000
270.091706 -85.000000 255.000000 65.000000
270.116502 -95.000000 -285.000000 85.000000
270.126227 -335.000000 -365.000000 -25.000000
270.148263 -135.000000 -215.000000 -55.000000
270.179323 -415.000000 225.000000 55.000000
270.212668 5.000000 145.000000 -85.000000
270.223825 -185.000000 275.000000 65.000000
270.228176 405.000000 35.000000 -75.000000
270.229874 -275.000000 155.000000 -35.000000
270.229888 25.000000 375.000000 5.000000
270.357670 -255.000000 -75.000000 -5.000000
270.555861 -345.000000 -185.000000 85.000000
270.559493 -215.000000 -235.000000 95.000000
270.578991 405.000000 -345.000000 -55.000000
270.652667 -55.000000 155.000000 95.000000
270.745889 125.000000 -55.000000 25.000000
270.759928 -315.000000 -45.000000 85.000000
270.818802 -95.000000 -295.000000 -45.000000
270.863649 -155.000000 -145.000000 85.000000
270.881569 -315.000000 285.000000 55.000000
270.980263 -155.000000 35.000000 5.000000
271.005590 -35.000000 375.000000 5.000000
271.007100 -275.000000 295.000000 5.000000
271.013717 55.000000 95.000000 5.000000
271.140800 315.000000 395.000000 -65.000000
271.174787 175.000000 -455.000000 35.000000
271.281113 175.000000 155.000000 -75.000000
271.359057 -405.000000 435.000000 -15.000000
271.392858 445.000000 -295.000000 95.000000
271.411083 -155.000000 355.000000 -35.000000
271.430966 -355.000000 -115.000000 -65.000000
271.481646 305.000000 -325.000000 -55.000000
271.528936 -205.000000 255.000000 85.000000
271.605264 65.000000 -85.000000 -85.000000
271.653853 -415.000000 205.000000 -75.000000
271.657869 335.000000 195.000000 25.000000
271.676812 -315.000000 425.000000 -35.000000
271.782547 135.000000 45.000000 5.000000
271.842318 385.000000 165.000000 -25.000000
271.842933 -425.000000 -425.000000 -65.000000
271.882714 115.000000 -245.000000 -75.000000
271.892031 -105.000000 -115.000000 55.000000
271.927449 355.000000 335.000000 -25.000000
272.039462 115.000000 355.000000 5.000000
272.156424 -255.000000 -385.000000 25.000000
272.157887 -385.000000 305.000000 65.000000
272.243911 -225.000000 -175.000000 -65.000000
272.295805 -245.000000 265.000000 -65.000000
272.366293 115.000000 205.000000 25.000000
272.474354 305.000000 -225.000000 -5.000000
272.540886 345.000000 -225.000000 -75.000000
272.543402 195.000000 365.000000 -85.000000
272.547475 -55.000000 -275.000000 -85.000000
272.595002 -425.000000 -355.000000 -65.000000
272.611181 125.000000 305.000000 5.000000
272.619091 295.000000 -95.000000 -15.000000
272.716802 15.000000 -435.000000 -85.000000
272.788828 -265.000000 -65.000000 -45.000000
272.823439 -395.000000 -405.000000 5.000000
272.871157 225.000000 -395.000000 85.000000
272.873179 -295.000000 -215.000000 35.000000
272.876220 345.000000 -365.000000 -55.000000
272.922181 435.000000 345.000000 -25.000000
272.926315 -425.000000 -75.000000 -35.000000
272.978687 165.000000 -445.000000 -85.000000
272.992437 -15.000000 15.000000 35.000000
272.993773 125.000000 -5.000000 -15.000000
273.008052 -65.000000 225.000000 -25.000000
273.052392 -135.000000 -125.000000 25.000000
273.093587 -415.000000 -355.000000 -35.000000
273.181250 -315.000000 355.000000 -15.000000
273.219417 -55.000000 205.000000 -75.000000
273.252189 -215.000000 -445.000000 65.000000
273.267577 -75.000000 -15.000000 5.000000
273.285453 -225.000000 -395.000000 65.000000
273.306475 -105.000000 185.000000 -85.000000
273.306686 -365.000000 45.000000 -15.000000
273.325386 105.000000 -455.000000 55.000000
273.391798 175.000000 -385.000000 -65.000000
273.405987 -25.000000 -385.000000 -85.000000
273.429506 95.000000 -175.000000 65.000000
273.453560 165.000000 -95.000000 55.000000
273.464940 185.000000 -165.000000 -45.000000
273.470713 -165.000000 75.000000 -5.000000
273.491947 245.000000 -115.000000 95.000000
273.497810 -215.000000 95.000000 -15.000000
273.512827 335.000000 -55.000000 -65.000000
273.613526 225.000000 -305.000000 -15.000000
273.642486 -125.000000 -385.000000 -35.000000
273.671782 -265.000000 -455.000000 35.000000
273.701050 125.000000 -145.000000 -75.000000
273.749138 305.000000 -105.000000 -25.000000
273.752578 25.000000 -5.000000 15.000000
273.767540 295.000000 -185.000000 55.000000
273.891006 -305.000000 15.000000 75.000000
273.983189 -15.000000 155.000000 65.000000
273.988014 445.000000 255.000000 65.000000
274.028292 365.000000 -405.000000 45.000000
274.043768 -325.000000 45.000000 -35.000000
274.105209 -15.000000 -325.000000 55.000000
274.165916 -195.000000 -165.000000 -55.000000
274.233883 -45.000000 -215.000000 -5.000000
274.270690 -35.000000 -135.000000 -85.000000
274.275348 -125.000000 115.000000 95.000000
274.343722 -125.000000 5.000000 45.000000
274.451807 -155.000000 55.000000 105.000000
274.654671 -355.000000 75.000000 55.000000
274.670824 -325.000000 -415.000000 5.000000
274.718043 105.000000 365.000000 -25.000000
274.727335 285.000000 -195.000000 -35.000000
274.732494 -415.000000 -335.000000 25.000000
274.743097 -405.000000 315.000000 -25.000000
274.757270 -225.000000 165.000000 -75.000000
274.811884 -345.000000 15.000000 -15.000000
274.899119 -345.000000 -85.000000 -15.000000
275.035584 285.000000 -355.000000 65.000000
275.099225 75.000000 -445.000000 -15.000000
275.121828 55.000000 45.000000 -55.000000
275.129552 295.000000 345.000000 25.000000
275.174392 -365.000000 255.000000 5.000000
275.243074 -265.000000 -365.000000 45.000000
275.247350 275.000000 -385.000000 15.000000
275.269802 285.000000 -455.000000 15.000000
275.300171 335.000000 -135.000000 85.000000
275.365916 -95.000000 -435.000000 -15.000000
275.369385 -355.000000 405.000000 65.000000
275.486307 -235.000000 -45.000000 -95.000000
275.494399 -435.000000 295.000000 -65.000000
275.568953 -175.000000 -175.000000 35.000000
275.626823 -335.000000 75.000000 15.000000
275.669798 215.000000 25.000000 -85.000000
275.694958 45.000000 -115.000000 65.000000
275.799848 -275.000000 235.000000 15.000000
275.833985 -145.000000 315.000000 105.000000
275.995231 255.000000 15.000000 -25.000000
276.034972 155.000000 -195.000000 55.000000
276.066832 -345.000000 65.000000 65.000000
276.097779 315.000000 375.000000 -5.000000
276.107680 85.000000 -355.000000 35.000000
276.164072 315.000000 -15.000000 -45.000000
276.267755 -145.000000 185.000000 -15.000000
276.397308 -375.000000 -225.000000 85.000000
276.407507 -5.000000 -235.000000 -25.000000
276.557107 -255.000000 305.000000 85.000000
276.765160 425.000000 -265.000000 -55.000000
276.881030 -385.000000 -275.000000 -45.000000
276.887138 -185.000000 25.000000 55.000000
276.986507 -15.000000 55.000000 -55.000000
277.082969 245.000000 95.000000 -95.000000
277.147363 -285.000000 -295.000000 -55.000000
277.159643 -285.000000 105.000000 65.000000
277.175184 445.000000 215.000000 -65.000000
277.205906 65.000000 -35.000000 -45.000000
277.213079 -45.000000 -385.000000 95.000000
277.224019 -65.000000 -215.000000 -25.000000
277.250539 -85.000000 75.000000 25.000000
277.357560 125.000000 365.000000 -5.000000
277.485442 455.000000 -115.000000 -25.000000
277.507388 255.000000 405.000000 -15.000000
277.528440 -115.000000 165.000000 -55.000000
277.611699 35.000000 -205.000000 -25.000000
277.659262 -185.000000 435.000000 35.000000
277.677945 -425.000000 175.000000 15.000000
277.693265 345.000000 -195.000000 -85.000000
277.764134 405.000000 -335.000000 -15.000000
277.780392 -185.000000 -235.000000 55.000000
277.801922 -205.000000 -165.000000 15.000000
277.859642 105.000000 35.000000 -85.000000
277.871440 15.000000 -245.000000 65.000000
277.925413 -405.000000 255.000000 35.000000
277.963081 -185.000000 145.000000 -95.000000
277.967998 145.000000 -315.000000 -35.000000
277.987629 125.000000 35.000000 55.000000
278.001925 415.000000 -105.000000 -75.000000
278.027971 185.000000 -15.000000 75.000000
278.047785 345.000000 -245.000000 65.000000
278.060215 -445.000000 -175.000000 -35.000000
278.066444 -165.000000 35.000000 5.000000
278.108192 -275.000000 -35.000000 15.000000
278.125216 -95.000000 -15.000000 -75.000000
278.178015 -115.000000 -405.000000 55.000000
278.208862 315.000000 -425.000000 5.000000
278.217365 -155.000000 55.000000 5.000000
278.225114 -235.000000 435.000000 -55.000000
278.225389 -5.000000 -245.000000 -65.000000
278.331103 -215.000000 365.000000 65.000000
278.380246 -5.000000 -145.000000 -5.000000
278.472833 245.000000 -135.000000 -55.000000
278.547136 125.000000 165.000000 25.000000
278.583044 -125.000000 445.000000 -45.000000
278.624599 -285.000000 -265.000000 -55.000000
278.683640 -365.000000 -205.000000 -15.000000
278.683887 265.000000 295.000000 105.000000
278.720901 165.000000 325.000000 -75.000000
279.079650 -235.000000 375.000000 35.000000
279.082086 255.000000 165.000000 55.000000
279.087694 -215.000000 -135.000000 -25.000000
279.116922 -415.000000 325.000000 -75.000000
279.149503 -75.000000 145.000000 95.000000
279.168932 -65.000000 325.000000 15.000000
279.247358 -145.000000 -385.000000 -25.000000
279.299296 -15.000000 -245.000000 -75.000000
279.378558 365.000000 -245.000000 65.000000
279.397444 65.000000 45.000000 55.000000
279.421536 295.000000 -195.000000 85.000000
279.458189 205.000000 125.000000 85.000000
279.558020 -175.000000 55.000000 15.000000
279.567513 -395.000000 -115.000000 45.000000
279.591268 -105.000000 -265.000000 75.000000
279.617995 305.000000 125.000000 25.000000
279.639900 245.000000 125.000000 55.000000
279.651446 -5.000000 -255.000000 -45.000000
279.693717 405.000000 -385.000000 -35.000000
279.735927 105.000000 435.000000 -75.000000
279.863587 -275.000000 -115.000000 75.000000
279.963124 415.000000 -55.000000 15.000000
279.986212 -285.000000 35.000000 -35.000000
280.037616 315.000000 -295.000000 95.000000
280.085915 255.000000 -405.000000 35.000000
280.152572 -445.000000 -5.000000 85.000000
280.165689 -195.000000 275.000000 95.000000
280.212851 -5.000000 -315.000000 -5.000000
280.216114 -35.000000 205.000000 85.000000
280.221251 -445.000000 -95.000000 35.000000
280.228772 -445.000000 155.000000 85.000000
280.323791 -185.000000 -225.000000 -75.000000
280.413085 15.000000 -15.000000 -5.000000
280.423538 -105.000000 445.000000 5.000000
280.444786 -435.000000 235.000000 -15.000000
280.501687 5.000000 345.000000 -45.000000
280.507148 195.000000 -455.000000 5.000000
280.538469 -115.000000 125.000000 -25.000000
280.573663 125.000000 -235.000000 95.000000
280.597095 -185.000000 185.000000 95.000000
280.762812 235.000000 -385.000000 -85.000000
280.864742 -245.000000 365.000000 -65.000000
280.870667 265.000000 -405.000000 -5.000000
280.911016 415.000000 325.000000 65.000000
280.949190 -55.000000 -385.000000 -55.000000
280.976884 -335.000000 215.000000 45.000000
281.139535 -295.000000 -405.000000 5.000000
281.148537 365.000000 155.000000 15.000000
281.169696 -95.000000 395.000000 75.000000
281.193621 -35.000000 -45.000000 85.000000
281.208801 -235.000000 5.000000 -75.000000
281.237642 335.000000 225.000000 -35.000000
281.244606 -405.000000 -85.000000 25.000000
281.306570 425.000000 -75.000000 85.000000
281.368405 255.000000 315.000000 -85.000000
281.456973 455.000000 -175.000000 -5.000000
281.485022 245.000000 -405.000000 -5.000000
281.505392 405.000000 -95.000000 -85.000000
281.553349 -5.000000 -425.000000 -25.000000
281.622777 45.000000 -395.000000 15.000000
281.630166 335.000000 -375.000000 -85.000000
281.675561 -145.000000 -75.000000 15.000000
281.676177 -145.000000 -325.000000 45.000000
281.739495 185.000000 -5.000000 5.000000
281.745858 415.000000 265.000000 65.000000
281.750388 345.000000 -245.000000 -35.000000
281.837910 45.000000 65.000000 -35.000000
281.850263 415.000000 365.000000 -85.000000
281.880341 -215.000000 275.000000 -35.000000
281.923117 165.000000 -145.000000 -65.000000
281.923985 95.000000 115.000000 55.000000
281.961429 -435.000000 45.000000 -65.000000
281.972378 -45.000000 -35.000000 -35.000000
282.001743 5.000000 345.000000 15.000000
282.113587 -415.000000 -5.000000 -45.000000
282.227014 -85.000000 -385.000000 -15.000000
282.288845 -75.000000 35.000000 35.000000
282.478697 165.000000 -155.000000 -45.000000
282.485415 -5.000000 -205.000000 -55.000000
282.502398 -345.000000 265.000000 -45.000000
282.517395 -435.000000 -305.000000 105.000000
282.550380 145.000000 405.000000 25.000000
282.551201 115.000000 -45.000000 -65.000000
282.691941 205.000000 -365.000000 15.000000
282.755523 -15.000000 -205.000000 105.000000
282.772837 -345.000000 -95.000000 -65.000000
282.794484 -385.000000 365.000000 -85.000000
282.842596 365.000000 -285.000000 95.000000
282.862913 -405.000000 415.000000 -35.000000
282.886413 -155.000000 -325.000000 95.000000
282.933975 145.000000 -375.000000 -25.000000
282.986978 165.000000 -415.000000 -45.000000
283.002219 -385.000000 -55.000000 -15.000000
283.066620 335.000000 -215.000000 45.000000
283.079475 -125.000000 -405.000000 -45.000000
283.082578 55.000000 -315.000000 -85.000000
283.109249 -255.000000 -435.000000 75.000000
283.126787 -425.000000 -345.000000 45.000000
283.128729 165.000000 -145.000000 -65.000000
283.239408 285.000000 -145.000000 5.000000
283.277137 -45.000000 395.000000 -45.000000
283.283216 415.000000 205.000000 85.000000
283.294794 445.000000 155.000000 75.000000
283.305319 155.000000 -305.000000 65.000000
283.407177 -315.000000 75.000000 75.000000
283.488811 -405.000000 -225.000000 -85.000000
283.628145 -205.000000 65.000000 55.000000
283.647923 315.000000 215.000000 85.000000
283.654215 265.000000 -305.000000 55.000000
283.655727 -145.000000 205.000000 -85.000000
283.675016 -155.000000 265.000000 -95.000000
283.677133 205.000000 -275.000000 -65.000000
283.692687 25.000000 285.000000 45.000000
283.700600 245.000000 295.000000 35.000000
283.724299 -285.000000 345.000000 95.000000
283.840724 -125.000000 -175.000000 -85.000000
283.850741 35.000000 -55.000000 95.000000
283.866194 -245.000000 245.000000 35.000000
283.868959 155.000000 245.000000 25.000000
283.936026 -395.000000 -435.000000 95.000000
283.972779 305.000000 -145.000000 75.000000
284.003315 -395.000000 -25.000000 -55.000000
284.024718 -135.000000 15.000000 105.000000
284.072693 -315.000000 -205.000000 -5.000000
284.112680 -45.000000 55.000000 5.000000
284.113071 -155.000000 185.000000 -75.000000
284.236284 -375.000000 -365.000000 -65.000000
284.264385 -45.000000 445.000000 -75.000000
284.272709 205.000000 365.000000 -45.000000
284.300596 415.000000 195.000000 -35.000000
284.483890 95.000000 -145.000000 65.000000
284.491826 -65.000000 -275.000000 45.000000
284.518601 -265.000000 315.000000 35.000000
284.592899 155.000000 -245.000000 65.000000
284.635252 -95.000000 -305.000000 35.000000
284.693797 305.000000 -455.000000 -75.000000
284.838254 105.000000 -245.000000 -25.000000
284.882284 -305.000000 315.000000 -15.000000
284.925632 -385.000000 275.000000 -65.000000
284.960974 5.000000 55.000000 -45.000000
285.026334 355.000000 35.000000 65.000000
285.062231 285.000000 5.000000 -35.000000
285.076967 265.000000 -435.000000 5.000000
285.093265 -455.000000 -435.000000 -5.000000
285.137002 445.000000 365.000000 45.000000
285.137436 -75.000000 -345.000000 -55.000000
285.151400 -355.000000 35.000000 -5.000000
285.158180 -75.000000 -365.000000 45.000000
285.185356 165.000000 -285.000000 -15.000000
285.214063 -195.000000 55.000000 45.000000
285.254856 -175.000000 195.000000 -15.000000
285.258294 -335.000000 -5.000000 35.000000
285.260403 35.000000 255.000000 85.000000
285.327833 355.000000 395.000000 -95.000000
285.394677 -135.000000 285.000000 35.000000
285.398410 -85.000000 255.000000 75.000000
285.406431 345.000000 125.000000 55.000000
285.410190 -125.000000 -355.000000 -15.000000
285.505459 245.000000 -65.000000 35.000000
285.550764 -125.000000 295.000000 15.000000
285.600078 -305.000000 -415.000000 -15.000000
285.699703 -295.000000 -15.000000 105.000000
285.718391 -275.000000 -355.000000 -35.000000
285.767353 305.000000 -415.000000 5.000000
285.912248 -365.000000 -135.000000 5.000000
285.983614 -315.000000 -295.000000 55.000000
286.042899 -275.000000 125.000000 15.000000
286.072154 -245.000000 -185.000000 -75.000000
286.084659 315.000000 115.000000 -95.000000
286.093068 -315.000000 -205.000000 15.000000
286.095307 -415.000000 -325.000000 75.000000
286.158055 -165.000000 -435.000000 -75.000000
286.163135 -435.000000 425.000000 -95.000000
286.298680 25.000000 -65.000000 -65.000000
286.313927 -75.000000 5.000000 95.000000
286.340021 -5.000000 -315.000000 -45.000000
286.341792 -295.000000 -125.000000 -25.000000
286.345684 -365.000000 -435.000000 -85.000000
286.359033 205.000000 -235.000000 105.000000
286.399364 195.000000 165.000000 5.000000
286.403224 -305.000000 -345.000000 45.000000
286.406594 355.000000 -55.000000 35.000000
286.535335 255.000000 425.000000 75.000000
286.560298 135.000000 5.000000 -45.000000
286.568235 175.000000 -165.000000 -5.000000
286.577318 255.000000 115.000000 -45.000000
286.578154 25.000000 135.000000 -55.000000
286.597588 415.000000 -75.000000 -15.000000
286.644718 -175.000000 -455.000000 105.000000
286.657947 -235.000000 215.000000 25.000000
286.673881 325.000000 -315.000000 -45.000000
286.690295 5.000000 -145.000000 -75.000000
286.704026 -405.000000 225.000000 85.000000
286.734740 235.000000 405.000000 -65.000000
286.753615 165.000000 -435.000000 35.000000
286.773281 -345.000000 25.000000 35.000000
286.797567 95.000000 -365.000000 15.000000
286.817591 -285.000000 -285.000000 -55.000000
286.857446 305.000000 205.000000 -25.000000
286.904833 -15.000000 145.000000 -5.000000
286.941398 -255.000000 185.000000 25.000000
286.953755 325.000000 355.000000 -25.000000
286.955920 -305.000000 -255.000000 -55.000000
287.005363 365.000000 -5.000000 -55.000000
287.059866 -245.000000 445.000000 25.000000
287.093255 -125.000000 195.000000 -25.000000
287.145775 -405.000000 415.000000 -45.000000
287.169024 -385.000000 -235.000000 -85.000000
287.169275 195.000000 -265.000000 75.000000
287.282454 215.000000 -215.000000 -35.000000
287.299176 335.000000 335.000000 -75.000000
287.463626 -305.000000 -35.000000 75.000000
287.655882 -95.000000 -315.000000 -25.000000
287.668137 -195.000000 225.000000 -55.000000
287.821530 215.000000 -365.000000 105.000000
287.835622 -285.000000 -175.000000 -35.000000
287.842984 445.000000 175.000000 95.000000
288.039003 225.000000 -345.000000 105.000000
288.120140 355.000000 -105.000000 45.000000
288.124857 115.000000 -385.000000 75.000000
288.208360 445.000000 5.000000 -45.000000
288.217463 -295.000000 245.000000 95.000000
288.218498 275.000000 255.000000 15.000000
288.274764 25.000000 155.000000 45.000000
288.289700 -145.000000 425.000000 45.000000
288.290234 -135.000000 5.000000 75.000000
288.307509 265.000000 15.000000 15.000000
288.428974 165.000000 195.000000 -55.000000
288.483130 -185.000000 -195.000000 45.000000
288.550163 -125.000000 -165.000000 35.000000
288.643204 265.000000 315.000000 -45.000000
288.658354 445.000000 -235.000000 45.000000
288.665735 145.000000 15.000000 25.000000
288.777482 -225.000000 425.000000 75.000000
288.839834 -405.000000 135.000000 -5.000000
288.884945 215.000000 -335.000000 -65.000000
288.897647 85.000000 275.000000 -35.000000
288.941377 -265.000000 -335.000000 45.000000
289.010286 445.000000 365.000000 -65.000000
289.036355 -365.000000 -195.000000 -25.000000
289.102625 315.000000 -225.000000 -5.000000
289.134900 -195.000000 355.000000 55.000000
289.252479 315.000000 35.000000 -85.000000
289.268181 -65.000000 425.000000 -5.000000
289.363193 -125.000000 385.000000 15.000000
289.449227 -25.000000 -425.000000 -85.000000
289.591722 -135.000000 -355.000000 -65.000000
289.649815 -145.000000 65.000000 -95.000000
289.714062 215.000000 95.000000 -25.000000
289.751700 -455.000000 265.000000 -65.000000
289.756222 -335.000000 35.000000 -5.000000
289.818876 45.000000 -295.000000 25.000000
289.897681 305.000000 -295.000000 5.000000
289.951404 195.000000 325.000000 -35.000000
289.997570 205.000000 -275.000000 45.000000
290.020917 125.000000 425.000000 -45.000000
290.111509 155.000000 445.000000 15.000000
290.168123 -445.000000 325.000000 85.000000
290.187426 -395.000000 -205.000000 -35.000000
290.204977 -375.000000 255.000000 -25.000000
290.261121 175.000000 -45.000000 25.000000
290.322689 305.000000 -445.000000 -95.000000
290.511505 195.000000 25.000000 -55.000000
290.630293 -305.000000 155.000000 -45.000000
290.639501 -145.000000 365.000000 -5.000000
290.645267 -135.000000 -395.000000 -5.000000
290.715156 -85.000000 -295.000000 55.000000
290.727408 -265.000000 275.000000 95.000000
290.859332 -245.000000 365.000000 85.000000
290.859823 225.000000 -135.000000 5.000000
290.915423 35.000000 -175.000000 -95.000000
290.956982 -355.000000 45.000000 -55.000000
291.076742 -135.000000 25.000000 -45.000000
291.119743 -425.000000 -265.000000 -25.000000
291.234108 -95.000000 165.000000 -15.000000
291.279137 -295.000000 -215.000000 95.000000
291.279778 -45.000000 95.000000 35.000000
291.306076 -65.000000 -25.000000 -55.000000
291.322514 -205.000000 -345.000000 -65.000000
291.384450 255.000000 -145.000000 45.000000
291.433414 -105.000000 -215.000000 35.000000
291.489542 415.000000 -345.000000 -45.000000
291.512968 -425.000000 425.000000 -85.000000
291.521367 295.000000 425.000000 -15.000000
291.525051 -445.000000 -355.000000 65.000000
291.786457 -215.000000 -275.000000 -65.000000
291.889081 115.000000 -275.000000 5.000000
291.922311 155.000000 415.000000 65.000000
291.988440 265.000000 -75.000000 -55.000000
292.012277 65.000000 75.000000 45.000000
292.066299 -45.000000 -175.000000 -15.000000
292.087271 -225.000000 25.000000 -5.000000
292.253509 245.000000 85.000000 -75.000000
292.297744 -275.000000 45.000000 -65.000000
292.298454 225.000000 -235.000000 105.000000
292.343805 -185.000000 155.000000 -65.000000
292.370732 -235.000000 295.000000 -85.000000
292.380456 425.000000 95.000000 105.000000
292.381398 295.000000 -265.000000 -85.000000
292.413058 -65.000000 225.000000 -75.000000
292.524611 -155.000000 25.000000 -5.000000
292.559215 -405.000000 85.000000 -5.000000
292.563854 215.000000 -235.000000 -85.000000
292.564047 -265.000000 -385.000000 -55.000000
292.590201 -105.000000 -115.000000 -65.000000
292.713409 345.000000 185.000000 -5.000000
292.729854 285.000000 -425.000000 95.000000
292.740360 -175.000000 -415.000000 75.000000
292.929958 -225.000000 -175.000000 -75.000000
292.948529 -115.000000 -95.000000 75.000000
292.954736 -175.000000 -445.000000 35.000000
293.089922 -185.000000 -245.000000 -5.000000
293.097907 -215.000000 265.000000 -75.000000
293.150066 425.000000 -25.000000 -5.000000
293.166037 455.000000 255.000000 5.000000
293.292656 155.000000 155.000000 -35.000000
293.369591 55.000000 -425.000000 -35.000000
293.405900 215.000000 95.000000 95.000000
293.443255 35.000000 -295.000000 5.000000
293.468706 35.000000 415.000000 75.000000
293.478556 355.000000 205.000000 45.000000
293.485454 225.000000 335.000000 25.000000
293.587098 165.000000 355.000000 -55.000000
293.735516 75.000000 105.000000 -15.000000
293.769004 205.000000 395.000000 -35.000000
293.826068 -415.000000 -145.000000 25.000000
293.920270 5.000000 345.000000 -55.000000
293.980669 -305.000000 145.000000 45.000000
294.023192 -275.000000 215.000000 5.000000
294.026434 175.000000 185.000000 -25.000000
294.133555 -355.000000 -145.000000 -95.000000
294.187342 -435.000000 285.000000 85.000000
294.227783 -85.000000 345.000000 95.000000
294.485180 -55.000000 355.000000 65.000000
294.553072 155.000000 445.000000 45.000000
294.565104 -375.000000 205.000000 75.000000
294.579676 -145.000000 -415.000000 -45.000000
294.744273 -175.000000 365.000000 75.000000
294.813609 395.000000 25.000000 -55.000000
295.016646 45.000000 -405.000000 -15.000000
295.129133 -365.000000 275.000000 35.000000
295.153142 155.000000 -265.000000 -75.000000
295.168346 325.000000 405.000000 -45.000000
295.171005 285.000000 125.000000 -5.000000
295.172492 -325.000000 -355.000000 -25.000000
295.344148 345.000000 -165.000000 65.000000
295.384739 145.000000 375.000000 -5.000000
295.450477 -175.000000 95.000000 -5.000000
295.517004 95.000000 -65.000000 -55.000000
295.652189 -5.000000 -35.000000 -15.000000
295.660958 305.000000 365.000000 65.000000
295.785232 195.000000 -295.000000 -95.000000
295.883874 -325.000000 365.000000 55.000000
295.932312 -65.000000 385.000000 5.000000
296.119215 -375.000000 265.000000 45.000000
296.162264 -45.000000 455.000000 35.000000
296.432739 395.000000 155.000000 75.000000
296.450651 305.000000 -105.000000 -55.000000
296.465467 195.000000 205.000000 -45.000000
296.479215 255.000000 -385.000000 -25.000000
296.503952 -85.000000 155.000000 -35.000000
296.594596 -335.000000 -385.000000 105.000000
296.660709 -225.000000 -215.000000 55.000000
296.696774 -175.000000 -105.000000 55.000000
296.794483 365.000000 -5.000000 15.000000
296.798049 -315.000000 -435.000000 75.000000
296.826590 -165.000000 -325.000000 -85.000000
296.891869 -15.000000 235.000000 65.000000
296.906270 305.000000 85.000000 -75.000000
296.933292 345.000000 55.000000 -85.000000
296.954927 95.000000 -415.000000 -75.000000
296.989737 435.000000 15.000000 35.000000
297.057469 -305.000000 375.000000 55.000000
297.127449 205.000000 335.000000 -15.000000
297.157229 -395.000000 -25.000000 -35.000000
297.241400 35.000000 235.000000 5.000000
297.263270 -365.000000 285.000000 75.000000
297.280795 -225.000000 185.000000 65.000000
297.283948 -315.000000 415.000000 15.000000
297.423506 175.000000 45.000000 15.000000
297.438522 215.000000 145.000000 95.000000
297.511043 5.000000 -105.000000 -65.000000
297.587184 -155.000000 -315.000000 -95.000000
297.589531 385.000000 325.000000 95.000000
297.691876 -355.000000 195.000000 -75.000000
297.732371 -435.000000 415.000000 75.000000
297.745622 -215.000000 -335.000000 -5.000000
297.865406 85.000000 175.000000 -95.000000
297.899198 145.000000 345.000000 -45.000000
297.928098 -155.000000 255.000000 -55.000000
297.951845 315.000000 25.000000 -45.000000
297.961388 235.000000 -305.000000 -45.000000
297.996771 415.000000 -225.000000 -45.000000
298.006529 -385.000000 -125.000000 -85.000000
298.014770 165.000000 -225.000000 45.000000
298.039768 135.000000 205.000000 -15.000000
298.229973 -275.000000 -5.000000 -15.000000
298.280097 275.000000 -45.000000 -65.000000
298.294733 315.000000 -405.000000 -25.000000
298.351737 445.000000 75.000000 35.000000
298.414115 -195.000000 -355.000000 -15.000000
298.490715 -205.000000 -25.000000 95.000000
298.495456 215.000000 95.000000 25.000000
298.531893 225.000000 -225.000000 -35.000000
298.653081 -285.000000 -95.000000 35.000000
298.760451 45.000000 35.000000 95.000000
298.820638 -385.000000 435.000000 -95.000000
298.829906 -85.000000 -365.000000 85.000000
298.977991 -365.000000 315.000000 -5.000000
298.981086 55.000000 405.000000 -15.000000
298.988005 185.000000 -5.000000 95.000000
299.194225 405.000000 -295.000000 75.000000
299.236705 -145.000000 -335.000000 105.000000
299.237812 -195.000000 -305.000000 75.000000
299.245910 225.000000 375.000000 -85.000000
299.349878 105.000000 195.000000 -25.000000
299.403166 295.000000 -435.000000 25.000000
299.437775 215.000000 365.000000 35.000000
299.462594 -345.000000 195.000000 85.000000
299.558083 305.000000 -205.000000 25.000000
299.596438 85.000000 -365.000000 95.000000
299.613299 -265.000000 245.000000 25.000000
299.614335 -165.000000 45.000000 65.000000
299.617497 -85.000000 325.000000 -35.000000
299.624829 -45.000000 -455.000000 -55.000000
299.660336 445.000000 -75.000000 85.000000
299.684404 -55.000000 -335.000000 35.000000
299.705657 135.000000 -455.000000 -55.000000
299.713401 355.000000 -415.000000 -5.000000
299.746582 425.000000 -305.000000 -95.000000
299.756936 295.000000 415.000000 -75.000000
299.951859 -25.000000 -255.000000 -25.000000
299.952047 5.000000 65.000000 65.000000
299.980813 5.000000 295.000000 25.000000
300.046522 -135.000000 165.000000 85.000000
300.075782 125.000000 -225.000000 5.000000
300.095356 265.000000 5.000000 -15.000000
300.120437 -315.000000 455.000000 45.000000
300.124871 -435.000000 225.000000 95.000000
300.194883 175.000000 -85.000000 -85.000000
300.211254 -145.000000 455.000000 105.000000
300.273172 -215.000000 -155.000000 45.000000
300.309513 -5.000000 305.000000 95.000000
300.310515 -445.000000 95.000000 35.000000
300.341439 325.000000 175.000000 -15.000000
300.348271 435.000000 255.000000 85.000000
300.373791 215.000000 -375.000000 -5.000000
300.425367 5.000000 95.000000 75.000000
300.442416 425.000000 65.000000 -25.000000
300.459792 225.000000 -445.000000 -45.000000
300.469736 35.000000 -365.000000 -95.000000
300.542084 -255.000000 -45.000000 95.000000
300.565349 365.000000 -395.000000 5.000000
300.666271 -365.000000 415.000000 -25.000000
300.674390 175.000000 125.000000 -85.000000
300.682356 -385.000000 -145.000000 -15.000000
300.695219 -145.000000 -195.000000 -35.000000
300.775597 295.000000 305.000000 55.000000
300.823044 -75.000000 215.000000 -65.000000
300.947168 85.000000 -135.000000 -5.000000
300.997912 375.000000 225.000000 25.000000
301.082210 -35.000000 -295.000000 -15.000000
301.127746 425.000000 5.000000 25.000000
301.164289 115.000000 -45.000000 95.000000
301.243529 -305.000000 405.000000 105.000000
301.266890 -195.000000 -255.000000 -75.000000
301.396274 -255.000000 295.000000 5.000000
301.522699 315.000000 -295.000000 -85.000000
301.531945 -175.000000 -115.000000 -45.000000
301.533188 -95.000000 235.000000 15.000000
301.571082 -155.000000 135.000000 -5.000000
301.649309 435.000000 -75.000000 25.000000
301.700675 -425.000000 -145.000000 -45.000000
301.741002 45.000000 55.000000 -5.000000
301.817457 -275.000000 205.000000 45.000000
301.827735 -215.000000 65.000000 65.000000
301.905669 55.000000 295.000000 95.000000
301.911716 -85.000000 -135.000000 95.000000
301.964461 275.000000 -115.000000 -55.000000
302.010190 95.000000 -405.000000 -55.000000
302.106185 195.000000 365.000000 -5.000000
302.134943 65.000000 -155.000000 65.000000
302.146347 -275.000000 125.000000 -35.000000
302.344252 115.000000 205.000000 5.000000
302.475226 -445.000000 -55.000000 -15.000000
302.477183 375.000000 265.000000 -95.000000
302.521252 -165.000000 -365.000000 -35.000000
302.572742 -315.000000 -135.000000 35.000000
302.598625 -125.000000 -345.000000 -35.000000
302.609656 15.000000 195.000000 95.000000
302.710822 95.000000 -395.000000 5.000000
302.756176 85.000000 -5.000000 55.000000
302.866572 -175.000000 275.000000 15.000000
302.891200 -225.000000 -125.000000 -55.000000
303.112905 -105.000000 55.000000 -55.000000
303.182319 -195.000000 385.000000 -5.000000
303.207293 295.000000 285.000000 85.000000
303.217349 -205.000000 455.000000 55.000000
303.230336 365.000000 65.000000 25.000000
303.253156 395.000000 -245.000000 -15.000000
303.277657 215.000000 -345.000000 -55.000000
303.324421 305.000000 35.000000 -15.000000
303.332543 25.000000 -445.000000 -35.000000
303.343949 -285.000000 -75.000000 15.000000
303.438037 -385.000000 415.000000 -75.000000
303.522342 -185.000000 -165.000000 105.000000
303.643082 -105.000000 -355.000000 -25.000000
303.647715 405.000000 -405.000000 45.000000
303.689769 145.000000 -315.000000 35.000000
303.795029 -265.000000 -245.000000 -85.000000
303.887108 -385.000000 -195.000000 -75.000000
303.918243 -455.000000 -5.000000 -25.000000
304.002601 -435.000000 -265.000000 45.000000
304.021615 -355.000000 15.000000 85.000000
304.043499 305.000000 -275.000000 15.000000
304.116126 -125.000000 415.000000 35.000000
304.274503 -135.000000 185.000000 75.000000
304.294512 145.000000 -165.000000 -15.000000
304.458624 -315.000000 85.000000 -15.000000
304.463873 325.000000 -95.000000 -55.000000
304.477617 85.000000 -85.000000 -85.000000
304.493172 -345.000000 -45.000000 65.000000
304.512469 -145.000000 365.000000 35.000000
304.615857 15.000000 -255.000000 75.000000
304.724518 -255.000000 -225.000000 25.000000
304.784918 265.000000 -145.000000 -85.000000
304.813952 175.000000 55.000000 15.000000
304.816345 225.000000 -75.000000 75.000000
304.817414 105.000000 25.000000 -55.000000
304.902856 -385.000000 75.000000 5.000000
304.905374 -265.000000 395.000000 5.000000
304.916963 205.000000 135.000000 -75.000000
305.017086 25.000000 -285.000000 35.000000
305.034889 365.000000 415.000000 5.000000
305.107081 265.000000 -395.000000 -55.000000
305.109711 -375.000000 55.000000 -45.000000
305.188288 -375.000000 415.000000 25.000000
305.306099 -455.000000 35.000000 35.000000
305.318500 -255.000000 -75.000000 45.000000
305.334691 15.000000 -25.000000 15.000000
305.343839 165.000000 445.000000 -5.000000
305.349261 -85.000000 -305.000000 55.000000
305.362142 455.000000 65.000000 -55.000000
305.375499 -205.000000 -255.000000 -15.000000
305.403241 85.000000 435.000000 95.000000
305.442234 255.000000 65.000000 -65.000000
305.444659 285.000000 -15.000000 -75.000000
305.512652 -215.000000 395.000000 -55.000000
305.525797 -425.000000 -135.000000 25.000000
305.770588 -75.000000 55.000000 -45.000000
305.788285 -35.000000 -25.000000 -85.000000
305.891028 -225.000000 -285.000000 5.000000
305.986396 -25.000000 -285.000000 -75.000000
306.077352 135.000000 -445.000000 65.000000
306.082680 55.000000 285.000000 -15.000000
306.093158 -45.000000 -215.000000 -45.000000
306.095799 -35.000000 405.000000 -75.000000
306.170187 -325.000000 -265.000000 35.000000
306.184200 265.000000 -285.000000 -85.000000
306.410097 325.000000 -155.000000 -85.000000
306.497503 -155.000000 65.000000 55.000000
306.508572 35.000000 5.000000 -25.000000
306.522972 -355.000000 255.000000 -95.000000
306.581688 195.000000 -195.000000 -95.000000
306.846181 335.000000 -265.000000 -5.000000
307.055556 -145.000000 435.000000 45.000000
307.096979 75.000000 -435.000000 -15.000000
307.179778 85.000000 285.000000 35.000000
307.328782 -315.000000 205.000000 -65.000000
307.333783 115.000000 -215.000000 95.000000
307.346867 -95.000000 -245.000000 5.000000
307.419022 -5.000000 245.000000 45.000000
307.442215 145.000000 -75.000000 25.000000
307.463680 -25.000000 -235.000000 75.000000
307.465330 -15.000000 -165.000000 5.000000
307.539835 445.000000 345.000000 -75.000000
307.619456 -315.000000 205.000000 45.000000
307.628605 85.000000 -435.000000 5.000000
307.655103 -285.000000 -205.000000 -85.000000
307.728268 -445.000000 -205.000000 -35.000000
307.800299 -5.000000 -375.000000 35.000000
307.814403 35.000000 165.000000 -35.000000
307.844474 -355.000000 -315.000000 -35.000000
307.879447 425.000000 -35.000000 -95.000000
307.929198 335.000000 -185.000000 -75.000000
307.943640 205.000000 -385.000000 -5.000000
308.049426 15.000000 -105.000000 15.000000
308.119331 25.000000 -205.000000 -95.000000
308.224542 225.000000 -195.000000 -45.000000
308.341330 95.000000 365.000000 75.000000
308.364354 -95.000000 425.000000 65.000000
308.368278 -15.000000 135.000000 85.000000
308.396613 -135.000000 345.000000 55.000000
308.580866 -215.000000 95.000000 85.000000
308.591076 -135.000000 255.000000 35.000000
308.597062 -105.000000 -155.000000 -55.000000
308.705378 -205.000000 -105.000000 15.000000
308.870815 -195.000000 -435.000000 45.000000
308.896142 -15.000000 -85.000000 -55.000000
308.904713 125.000000 -445.000000 25.000000
308.911096 -195.000000 245.000000 35.000000
308.976765 -175.000000 -255.000000 25.000000
308.998276 -395.000000 455.000000 65.000000
309.043499 -55.000000 -125.000000 95.000000
309.093273 335.000000 -225.000000 75.000000
309.173540 345.000000 -345.000000 85.000000
309.241015 105.000000 5.000000 85.000000
309.278418 -165.000000 135.000000 -25.000000
309.290570 375.000000 425.000000 -15.000000
309.371516 345.000000 125.000000 35.000000
309.457626 -45.000000 175.000000 45.000000
309.466298 -35.000000 -305.000000 95.000000
309.616755 445.000000 225.000000 55.000000
309.633625 235.000000 405.000000 95.000000
309.654796 225.000000 -175.000000 65.000000
309.680157 -55.000000 105.000000 95.000000
309.684370 325.000000 -245.000000 -75.000000
309.712538 25.000000 345.000000 15.000000
309.747577 185.000000 445.000000 95.000000
309.857115 -245.000000 -165.000000 95.000000
309.903699 125.000000 -55.000000 105.000000
309.905666 -115.000000 -395.000000 -95.000000
309.963747 365.000000 325.000000 85.000000
310.063945 -385.000000 -135.000000 -45.000000
310.076890 365.000000 415.000000 85.000000
310.140502 225.000000 205.000000 65.000000
310.211356 -55.000000 -425.000000 35.000000
310.241203 245.000000 355.000000 35.000000
310.261578 375.000000 255.000000 95.000000
310.276494 -405.000000 385.000000 -85.000000
310.291352 85.000000 175.000000 -75.000000
310.348890 -395.000000 305.000000 -35.000000
310.387838 -295.000000 115.000000 -85.000000
310.418910 345.000000 245.000000 -95.000000
310.424424 -45.000000 -25.000000 -35.000000
310.429730 -435.000000 -85.000000 55.000000
310.437925 355.000000 155.000000 5.000000
310.484925 -335.000000 155.000000 15.000000
310.502102 -225.000000 -305.000000 -95.000000
310.558019 -185.000000 -285.000000 75.000000
310.681205 5.000000 75.000000 -15.000000
310.832560 135.000000 315.000000 95.000000
310.873295 175.000000 25.000000 75.000000
311.135149 175.000000 55.000000 -25.000000
311.152773 -65.000000 395.000000 75.000000
311.155590 -125.000000 -145.000000 65.000000
311.202065 25.000000 295.000000 15.000000
311.228777 135.000000 345.000000 -55.000000
311.262358 35.000000 385.000000 35.000000
311.269622 -165.000000 -335.000000 -85.000000
311.305364 225.000000 -405.000000 65.000000
311.335695 265.000000 365.000000 55.000000
311.364967 -335.000000 65.000000 95.000000
311.381481 225.000000 25.000000 -5.000000
311.462783 -225.000000 5.000000 95.000000
311.503188 -195.000000 -185.000000 -95.000000
311.542364 55.000000 -235.000000 75.000000
311.560978 -435.000000 115.000000 -65.000000
311.656680 -55.000000 85.000000 -65.000000
311.657453 -385.000000 445.000000 75.000000
311.716262 -425.000000 325.000000 25.000000
311.763360 -135.000000 315.000000 -65.000000
311.815374 335.000000 185.000000 25.000000
312.012248 75.000000 -105.000000 5.000000
312.040992 -185.000000 -25.000000 55.000000
312.111977 185.000000 365.000000 35.000000
312.165145 175.000000 -125.000000 65.000000
312.199026 365.000000 -445.000000 -5.000000
312.253081 -255.000000 315.000000 -5.000000
312.304932 -275.000000 85.000000 -55.000000
312.415302 55.000000 -355.000000 -55.000000
312.417900 295.000000 115.000000 -55.000000
312.498906 -335.000000 255.000000 -65.000000
312.527528 355.000000 -335.000000 75.000000
312.533914 -375.000000 435.000000 -85.000000
312.569569 -245.000000 315.000000 35.000000
312.589549 215.000000 -325.000000 95.000000
312.639039 425.000000 45.000000 25.000000
312.684568 -155.000000 375.000000 35.000000
312.694539 -245.000000 225.000000 75.000000
312.707948 95.000000 295.000000 -5.000000
312.751980 275.000000 -55.000000 -65.000000
312.966203 215.000000 245.000000 -5.000000
312.980558 105.000000 255.000000 -5.000000
313.015889 355.000000 -415.000000 65.000000
313.026928 95.000000 355.000000 -25.000000
313.094482 435.000000 245.000000 15.000000
313.141259 115.000000 -85.000000 35.000000
313.147379 175.000000 -165.000000 85.000000
313.232006 205.000000 185.000000 -75.000000
313.240776 385.000000 -415.000000 -35.000000
313.311830 -165.000000 25.000000 15.000000
313.343382 15.000000 -265.000000 25.000000
313.478605 -385.000000 345.000000 -55.000000
313.524743 -275.000000 345.000000 -75.000000
313.634580 435.000000 -125.000000 -5.000000
313.670577 245.000000 325.000000 -5.000000
313.848029 95.000000 175.000000 -35.000000
313.956692 65.000000 -315.000000 45.000000
313.956898 195.000000 -385.000000 45.000000
313.981224 -345.000000 365.000000 -65.000000
314.008564 265.000000 -145.000000 -5.000000
314.092020 -395.000000 -355.000000 -15.000000
314.142593 -125.000000 -375.000000 15.000000
314.208693 -55.000000 -395.000000 -45.000000
314.305523 445.000000 205.000000 -15.000000
314.487288 305.000000 35.000000 55.000000
314.577738 405.000000 -205.000000 -55.000000
314.627844 -395.000000 375.000000 -45.000000
314.634001 -415.000000 225.000000 85.000000
314.679931 235.000000 -35.000000 15.000000
314.906752 335.000000 -315.000000 15.000000
314.916005 -395.000000 385.000000 85.000000
314.920848 445.000000 185.000000 -65.000000
315.113539 115.000000 -75.000000 -25.000000
315.173195 25.000000 -325.000000 -15.000000
315.181021 35.000000 395.000000 45.000000
315.195987 265.000000 305.000000 -45.000000
315.210291 305.000000 -395.000000 85.000000
315.219985 -5.000000 -425.000000 105.000000
315.246024 375.000000 -315.000000 -15.000000
315.305402 155.000000 -315.000000 -75.000000
315.333026 205.000000 -45.000000 35.000000
315.385485 -205.000000 -195.000000 -45.000000
315.422549 405.000000 355.000000 -85.000000
315.462447 45.000000 55.000000 55.000000
315.553139 85.000000 105.000000 85.000000
315.671618 285.000000 55.000000 85.000000
315.689045 205.000000 -245.000000 65.000000
315.849434 225.000000 -165.000000 -75.000000
315.857081 -285.000000 -325.000000 -55.000000
315.876885 -175.000000 -205.000000 85.000000
316.066729 -425.000000 365.000000 5.000000
316.117710 205.000000 235.000000 -75.000000
316.202125 415.000000 55.000000 5.000000
316.252656 -215.000000 5.000000 95.000000
316.263962 405.000000 25.000000 75.000000
316.326628 -185.000000 445.000000 95.000000
316.336127 195.000000 -45.000000 85.000000
316.441867 215.000000 335.000000 -35.000000
316.482250 365.000000 -225.000000 105.000000
316.503804 315.000000 -135.000000 95.000000
316.543203 -425.000000 215.000000 -45.000000
316.686360 -325.000000 65.000000 -85.000000
316.719484 15.000000 -115.000000 -65.000000
316.721744 -405.000000 435.000000 -25.000000
316.819329 -335.000000 -395.000000 -95.000000
316.821887 -435.000000 -125.000000 55.000000
316.862195 325.000000 -425.000000 5.000000
316.889570 -205.000000 255.000000 105.000000
316.924958 455.000000 225.000000 85.000000
317.010273 -375.000000 -255.000000 -55.000000
317.053755 -305.000000 -405.000000 75.000000
317.191312 -305.000000 -275.000000 95.000000
317.192227 -145.000000 -45.000000 -75.000000
317.313031 135.000000 -395.000000 -35.000000
317.317586 435.000000 125.000000 65.000000
317.393577 395.000000 445.000000 -15.000000
317.419992 -355.000000 -65.000000 -75.000000
317.438825 -215.000000 -245.000000 35.000000
317.487170 45.000000 -365.000000 -85.000000
317.596620 -295.000000 95.000000 35.000000
317.713509 -95.000000 -105.000000 15.000000
317.769010 -5.000000 225.000000 -45.000000
317.784995 45.000000 355.000000 95.000000
317.817360 -235.000000 375.000000 -45.000000
317.822432 -315.000000 175.000000 55.000000
317.830989 -225.000000 305.000000 -55.000000
317.931328 145.000000 -135.000000 75.000000
317.952160 45.000000 -355.000000 -85.000000
318.152888 365.000000 -385.000000 -45.000000
318.180568 365.000000 -45.000000 -85.000000
318.220637 -245.000000 135.000000 -65.000000
318.399429 325.000000 345.000000 75.000000
318.399762 -125.000000 -405.000000 105.000000
318.543558 5.000000 -15.000000 -55.000000
318.580939 285.000000 5.000000 15.000000
318.611893 445.000000 -45.000000 35.000000
318.638164 285.000000 395.000000 -15.000000
318.815449 -285.000000 -295.000000 -35.000000
318.846474 385.000000 -245.000000 45.000000
319.113459 235.000000 -85.000000 -85.000000
319.446009 145.000000 235.000000 75.000000
319.480420 -195.000000 -15.000000 55.000000
319.550234 165.000000 -205.000000 -25.000000
319.617479 -115.000000 -215.000000 95.000000
319.638374 -425.000000 -365.000000 25.000000
319.662635 -15.000000 75.000000 -35.000000
319.668001 55.000000 365.000000 95.000000
319.685047 115.000000 -355.000000 -15.000000
319.701289 215.000000 -295.000000 -15.000000
319.716296 445.000000 -445.000000 -45.000000
319.747399 315.000000 -195.000000 -15.000000
319.774135 165.000000 -135.000000 5.000000
319.800276 -375.000000 425.000000 -45.000000
319.844007 85.000000 -225.000000 35.000000
319.902251 -245.000000 -175.000000 5.000000
320.091914 -195.000000 -205.000000 45.000000
320.197028 -25.000000 -305.000000 35.000000
320.215998 115.000000 215.000000 -85.000000
320.257922 -425.000000 395.000000 75.000000
320.273906 385.000000 -285.000000 95.000000
320.283646 -385.000000 375.000000 -65.000000
320.384848 -345.000000 -415.000000 55.000000
320.389742 255.000000 -165.000000 85.000000
320.496580 -165.000000 -205.000000 -95.000000
320.540314 -445.000000 285.000000 -25.000000
320.578271 255.000000 205.000000 -45.000000
320.584829 -305.000000 275.000000 55.000000
320.620576 -395.000000 285.000000 95.000000
320.672968 -335.000000 325.000000 -5.000000
320.765095 345.000000 15.000000 5.000000
320.769257 -405.000000 -45.000000 -85.000000
320.788792 -195.000000 85.000000 -75.000000
320.823752 -15.000000 -55.000000 -35.000000
320.837714 -255.000000 85.000000 -75.000000
320.877271 5.000000 105.000000 -45.000000
320.990706 -345.000000 -445.000000 -85.000000
321.006698 -235.000000 405.000000 -85.000000
321.149195 75.000000 -165.000000 55.000000
321.159102 435.000000 375.000000 -45.000000
321.164319 -415.000000 -335.000000 -85.000000
321.183329 45.000000 -215.000000 -75.000000
321.228948 365.000000 305.000000 -95.000000
321.279921 225.000000 335.000000 35.000000
321.293148 35.000000 -75.000000 15.000000
321.351356 -415.000000 -335.000000 65.000000
321.353830 85.000000 -215.000000 -15.000000
321.357097 175.000000 -295.000000 -55.000000
321.381409 335.000000 305.000000 95.000000
321.406223 -85.000000 -405.000000 95.000000
321.437934 -305.000000 -335.000000 -45.000000
321.560627 145.000000 15.000000 -65.000000
321.595132 -225.000000 -325.000000 -85.000000
321.686253 -65.000000 -125.000000 5.000000
321.783229 -435.000000 15.000000 95.000000
321.804597 455.000000 355.000000 -25.000000
321.924386 -55.000000 75.000000 -5.000000
321.929988 345.000000 145.000000 65.000000
322.011649 305.000000 435.000000 -75.000000
322.045690 275.000000 55.000000 105.000000
322.115698 -155.000000 365.000000 -75.000000
322.124451 65.000000 295.000000 45.000000
322.129931 -325.000000 -235.000000 -45.000000
322.146297 445.000000 445.000000 15.000000
322.284346 275.000000 295.000000 -65.000000
322.289895 95.000000 335.000000 -25.000000
322.327391 -175.000000 -55.000000 55.000000
322.396203 335.000000 -345.000000 -15.000000
322.415165 355.000000 385.000000 5.000000
322.416312 145.000000 435.000000 85.000000
322.460891 85.000000 225.000000 -35.000000
322.594456 295.000000 -145.000000 85.000000
322.730074 245.000000 -455.000000 35.000000
322.802405 -185.000000 165.000000 105.000000
322.802788 105.000000 -5.000000 -45.000000
322.928295 225.000000 285.000000 45.000000
322.966040 -65.000000 335.000000 -5.000000
322.992301 415.000000 185.000000 15.000000
323.014725 445.000000 295.000000 105.000000
323.036546 -135.000000 15.000000 45.000000
323.249702 -425.000000 -315.000000 -15.000000
323.249754 155.000000 -5.000000 -95.000000
323.270967 -165.000000 375.000000 85.000000
323.359532 445.000000 -75.000000 75.000000
323.488045 -395.000000 -395.000000 -85.000000
323.546858 35.000000 -235.000000 -5.000000
323.548193 95.000000 -425.000000 -15.000000
323.577030 -115.000000 -215.000000 -15.000000
323.641288 325.000000 -95.000000 -95.000000
323.645941 5.000000 225.000000 45.000000
323.703080 205.000000 -355.000000 -65.000000
323.742223 405.000000 -165.000000 65.000000
323.771602 455.000000 305.000000 -45.000000
323.804216 255.000000 -325.000000 -45.000000
323.829297 -275.000000 365.000000 55.000000
323.831717 -325.000000 -45.000000 45.000000
323.912475 -165.000000 445.000000 75.000000
323.917262 -315.000000 445.000000 -85.000000
324.155126 -395.000000 195.000000 -75.000000
324.225865 305.000000 375.000000 75.000000
324.225960 -85.000000 -135.000000 25.000000
324.347475 195.000000 -235.000000 -15.000000
324.352498 65.000000 285.000000 55.000000
324.361088 365.000000 65.000000 85.000000
324.411221 75.000000 -45.000000 -5.000000
324.481713 -155.000000 -285.000000 85.000000
324.490122 45.000000 155.000000 -45.000000
324.530822 -405.000000 75.000000 -15.000000
324.561821 -195.000000 -405.000000 65.000000
324.568719 -375.000000 95.000000 55.000000
324.589268 75.000000 -295.000000 95.000000
324.613651 415.000000 -265.000000 -85.000000
324.666543 15.000000 375.000000 -45.000000
324.675400 -415.000000 355.000000 -75.000000
324.714558 -65.000000 -25.000000 -5.000000
324.775490 -335.000000 -445.000000 75.000000
324.805185 25.000000 -265.000000 35.000000
324.858178 175.000000 -305.000000 -5.000000
324.858407 195.000000 315.000000 5.000000
324.897572 -35.000000 -265.000000 -45.000000
324.936638 65.000000 35.000000 15.000000
325.068592 445.000000 -125.000000 -35.000000
325.093289 25.000000 -215.000000 -95.000000
325.122521 195.000000 -345.000000 -25.000000
325.129962 155.000000 5.000000 -35.000000
325.159363 5.000000 -115.000000 75.000000
325.180435 -215.000000 -275.000000 25.000000
325.193013 -345.000000 125.000000 -95.000000
325.265832 -255.000000 -405.000000 25.000000
325.271937 -395.000000 -165.000000 25.000000
325.302815 345.000000 55.000000 -95.000000
325.423804 425.000000 -355.000000 -15.000000
325.515710 -355.000000 275.000000 -85.000000
325.564792 105.000000 255.000000 -5.000000
325.695680 425.000000 -375.000000 -5.000000
325.708769 -355.000000 -5.000000 -65.000000
325.728486 105.000000 295.000000 5.000000
325.782990 265.000000 145.000000 -75.000000
325.844625 395.000000 245.000000 55.000000
325.867089 -5.000000 -245.000000 -15.000000
325.879701 -285.000000 -235.000000 -45.000000
325.907584 -225.000000 -335.000000 95.000000
325.956285 175.000000 -385.000000 -45.000000
326.010893 175.000000 -245.000000 -25.000000
326.039892 -255.000000 -385.000000 25.000000
326.079857 115.000000 -315.000000 -95.000000
326.177442 -405.000000 385.000000 15.000000
326.238093 -415.000000 235.000000 -15.000000
326.374113 55.000000 135.000000 95.000000
326.422461 -55.000000 5.000000 5.000000
326.497802 425.000000 415.000000 -85.000000
326.503863 -105.000000 135.000000 55.000000
326.521944 125.000000 -425.000000 -45.000000
326.530937 195.000000 335.000000 -15.000000
326.563772 225.000000 -25.000000 45.000000
326.591076 -35.000000 -55.000000 15.000000
326.637734 -455.000000 -385.000000 -65.000000
326.677634 -315.000000 385.000000 -95.000000
326.724063 115.000000 125.000000 65.000000
326.724815 455.000000 305.000000 65.000000
326.863969 -105.000000 175.000000 -5.000000
326.960009 395.000000 -375.000000 105.000000
326.995602 -165.000000 -55.000000 -45.000000
327.122781 205.000000 -75.000000 -5.000000
327.202236 -115.000000 135.000000 -45.000000
327.208537 -25.000000 -395.000000 45.000000
327.211286 -205.000000 55.000000 65.000000
327.245357 65.000000 365.000000 5.000000
327.337267 -55.000000 -255.000000 -65.000000
327.413246 245.000000 -155.000000 -55.000000
327.537157 -425.000000 -35.000000 -5.000000
327.587248 -335.000000 -35.000000 65.000000
327.688732 -65.000000 -455.000000 35.000000
327.736733 -355.000000 15.000000 -15.000000
327.794174 55.000000 -305.000000 75.000000
327.895777 -305.000000 -115.000000 -65.000000
327.929393 -435.000000 5.000000 -35.000000
327.956756 435.000000 85.000000 -95.000000
327.993624 -215.000000 -285.000000 85.000000
328.077523 65.000000 -35.000000 95.000000
328.097720 5.000000 -5.000000 45.000000
328.115713 -65.000000 395.000000 5.000000
328.222586 365.000000 215.000000 -5.000000
328.254097 -375.000000 25.000000 -75.000000
328.290014 425.000000 215.000000 35.000000
328.342631 385.000000 165.000000 -75.000000
328.388509 -435.000000 -305.000000 -55.000000
328.390248 -435.000000 -435.000000 -35.000000
328.425736 305.000000 -85.000000 95.000000
328.681303 -245.000000 25.000000 35.000000
328.734258 405.000000 -395.000000 -65.000000
328.736214 125.000000 265.000000 65.000000
328.753637 -15.000000 15.000000 75.000000
328.768366 175.000000 415.000000 -35.000000
328.779626 -415.000000 445.000000 -85.000000
328.890916 -385.000000 215.000000 65.000000
328.902722 -405.000000 235.000000 -25.000000
328.919505 -5.000000 395.000000 -75.000000
329.023064 -75.000000 -235.000000 -5.000000
329.085864 -145.000000 385.000000 -75.000000
329.109335 -65.000000 -235.000000 -65.000000
329.256810 185.000000 -145.000000 -25.000000
329.296332 -375.000000 155.000000 -15.000000
329.336212 195.000000 305.000000 45.000000
329.537068 -135.000000 -25.000000 35.000000
329.612288 35.000000 35.000000 -35.000000
329.650807 -205.000000 -435.000000 95.000000
329.671049 185.000000 15.000000 -85.000000
329.680443 -275.000000 5.000000 25.000000
329.701237 -395.000000 -75.000000 75.000000
329.711094 -225.000000 -295.000000 -95.000000
329.806636 195.000000 155.000000 -15.000000
329.810079 365.000000 -395.000000 5.000000
329.851397 -415.000000 235.000000 -25.000000
329.862448 -35.000000 -15.000000 -5.000000
329.950230 -245.000000 -15.000000 85.000000
330.030255 455.000000 315.000000 -55.000000
330.094780 -435.000000 -325.000000 -55.000000
330.181692 -65.000000 335.000000 65.000000
330.335642 85.000000 155.000000 -35.000000
330.360984 25.000000 125.000000 95.000000
330.379337 -185.000000 375.000000 -65.000000
330.403790 5.000000 -325.000000 -85.000000
330.429985 -385.000000 -335.000000 5.000000
330.476000 -335.000000 -115.000000 75.000000
330.615243 -135.000000 425.000000 -55.000000
330.673780 -315.000000 -395.000000 45.000000
330.681013 185.000000 -5.000000 55.000000
330.701137 -35.000000 -245.000000 -85.000000
330.793242 -55.000000 -155.000000 -65.000000
330.853041 -435.000000 -155.000000 55.000000
330.886629 155.000000 275.000000 35.000000
330.906612 -405.000000 -295.000000 105.000000
331.033326 -65.000000 145.000000 -45.000000
331.139680 445.000000 285.000000 25.000000
331.166310 145.000000 -255.000000 5.000000
331.172319 -435.000000 -405.000000 45.000000
331.193269 235.000000 125.000000 -65.000000
331.193950 -145.000000 -115.000000 25.000000
331.198002 -385.000000 -95.000000 45.000000
331.277588 -255.000000 -385.000000 -65.000000
331.367599 -375.000000 315.000000 35.000000
331.371504 395.000000 45.000000 -85.000000
331.382134 45.000000 -55.000000 -45.000000
331.398867 -5.000000 -335.000000 -35.000000
331.493673 315.000000 -445.000000 -5.000000
331.586501 115.000000 -335.000000 -95.000000
331.626067 345.000000 -5.000000 5.000000
331.654143 -35.000000 175.000000 95.000000
331.670021 -415.000000 -275.000000 -35.000000
331.700320 155.000000 -405.000000 -85.000000
331.707645 -35.000000 435.000000 -15.000000
331.756962 -405.000000 -115.000000 85.000000
331.826717 175.000000 295.000000 -5.000000
331.840488 -435.000000 -295.000000 -75.000000
331.885296 -315.000000 395.000000 -5.000000
331.916441 -295.000000 325.000000 -15.000000
331.969806 145.000000 -165.000000 -25.000000
331.972372 445.000000 25.000000 35.000000
331.973317 315.000000 -155.000000 45.000000
332.039708 -125.000000 125.000000 55.000000
332.068073 25.000000 15.000000 -5.000000
332.074423 85.000000 -65.000000 45.000000
332.142837 155.000000 -155.000000 -85.000000
332.203486 15.000000 155.000000 65.000000
332.315569 245.000000 -215.000000 -95.000000
332.379965 -135.000000 -425.000000 5.000000
332.403998 205.000000 -195.000000 -45.000000
332.405949 195.000000 115.000000 -15.000000
332.433276 -375.000000 105.000000 15.000000
332.444860 275.000000 -255.000000 95.000000
332.453395 245.000000 315.000000 25.000000
332.503188 -35.000000 -295.000000 -75.000000
332.503916 85.000000 315.000000 -35.000000
332.527238 305.000000 5.000000 15.000000
332.649365 -15.000000 375.000000 95.000000
332.665147 -125.000000 305.000000 -5.000000
332.669364 -365.000000 -445.000000 -55.000000
332.800743 405.000000 -335.000000 45.000000
332.839616 215.000000 395.000000 55.000000
332.873099 455.000000 405.000000 -45.000000
332.879358 -245.000000 195.000000 35.000000
332.881815 -345.000000 -105.000000 85.000000
333.018955 -345.000000 285.000000 -65.000000
333.023900 305.000000 355.000000 55.000000
333.035374 -425.000000 -335.000000 35.000000
333.064592 -25.000000 -105.000000 35.000000
333.150884 -355.000000 85.000000 -45.000000
333.171069 245.000000 235.000000 -65.000000
333.235666 425.000000 395.000000 65.000000
333.247421 15.000000 365.000000 105.000000
333.254451 -45.000000 -105.000000 55.000000
333.293053 -45.000000 -255.000000 45.000000
333.321625 -305.000000 -325.000000 -75.000000
333.434855 445.000000 65.000000 95.000000
333.492499 -65.000000 325.000000 105.000000
333.523397 -95.000000 -25.000000 -45.000000
333.679020 -285.000000 75.000000 65.000000
333.761303 -215.000000 -445.000000 105.000000
333.813833 -305.000000 -105.000000 45.000000
333.892265 -345.000000 315.000000 -95.000000
333.915788 5.000000 -45.000000 35.000000
333.987232 -85.000000 5.000000 45.000000
334.023644 -45.000000 155.000000 15.000000
334.053687 235.000000 -185.000000 -55.000000
334.104364 355.000000 255.000000 -25.000000
334.122140 -435.000000 -185.000000 -5.000000
334.147775 -435.000000 -125.000000 65.000000
334.151361 445.000000 25.000000 45.000000
334.307598 -395.000000 -365.000000 -35.000000
334.309931 415.000000 -365.000000 55.000000
334.402022 -15.000000 -405.000000 55.000000
334.418115 405.000000 35.000000 -75.000000
334.507471 65.000000 -135.000000 -15.000000
334.518112 -125.000000 -345.000000 -95.000000
334.529452 25.000000 85.000000 5.000000
334.552196 -275.000000 375.000000 -25.000000
334.578484 265.000000 -115.000000 65.000000
334.593007 315.000000 -405.000000 65.000000
334.680419 -335.000000 -255.000000 25.000000
334.705244 185.000000 305.000000 -15.000000
334.728057 -375.000000 -145.000000 -5.000000
334.786244 115.000000 285.000000 15.000000
334.832456 -365.000000 125.000000 -55.000000
334.835045 -365.000000 -355.000000 5.000000
334.946713 -135.000000 -65.000000 45.000000
334.985029 5.000000 365.000000 -15.000000
335.031078 45.000000 315.000000 55.000000
335.031542 375.000000 -105.000000 -75.000000
335.074058 5.000000 65.000000 25.000000
335.139770 -165.000000 -395.000000 35.000000
335.166700 115.000000 255.000000 35.000000
335.187909 -215.000000 155.000000 -65.000000
335.276083 45.000000 345.000000 25.000000
335.284330 -185.000000 245.000000 35.000000
335.344410 -425.000000 365.000000 -55.000000
335.388888 285.000000 425.000000 -55.000000
335.397597 -65.000000 115.000000 -75.000000
335.574972 -305.000000 355.000000 -55.000000
335.585759 -65.000000 -225.000000 85.000000
335.663778 405.000000 275.000000 95.000000
335.678445 365.000000 415.000000 -5.000000
335.722002 -215.000000 -65.000000 45.000000
335.742761 105.000000 -435.000000 35.000000
335.760918 -285.000000 395.000000 55.000000
335.834560 135.000000 245.000000 15.000000
335.863002 -75.000000 225.000000 15.000000
335.948591 445.000000 235.000000 -25.000000
336.050867 105.000000 85.000000 55.000000
336.067446 -435.000000 -5.000000 85.000000
336.077843 -105.000000 -205.000000 25.000000
336.082263 -75.000000 -345.000000 -45.000000
336.173964 -425.000000 435.000000 5.000000
336.189797 -385.000000 105.000000 75.000000
336.195076 25.000000 385.000000 55.000000
336.323445 325.000000 425.000000 95.000000
336.390218 -95.000000 95.000000 65.000000
336.400297 -195.000000 35.000000 25.000000
336.407695 265.000000 335.000000 95.000000
336.600718 -235.000000 -215.000000 65.000000
336.630892 415.000000 225.000000 -65.000000
336.643675 185.000000 -335.000000 -45.000000
336.696622 -395.000000 -125.000000 -55.000000
336.795405 -405.000000 435.000000 55.000000
336.812783 -425.000000 -305.000000 35.000000
336.833581 315.000000 185.000000 -85.000000
336.866247 -265.000000 -265.000000 -75.000000
336.893986 165.000000 -105.000000 65.000000
336.992638 75.000000 -125.000000 55.000000
337.133224 -205.000000 -165.000000 65.000000
337.251629 115.000000 85.000000 -65.000000
337.256932 45.000000 -375.000000 -25.000000
337.264799 -435.000000 -285.000000 35.000000
337.286815 -255.000000 435.000000 -65.000000
337.345172 325.000000 -215.000000 15.000000
337.428386 205.000000 -45.000000 -75.000000
337.486218 235.000000 385.000000 -15.000000
337.521741 -375.000000 -415.000000 75.000000
337.599434 125.000000 -135.000000 65.000000
337.611779 175.000000 -445.000000 65.000000
337.648452 25.000000 -225.000000 15.000000
337.673654 305.000000 165.000000 5.000000
337.741198 -45.000000 445.000000 -75.000000
337.768265 225.000000 375.000000 55.000000
337.885940 365.000000 425.000000 -65.000000
337.961172 -295.000000 325.000000 35.000000
338.057122 -65.000000 -365.000000 65.000000
338.094084 -425.000000 -285.000000 -35.000000
338.174663 295.000000 35.000000 -55.000000
338.275841 415.000000 -455.000000 -65.000000
338.381101 215.000000 -215.000000 45.000000
338.389545 -115.000000 75.000000 -15.000000
338.467095 -175.000000 225.000000 -25.000000
338.475804 -55.000000 -315.000000 -15.000000
338.609328 -305.000000 -25.000000 -95.000000
338.617533 455.000000 -255.000000 25.000000
338.644586 -275.000000 85.000000 55.000000
338.710414 285.000000 -355.000000 75.000000
338.817840 -305.000000 -65.000000 -25.000000
338.904574 185.000000 -355.000000 35.000000
338.961155 215.000000 -95.000000 35.000000
338.966037 -195.000000 145.000000 -35.000000
339.047618 395.000000 375.000000 -95.000000
339.103149 -185.000000 275.000000 15.000000
339.132112 185.000000 -405.000000 105.000000
339.236555 45.000000 -85.000000 -45.000000
339.294024 -295.000000 -295.000000 5.000000
339.322402 405.000000 85.000000 55.000000
339.457675 -165.000000 -115.000000 -35.000000
339.512729 255.000000 -305.000000 95.000000
339.544125 -435.000000 365.000000 -45.000000
339.603616 15.000000 -455.000000 -95.000000
339.647065 -455.000000 -185.000000 -85.000000
339.658661 -375.000000 305.000000 -25.000000
339.665464 445.000000 295.000000 55.000000
339.713292 385.000000 265.000000 -15.000000
339.746969 -165.000000 -445.000000 -45.000000
339.791943 105.000000 405.000000 -55.000000
339.873279 345.000000 -85.000000 -85.000000
339.903628 -405.000000 -55.000000 -65.000000
340.017630 -405.000000 85.000000 15.000000
340.060620 -325.000000 365.000000 85.000000
340.073867 285.000000 65.000000 -35.000000
340.110796 -425.000000 395.000000 85.000000
340.121585 -85.000000 -235.000000 25.000000
340.164223 -285.000000 285.000000 -25.000000
340.186166 -25.000000 -455.000000 -45.000000
340.318090 95.000000 355.000000 -35.000000
340.451609 395.000000 -325.000000 35.000000
340.486184 365.000000 285.000000 35.000000
340.560664 315.000000 -155.000000 85.000000
340.688445 -295.000000 235.000000 -35.000000
340.736806 -275.000000 -255.000000 95.000000
340.887149 -295.000000 -145.000000 95.000000
340.899211 -105.000000 215.000000 65.000000
340.930448 145.000000 265.000000 5.000000
341.044227 -345.000000 -445.000000 -65.000000
341.124167 305.000000 -315.000000 -75.000000
341.186988 5.000000 95.000000 75.000000
341.204442 -455.000000 75.000000 -15.000000
341.224293 -105.000000 45.000000 75.000000
341.247707 355.000000 75.000000 -15.000000
341.270859 -365.000000 -15.000000 45.000000
341.282875 -105.000000 -295.000000 -15.000000
341.294414 -275.000000 -355.000000 -75.000000
341.345807 395.000000 -75.000000 5.000000
341.541554 -15.000000 -255.000000 -15.000000
341.605676 -55.000000 -435.000000 -5.000000
341.674539 125.000000 175.000000 45.000000
341.692495 -425.000000 355.000000 95.000000
341.729010 265.000000 435.000000 5.000000
341.819129 -455.000000 -5.000000 -25.000000
341.884551 -205.000000 -205.000000 75.000000
341.894340 455.000000 -355.000000 5.000000
341.924393 -255.000000 -125.000000 35.000000
341.968601 265.000000 -255.000000 -65.000000
342.090632 -115.000000 305.000000 55.000000
342.140330 65.000000 -255.000000 -85.000000
342.328707 415.000000 -395.000000 65.000000
342.372154 355.000000 -335.000000 -85.000000
342.474327 -395.000000 -185.000000 55.000000
342.492953 -335.000000 -295.000000 -45.000000
342.537690 -145.000000 -25.000000 -25.000000
342.540021 365.000000 345.000000 25.000000
342.552928 185.000000 -35.000000 -55.000000
342.627001 -435.000000 275.000000 45.000000
342.641604 335.000000 -425.000000 -65.000000
342.656906 365.000000 -345.000000 -55.000000
342.799487 -375.000000 -15.000000 65.000000
342.838119 -445.000000 -5.000000 35.000000
342.943314 -355.000000 35.000000 35.000000
343.037853 -425.000000 -5.000000 -5.000000
343.095157 305.000000 -415.000000 -95.000000
343.100709 195.000000 195.000000 -25.000000
343.127198 -25.000000 -425.000000 -25.000000
343.205281 -195.000000 -5.000000 25.000000
343.264590 85.000000 25.000000 15.000000
343.359084 455.000000 315.000000 95.000000
343.366007 155.000000 95.000000 35.000000
343.382624 5.000000 315.000000 5.000000
343.690429 -415.000000 -335.000000 -15.000000
343.779179 85.000000 -295.000000 85.000000
343.867969 275.000000 315.000000 45.000000
343.882596 65.000000 -415.000000 -25.000000
343.973318 395.000000 -125.000000 -75.000000
344.094059 -205.000000 -325.000000 -35.000000
344.173036 -395.000000 15.000000 -45.000000
344.195859 -445.000000 -125.000000 -55.000000
344.219168 -295.000000 -415.000000 5.000000
344.306831 -405.000000 355.000000 25.000000
344.364043 -45.000000 -225.000000 85.000000
344.440880 315.000000 -255.000000 -55.000000
344.484860 95.000000 -165.000000 85.000000
344.490560 -215.000000 185.000000 -35.000000
344.603192 -95.000000 375.000000 -45.000000
344.618693 265.000000 75.000000 -5.000000
344.648639 -105.000000 135.000000 -45.000000
344.680081 455.000000 -435.000000 -95.000000
344.702481 55.000000 35.000000 -15.000000
344.706257 -395.000000 -405.000000 95.000000
344.765191 -155.000000 115.000000 5.000000
344.781951 -255.000000 55.000000 45.000000
344.791732 155.000000 185.000000 95.000000
344.851517 385.000000 -175.000000 -35.000000
344.878083 165.000000 -25.000000 -15.000000
344.892521 -195.000000 225.000000 -5.000000
344.908115 285.000000 95.000000 35.000000
344.945304 175.000000 -155.000000 -25.000000
344.977592 375.000000 -225.000000 15.000000
344.995126 -175.000000 -205.000000 -45.000000
345.044393 25.000000 285.000000 -15.000000
345.086152 -125.000000 335.000000 -15.000000
345.092445 -55.000000 -225.000000 85.000000
345.121254 25.000000 -435.000000 15.000000
345.136230 -255.000000 205.000000 -5.000000
345.157035 245.000000 25.000000 -85.000000
345.161519 -205.000000 335.000000 -85.000000
345.191263 235.000000 -335.000000 15.000000
345.191867 -235.000000 -295.000000 -95.000000
345.217441 -95.000000 415.000000 -75.000000
345.262561 195.000000 -145.000000 65.000000
345.416118 -225.000000 -145.000000 -5.000000
345.416865 35.000000 -245.000000 85.000000
345.482547 255.000000 285.000000 75.000000
345.544216 215.000000 425.000000 15.000000
345.559877 235.000000 -405.000000 -5.000000
345.579709 385.000000 -255.000000 15.000000
345.713015 85.000000 25.000000 55.000000
345.726303 215.000000 -235.000000 105.000000
345.799866 195.000000 -95.000000 -15.000000
345.902677 35.000000 -275.000000 55.000000
345.913001 95.000000 -205.000000 35.000000
345.994065 5.000000 205.000000 -85.000000
346.022154 425.000000 225.000000 -25.000000
346.058018 -5.000000 -25.000000 -55.000000
346.136609 -205.000000 -225.000000 55.000000
346.139551 -255.000000 -395.000000 -45.000000
346.194362 -415.000000 135.000000 85.000000
346.275031 115.000000 155.000000 -65.000000
346.286443 -165.000000 285.000000 25.000000
346.400060 -185.000000 75.000000 15.000000
346.456710 265.000000 -325.000000 -5.000000
346.655447 -115.000000 135.000000 95.000000
346.669658 -375.000000 65.000000 15.000000
346.702864 225.000000 365.000000 85.000000
346.804326 35.000000 95.000000 -55.000000
346.809178 345.000000 435.000000 -45.000000
346.872606 435.000000 -165.000000 55.000000
346.887719 -185.000000 -415.000000 -25.000000
346.929863 -95.000000 -15.000000 85.000000
346.967722 -355.000000 -365.000000 75.000000
346.994711 -385.000000 -215.000000 45.000000
347.013994 -395.000000 365.000000 -5.000000
347.027943 105.000000 -405.000000 55.000000
347.048642 15.000000 -125.000000 -15.000000
347.093469 205.000000 305.000000 45.000000
347.122300 -25.000000 215.000000 95.000000
347.176553 45.000000 -35.000000 -25.000000
347.176927 -75.000000 445.000000 -5.000000
347.177080 195.000000 325.000000 25.000000
347.179514 -5.000000 -295.000000 -85.000000
347.200362 435.000000 -145.000000 -65.000000
347.289875 -125.000000 275.000000 -75.000000
347.395399 345.000000 445.000000 -45.000000
347.475696 -115.000000 265.000000 65.000000
347.501568 45.000000 155.000000 -85.000000
347.595579 185.000000 -345.000000 -65.000000
347.600826 -295.000000 105.000000 65.000000
347.893842 265.000000 -145.000000 -15.000000
347.926357 -365.000000 -175.000000 75.000000
348.070957 -35.000000 385.000000 -35.000000
348.079403 345.000000 55.000000 -45.000000
348.117188 -265.000000 315.000000 -65.000000
348.164765 145.000000 105.000000 -35.000000
348.229279 35.000000 265.000000 15.000000
348.264396 -125.000000 415.000000 -5.000000
348.323328 355.000000 -145.000000 35.000000
348.346691 -345.000000 -205.000000 -65.000000
348.365945 -315.000000 25.000000 5.000000
348.391693 -65.000000 365.000000 -15.000000
348.430246 135.000000 -115.000000 35.000000
348.453553 -435.000000 285.000000 -25.000000
348.516919 -55.000000 295.000000 75.000000
348.542231 195.000000 225.000000 85.000000
348.633444 95.000000 -135.000000 95.000000
348.640373 -125.000000 -445.000000 75.000000
348.676744 65.000000 -205.000000 55.000000
348.678533 -195.000000 435.000000 95.000000
348.724010 -315.000000 -445.000000 75.000000
348.727111 -355.000000 -335.000000 105.000000
348.733685 -175.000000 65.000000 85.000000
348.773946 345.000000 -235.000000 -15.000000
348.944274 -425.000000 -335.000000 -15.000000
349.045007 95.000000 285.000000 55.000000
349.164389 -305.000000 -305.000000 55.000000
349.240154 -385.000000 365.000000 -95.000000
349.294598 -185.000000 -385.000000 5.000000
349.302479 -185.000000 -415.000000 -55.000000
349.317213 -255.000000 -385.000000 5.000000
349.362584 145.000000 205.000000 45.000000
349.591847 215.000000 -335.000000 -55.000000
349.613368 125.000000 295.000000 45.000000
349.635117 -5.000000 -235.000000 -5.000000
349.659245 -315.000000 -285.000000 -95.000000
349.681868 265.000000 55.000000 35.000000
349.685301 245.000000 45.000000 -45.000000
349.719989 235.000000 -65.000000 55.000000
349.731561 435.000000 -105.000000 -25.000000
349.858696 425.000000 -205.000000 15.000000
349.863862 -135.000000 -415.000000 35.000000
349.865410 15.000000 315.000000 -45.000000
349.902159 335.000000 385.000000 -75.000000
349.914822 -55.000000 125.000000 -15.000000
349.994182 -195.000000 -205.000000 -55.000000
350.054982 305.000000 -245.000000 45.000000
350.067292 435.000000 -425.000000 -5.000000
350.095309 315.000000 -275.000000 -75.000000
350.133387 125.000000 75.000000 -45.000000
350.173062 -115.000000 215.000000 75.000000
350.251679 335.000000 145.000000 65.000000
350.440361 285.000000 185.000000 -85.000000
350.451610 455.000000 415.000000 -85.000000
350.457960 55.000000 115.000000 -5.000000
350.634214 -455.000000 385.000000 -25.000000
350.731321 -425.000000 -285.000000 -55.000000
350.765303 405.000000 -415.000000 -15.000000
350.779001 135.000000 45.000000 35.000000
350.802647 305.000000 -275.000000 85.000000
350.858325 285.000000 -195.000000 55.000000
350.884282 25.000000 -385.000000 -95.000000
350.906805 355.000000 255.000000 95.000000
350.981404 -415.000000 -375.000000 -35.000000
351.060922 345.000000 -275.000000 -85.000000
351.066218 -275.000000 -215.000000 55.000000
351.114153 -45.000000 325.000000 5.000000
351.140389 115.000000 455.000000 -55.000000
351.154754 -325.000000 -205.000000 -55.000000
351.180297 355.000000 -15.000000 -55.000000
351.192705 35.000000 -235.000000 -15.000000
351.248544 -305.000000 185.000000 35.000000
351.287636 425.000000 -15.000000 -85.000000
351.288701 -335.000000 -65.000000 85.000000
351.293382 -35.000000 315.000000 5.000000
351.323412 75.000000 -155.000000 75.000000
351.379287 -435.000000 205.000000 55.000000
351.442861 -425.000000 -85.000000 95.000000
351.496272 -435.000000 65.000000 -35.000000
351.530001 25.000000 -335.000000 -25.000000
351.530106 305.000000 135.000000 -55.000000
351.669538 -395.000000 225.000000 -25.000000
351.712337 95.000000 395.000000 75.000000
351.855627 375.000000 15.000000 95.000000
351.917517 -295.000000 145.000000 75.000000
351.924335 -315.000000 315.000000 75.000000
351.989805 -435.000000 -225.000000 25.000000
352.033030 85.000000 -275.000000 15.000000
352.104920 -335.000000 285.000000 5.000000
352.166185 -355.000000 -335.000000 45.000000
352.249787 -65.000000 -315.000000 -85.000000
352.337525 -45.000000 45.000000 75.000000
352.351899 -365.000000 -85.000000 -35.000000
352.353490 -285.000000 315.000000 35.000000
352.360473 -135.000000 45.000000 5.000000
352.384530 -165.000000 385.000000 85.000000
352.475540 145.000000 -215.000000 -75.000000
352.484064 -115.000000 55.000000 -15.000000
352.493799 125.000000 215.000000 -35.000000
352.657081 125.000000 -155.000000 65.000000
352.723654 265.000000 245.000000 55.000000
352.735938 385.000000 -105.000000 -65.000000
352.764721 -85.000000 95.000000 -45.000000
352.781611 295.000000 35.000000 105.000000
352.789477 175.000000 225.000000 15.000000
352.804177 -415.000000 -235.000000 75.000000
352.842200 425.000000 -65.000000 -25.000000
352.940525 -85.000000 405.000000 95.000000
352.991513 -305.000000 -305.000000 -35.000000
353.088454 385.000000 -325.000000 -65.000000
353.127494 325.000000 -85.000000 -45.000000
353.263945 235.000000 -145.000000 35.000000
353.277052 -425.000000 -275.000000 -5.000000
353.356023 -135.000000 325.000000 -25.000000
353.366432 -235.000000 55.000000 -5.000000
353.430956 -445.000000 135.000000 95.000000
353.604561 -375.000000 -285.000000 65.000000
353.605372 -275.000000 105.000000 -85.000000
353.662465 -275.000000 -375.000000 75.000000
353.709568 265.000000 15.000000 -75.000000
353.719687 -235.000000 455.000000 -55.000000
353.721172 -195.000000 285.000000 -15.000000
353.750310 235.000000 365.000000 -15.000000
353.826668 -295.000000 -295.000000 75.000000
353.858920 5.000000 155.000000 95.000000
353.861547 -295.000000 125.000000 -55.000000
353.877904 -165.000000 195.000000 -5.000000
353.911732 415.000000 125.000000 -85.000000
353.970398 225.000000 -375.000000 -25.000000
354.090823 -25.000000 235.000000 -5.000000
354.165172 165.000000 -445.000000 75.000000
354.277895 315.000000 345.000000 55.000000
354.305436 365.000000 -285.000000 95.000000
354.338750 -265.000000 -355.000000 -35.000000
354.351855 -325.000000 245.000000 -45.000000
354.465864 5.000000 395.000000 5.000000
354.470810 -165.000000 315.000000 45.000000
354.512173 405.000000 -445.000000 55.000000
354.528886 65.000000 -335.000000 -45.000000
354.628903 -95.000000 425.000000 -45.000000
354.678077 -285.000000 -155.000000 -85.000000
354.694373 155.000000 -25.000000 -55.000000
354.748119 335.000000 75.000000 15.000000
354.796683 125.000000 345.000000 85.000000
354.806776 -205.000000 185.000000 -25.000000
354.866945 185.000000 425.000000 -75.000000
354.931380 305.000000 -345.000000 5.000000
355.070996 85.000000 15.000000 -5.000000
355.096647 295.000000 -45.000000 -75.000000
355.105902 -205.000000 -375.000000 -45.000000
355.207348 435.000000 -95.000000 -15.000000
355.248005 -45.000000 -175.000000 5.000000
355.345297 125.000000 -305.000000 5.000000
355.377249 -445.000000 255.000000 -75.000000
355.446958 -395.000000 35.000000 85.000000
355.480003 435.000000 215.000000 -35.000000
355.545290 455.000000 -295.000000 45.000000
355.636769 -305.000000 -135.000000 -75.000000
355.750122 -105.000000 -35.000000 95.000000
355.755865 435.000000 405.000000 -15.000000
355.757747 215.000000 -205.000000 85.000000
355.862868 65.000000 -225.000000 5.000000
355.902053 -255.000000 75.000000 75.000000
355.939685 55.000000 25.000000 -55.000000
355.979944 425.000000 -85.000000 -5.000000
356.077284 145.000000 -45.000000 25.000000
356.118963 -195.000000 -255.000000 -15.000000
356.180987 85.000000 35.000000 -75.000000
356.223639 235.000000 235.000000 -25.000000
356.243834 135.000000 135.000000 -5.000000
356.360153 -25.000000 -285.000000 15.000000
356.370453 -285.000000 -275.000000 -15.000000
356.393942 15.000000 -215.000000 -85.000000
356.450737 -425.000000 -315.000000 -55.000000
356.489788 -425.000000 75.000000 5.000000
356.556950 125.000000 -65.000000 -55.000000
356.559182 215.000000 -265.000000 55.000000
356.576405 -305.000000 45.000000 65.000000
356.701813 445.000000 75.000000 25.000000
356.743828 -105.000000 -85.000000 95.000000
356.749587 5.000000 205.000000 15.000000
356.777640 315.000000 -325.000000 -45.000000
356.802673 -225.000000 -105.000000 5.000000
356.806840 345.000000 -135.000000 25.000000
356.829656 -145.000000 -75.000000 55.000000
356.857682 65.000000 -35.000000 75.000000
356.916413 165.000000 255.000000 -15.000000
356.977511 405.000000 385.000000 -35.000000
357.032005 -365.000000 -425.000000 -55.000000
357.032335 -165.000000 25.000000 45.000000
357.169799 -75.000000 345.000000 85.000000
357.173501 -25.000000 -315.000000 -65.000000
357.233772 35.000000 -375.000000 -15.000000
357.234046 115.000000 -165.000000 -35.000000
357.267846 365.000000 395.000000 15.000000
357.361839 75.000000 -305.000000 95.000000
357.462225 235.000000 295.000000 -25.000000
357.494651 15.000000 -345.000000 -45.000000
357.504710 -245.000000 -265.000000 45.000000
357.663393 -375.000000 -325.000000 95.000000
357.721622 35.000000 -435.000000 -15.000000
357.885442 -75.000000 155.000000 -95.000000
357.899383 105.000000 -135.000000 5.000000
357.948931 65.000000 -45.000000 -45.000000
358.018504 225.000000 -215.000000 -95.000000
358.033408 75.000000 -235.000000 -35.000000
358.089648 355.000000 -125.000000 85.000000
358.283052 5.000000 315.000000 -25.000000
358.299530 195.000000 -285.000000 -65.000000
358.310872 375.000000 195.000000 65.000000
358.311961 265.000000 -125.000000 55.000000
358.318535 15.000000 55.000000 85.000000
358.320260 -335.000000 -195.000000 -75.000000
358.369767 75.000000 -85.000000 35.000000
358.402761 415.000000 205.000000 85.000000
358.461582 105.000000 235.000000 45.000000
358.479625 -145.000000 -295.000000 -25.000000
358.483429 -5.000000 -395.000000 105.000000
358.515494 -55.000000 -365.000000 45.000000
358.571810 115.000000 -165.000000 -5.000000
358.592346 135.000000 -155.000000 35.000000
358.642055 405.000000 195.000000 5.000000
358.644299 35.000000 -5.000000 25.000000
358.796239 85.000000 -25.000000 35.000000
359.023062 -225.000000 145.000000 65.000000
359.059973 275.000000 265.000000 85.000000
359.066029 115.000000 -445.000000 -25.000000
359.118639 355.000000 -385.000000 75.000000
359.124962 -335.000000 295.000000 -5.000000
359.184870 -275.000000 -345.000000 -35.000000
359.229440 -285.000000 -195.000000 -35.000000
359.246139 135.000000 435.000000 65.000000
359.246667 -275.000000 -75.000000 95.000000
359.356201 -315.000000 205.000000 85.000000
359.399933 155.000000 395.000000 75.000000
359.419705 205.000000 -195.000000 25.000000
359.552763 25.000000 -45.000000 85.000000
359.570472 255.000000 -105.000000 25.000000
359.621189 -435.000000 -425.000000 55.000000
359.625595 -225.000000 -305.000000 5.000000
359.648367 225.000000 -425.000000 -5.000000
359.670058 -45.000000 435.000000 35.000000
359.680953 265.000000 265.000000 -75.000000
359.705440 -345.000000 385.000000 -75.000000
359.718795 -235.000000 15.000000 25.000000
359.730722 425.000000 405.000000 -5.000000
359.741681 405.000000 -315.000000 -15.000000
359.783048 -175.000000 95.000000 85.000000
359.891287 355.000000 215.000000 65.000000
359.902088 -455.000000 -255.000000 -75.000000
359.952567 155.000000 85.000000 -25.000000
359.988204 -455.000000 55.000000 45.000000
360.159806 -425.000000 335.000000 55.000000
360.180928 255.000000 385.000000 -55.000000
360.222494 205.000000 455.000000 75.000000
360.224298 -35.000000 105.000000 -65.000000
360.231287 -365.000000 135.000000 95.000000
360.288129 -255.000000 255.000000 85.000000
360.380342 -435.000000 185.000000 -95.000000
360.428443 -195.000000 215.000000 -45.000000
360.475732 -195.000000 355.000000 15.000000
360.533994 345.000000 375.000000 -25.000000
360.681787 245.000000 415.000000 -45.000000
360.802491 -95.000000 215.000000 95.000000
360.937943 -295.000000 -435.000000 65.000000
361.067615 -145.000000 -25.000000 -5.000000
361.104700 -255.000000 385.000000 35.000000
361.119071 -425.000000 275.000000 -65.000000
361.123087 125.000000 -175.000000 65.000000
361.163495 135.000000 5.000000 -65.000000
361.281764 -145.000000 135.000000 15.000000
361.285988 -145.000000 -55.000000 -35.000000
361.290924 315.000000 -65.000000 25.000000
361.388032 -55.000000 -85.000000 5.000000
361.417215 -5.000000 -185.000000 -45.000000
361.535671 -175.000000 -455.000000 -55.000000
361.568132 415.000000 355.000000 45.000000
361.569433 105.000000 -175.000000 15.000000
361.725949 -385.000000 85.000000 -55.000000
361.807627 -275.000000 -395.000000 15.000000
361.822539 45.000000 -55.000000 -35.000000
361.938523 -285.000000 145.000000 55.000000
362.001153 265.000000 -285.000000 -85.000000
362.033742 5.000000 -115.000000 -75.000000
362.048610 -435.000000 125.000000 85.000000
362.113980 455.000000 -375.000000 -85.000000
362.126700 185.000000 -375.000000 -45.000000
362.128051 -405.000000 35.000000 -25.000000
362.225129 415.000000 -345.000000 -85.000000
362.238903 -325.000000 85.000000 -65.000000
362.253783 -185.000000 205.000000 -85.000000
362.308019 -315.000000 285.000000 45.000000
362.353228 75.000000 235.000000 -55.000000
362.394004 35.000000 355.000000 65.000000
362.520940 -135.000000 -25.000000 45.000000
362.668747 -45.000000 395.000000 -25.000000
362.706087 315.000000 -95.000000 -85.000000
362.729784 -115.000000 75.000000 65.000000
362.754277 325.000000 225.000000 75.000000
362.805974 215.000000 445.000000 -75.000000
362.809804 -405.000000 -205.000000 -35.000000
362.973712 -125.000000 225.000000 -65.000000
363.085077 95.000000 -45.000000 105.000000
363.146714 105.000000 -85.000000 55.000000
363.255207 -415.000000 425.000000 -5.000000
363.282536 -285.000000 395.000000 -45.000000
363.293101 285.000000 45.000000 65.000000
363.301544 -455.000000 -185.000000 -95.000000
363.389060 -215.000000 -245.000000 5.000000
363.406378 385.000000 245.000000 -45.000000
363.415409 115.000000 335.000000 -15.000000
363.419721 35.000000 295.000000 -45.000000
363.484702 405.000000 305.000000 5.000000
363.552626 -275.000000 -395.000000 -55.000000
363.574325 455.000000 185.000000 -85.000000
363.585735 -335.000000 -85.000000 -15.000000
363.587409 45.000000 -115.000000 -25.000000
363.696463 -105.000000 -175.000000 -75.000000
363.747654 425.000000 125.000000 15.000000
363.766788 235.000000 85.000000 -55.000000
363.841953 105.000000 -205.000000 -75.000000
363.854787 -205.000000 345.000000 -25.000000
363.875622 345.000000 45.000000 45.000000
364.042093 125.000000 -145.000000 85.000000
364.117320 -365.000000 325.000000 55.000000
364.133193 315.000000 -85.000000 65.000000
364.230945 -15.000000 115.000000 -45.000000
364.266446 -145.000000 345.000000 15.000000
364.294921 215.000000 425.000000 15.000000
364.305586 75.000000 -335.000000 -15.000000
364.307123 265.000000 175.000000 15.000000
364.337628 35.000000 -275.000000 25.000000
364.347256 35.000000 -355.000000 -15.000000
364.415629 -155.000000 -185.000000 -75.000000
364.459362 295.000000 -375.000000 105.000000
364.489180 85.000000 215.000000 15.000000
364.614512 305.000000 365.000000 -35.000000
364.763943 -155.000000 445.000000 -75.000000
364.765057 -255.000000 435.000000 35.000000
364.786869 265.000000 -75.000000 35.000000
364.800909 -155.000000 -95.000000 -85.000000
364.812588 355.000000 445.000000 -85.000000
364.922674 -5.000000 105.000000 -5.000000
365.010761 85.000000 -325.000000 -25.000000
365.046070 15.000000 -335.000000 -75.000000
365.165037 75.000000 345.000000 35.000000
365.273816 215.000000 -385.000000 35.000000
365.358840 -295.000000 -355.000000 -85.000000
365.455158 -45.000000 205.000000 5.000000
365.464539 -295.000000 -455.000000 85.000000
365.483317 135.000000 -25.000000 75.000000
365.512537 -165.000000 -355.000000 -85.000000
365.557513 -165.000000 185.000000 65.000000
365.571006 -325.000000 395.000000 -85.000000
365.607495 425.000000 285.000000 -95.000000
365.637469 165.000000 -65.000000 65.000000
365.697728 -425.000000 195.000000 35.000000
365.700649 385.000000 -125.000000 35.000000
365.708427 -125.000000 375.000000 -25.000000
365.717121 -245.000000 315.000000 5.000000
365.719175 5.000000 65.000000 95.000000
365.777501 -435.000000 -425.000000 -85.000000
365.795581 -235.000000 35.000000 55.000000
365.820005 435.000000 105.000000 85.000000
365.914570 225.000000 -345.000000 5.000000
365.933338 355.000000 -185.000000 95.000000
365.956702 145.000000 -345.000000 5.000000
366.009638 -255.000000 -255.000000 45.000000
366.034486 385.000000 -365.000000 35.000000
366.071826 -165.000000 175.000000 95.000000
366.083973 205.000000 225.000000 55.000000
366.092051 245.000000 265.000000 65.000000
366.412917 275.000000 -215.000000 25.000000
366.435049 245.000000 155.000000 75.000000
366.580468 295.000000 285.000000 -5.000000
366.599861 -365.000000 -445.000000 35.000000
366.655526 -205.000000 315.000000 -95.000000
366.699090 -75.000000 -65.000000 95.000000
366.808753 115.000000 -425.000000 -55.000000
366.841769 155.000000 -45.000000 -85.000000
366.853709 -175.000000 425.000000 55.000000
366.915359 -95.000000 115.000000 -45.000000
366.934354 -215.000000 -45.000000 75.000000
367.000499 175.000000 -455.000000 5.000000
367.032519 -255.000000 15.000000 55.000000
367.087114 -95.000000 315.000000 65.000000
367.104661 55.000000 345.000000 -45.000000
367.131030 25.000000 245.000000 -25.000000
367.174116 -155.000000 -435.000000 -35.000000
367.200760 -105.000000 175.000000 65.000000
367.239324 -195.000000 315.000000 5.000000
367.296993 25.000000 315.000000 -35.000000
367.341920 -265.000000 -25.000000 -35.000000
367.366201 -45.000000 -355.000000 85.000000
367.444362 -135.000000 455.000000 55.000000
367.478662 75.000000 275.000000 -35.000000
367.514052 -375.000000 -95.000000 25.000000
367.604901 -105.000000 -345.000000 -35.000000
367.623555 355.000000 -35.000000 15.000000
367.629102 85.000000 -415.000000 15.000000
367.705108 205.000000 375.000000 -5.000000
367.766304 395.000000 95.000000 45.000000
367.785403 -325.000000 -215.000000 -45.000000
367.881180 215.000000 285.000000 25.000000
368.009342 -435.000000 175.000000 -15.000000
368.085397 245.000000 275.000000 -5.000000
368.110488 435.000000 115.000000 -65.000000
368.128285 205.000000 175.000000 25.000000
368.148128 -285.000000 -125.000000 -55.000000
368.149677 135.000000 -125.000000 -45.000000
368.154290 -245.000000 105.000000 85.000000
368.185140 -255.000000 115.000000 35.000000
368.188957 305.000000 435.000000 15.000000
368.214914 -225.000000 -235.000000 -25.000000
368.227346 45.000000 175.000000 45.000000
368.263721 -275.000000 115.000000 -5.000000
368.327060 -135.000000 -235.000000 55.000000
368.353137 -395.000000 305.000000 55.000000
368.396169 -145.000000 325.000000 45.000000
368.396644 15.000000 -375.000000 25.000000
368.527924 -325.000000 265.000000 45.000000
368.576658 195.000000 285.000000 -65.000000
368.607172 -415.000000 -325.000000 75.000000
368.628011 -345.000000 155.000000 105.000000
368.693516 -265.000000 -395.000000 -45.000000
368.750762 -235.000000 -145.000000 15.000000
368.869239 -435.000000 175.000000 -55.000000
368.908726 405.000000 -145.000000 -85.000000
368.940624 285.000000 225.000000 -25.000000
368.983734 -405.000000 315.000000 -95.000000
369.054870 -325.000000 -125.000000 25.000000
369.065569 -375.000000 -25.000000 -65.000000
369.066052 -45.000000 -165.000000 5.000000
369.077062 -375.000000 -65.000000 45.000000
369.121394 -425.000000 445.000000 65.000000
369.172881 -295.000000 15.000000 85.000000
369.180108 125.000000 75.000000 -5.000000
369.200237 5.000000 135.000000 45.000000
369.218655 295.000000 45.000000 45.000000
369.226751 -355.000000 -365.000000 -45.000000
369.265124 -395.000000 -65.000000 -35.000000
369.403054 -365.000000 225.000000 15.000000
369.539348 -355.000000 395.000000 5.000000
369.540609 -245.000000 -25.000000 95.000000
369.550965 115.000000 -235.000000 65.000000
369.637983 155.000000 55.000000 -85.000000
369.740449 -185.000000 -415.000000 -35.000000
369.765336 235.000000 315.000000 -5.000000
369.806529 -95.000000 375.000000 -55.000000
369.884433 -95.000000 -405.000000 65.000000
369.928859 175.000000 315.000000 95.000000
369.932784 445.000000 -5.000000 75.000000
369.938065 395.000000 -435.000000 75.000000
369.974527 305.000000 45.000000 75.000000
370.058978 225.000000 235.000000 5.000000
370.061315 -285.000000 285.000000 55.000000
370.186607 365.000000 55.000000 75.000000
370.217717 -135.000000 -105.000000 5.000000
370.283631 185.000000 55.000000 -35.000000
370.310995 -415.000000 -445.000000 95.000000
370.312410 25.000000 145.000000 -25.000000
370.323310 -415.000000 125.000000 -85.000000
370.349910 455.000000 -315.000000 105.000000
370.354041 -275.000000 95.000000 -85.000000
370.381811 385.000000 445.000000 45.000000
370.426486 -85.000000 225.000000 65.000000
370.462987 -425.000000 355.000000 -75.000000
370.483559 -215.000000 -5.000000 45.000000
370.523248 -235.000000 -415.000000 -5.000000
370.565224 -125.000000 175.000000 -65.000000
370.660959 165.000000 55.000000 -35.000000
370.663270 -295.000000 -165.000000 65.000000
370.680055 235.000000 275.000000 75.000000
370.699796 -95.000000 365.000000 85.000000
370.891096 -165.000000 -445.000000 -15.000000
370.899955 195.000000 -35.000000 55.000000
370.988367 335.000000 175.000000 -65.000000
371.091589 435.000000 415.000000 85.000000
371.182984 325.000000 405.000000 15.000000
371.270856 -55.000000 385.000000 95.000000
371.271767 75.000000 435.000000 -15.000000
371.304765 145.000000 255.000000 5.000000
371.397920 -415.000000 305.000000 -85.000000
371.474583 -15.000000 -145.000000 75.000000
371.525269 65.000000 -325.000000 5.000000
371.543706 -145.000000 -325.000000 -15.000000
371.636872 325.000000 -195.000000 -5.000000
371.680250 -85.000000 -25.000000 65.000000
371.711595 355.000000 265.000000 5.000000
371.711807 -145.000000 -385.000000 -85.000000
371.725448 445.000000 425.000000 35.000000
371.735156 195.000000 -215.000000 -25.000000
371.860786 305.000000 -225.000000 15.000000
371.871860 95.000000 155.000000 35.000000
371.905334 305.000000 -435.000000 -15.000000
371.908783 -185.000000 325.000000 -45.000000
371.938500 -175.000000 -75.000000 15.000000
371.967939 -145.000000 375.000000 85.000000
372.008679 405.000000 85.000000 -85.000000
372.045747 -165.000000 -125.000000 -65.000000
372.063972 135.000000 305.000000 -35.000000
372.071224 -65.000000 95.000000 -45.000000
372.211548 105.000000 95.000000 55.000000
372.226416 145.000000 185.000000 85.000000
372.339062 -245.000000 265.000000 -25.000000
372.415925 -75.000000 435.000000 25.000000
372.510815 155.000000 435.000000 -45.000000
372.730517 -245.000000 335.000000 -25.000000
372.756315 165.000000 375.000000 -75.000000
372.792365 -95.000000 -415.000000 65.000000
372.916594 -55.000000 205.000000 85.000000
372.917070 235.000000 -305.000000 -55.000000
372.942606 145.000000 165.000000 25.000000
372.973574 145.000000 295.000000 75.000000
373.006633 -345.000000 -315.000000 -75.000000
373.088884 -5.000000 45.000000 65.000000
373.171563 -135.000000 -105.000000 -15.000000
373.172847 -195.000000 75.000000 -25.000000
373.178381 -275.000000 75.000000 85.000000
373.211093 -425.000000 -295.000000 -15.000000
373.363784 -295.000000 425.000000 -15.000000
373.425101 435.000000 235.000000 75.000000
373.428739 -455.000000 -375.000000 75.000000
373.489720 355.000000 -225.000000 -85.000000
373.819647 -165.000000 -365.000000 25.000000
373.917405 55.000000 -165.000000 -15.000000
374.051572 -395.000000 -435.000000 85.000000
374.091271 -225.000000 -45.000000 -45.000000
374.196697 -195.000000 -45.000000 -75.000000
374.275893 405.000000 45.000000 -55.000000
374.343700 -55.000000 -35.000000 105.000000
374.373787 185.000000 -385.000000 -65.000000
374.422222 -55.000000 -395.000000 -95.000000
374.496414 135.000000 -285.000000 -5.000000
374.540990 55.000000 135.000000 -75.000000
374.595460 -425.000000 -15.000000 -15.000000
374.736989 -245.000000 185.000000 -25.000000
374.738048 -345.000000 365.000000 -25.000000
374.761686 -285.000000 -395.000000 -5.000000
374.901538 185.000000 445.000000 -85.000000
375.037142 225.000000 -45.000000 -85.000000
375.052728 425.000000 75.000000 45.000000
375.214666 15.000000 315.000000 -55.000000
375.222332 195.000000 245.000000 45.000000
375.334473 375.000000 65.000000 75.000000
375.347927 -255.000000 225.000000 105.000000
375.379856 55.000000 375.000000 -15.000000
375.405453 -365.000000 -195.000000 85.000000
375.409541 -295.000000 185.000000 75.000000
375.419153 425.000000 305.000000 35.000000
375.475261 -345.000000 -55.000000 -75.000000
375.481645 235.000000 -75.000000 55.000000
375.500329 -285.000000 295.000000 -95.000000
375.799403 -245.000000 265.000000 75.000000
375.806492 -45.000000 -65.000000 55.000000
375.837966 285.000000 55.000000 -15.000000
375.911452 -415.000000 365.000000 -85.000000
375.914605 -115.000000 -385.000000 -55.000000
376.061339 135.000000 5.000000 -55.000000
376.091540 135.000000 -385.000000 -85.000000
376.127491 -295.000000 -275.000000 -65.000000
376.148066 -215.000000 -5.000000 -45.000000
376.197514 275.000000 -355.000000 -35.000000
376.266399 195.000000 -195.000000 85.000000
376.275832 -255.000000 -175.000000 25.000000
376.349751 -115.000000 205.000000 95.000000
376.408654 235.000000 -145.000000 35.000000
376.490900 -255.000000 -25.000000 -75.000000
376.520927 365.000000 305.000000 65.000000
376.541025 35.000000 -45.000000 -75.000000
376.563992 -135.000000 -145.000000 -65.000000
376.626635 405.000000 5.000000 15.000000
376.646959 -65.000000 365.000000 -25.000000
376.710377 365.000000 -455.000000 75.000000
376.751255 215.000000 355.000000 75.000000
376.837761 -165.000000 -355.000000 75.000000
376.870079 295.000000 -105.000000 -15.000000
376.876473 175.000000 -35.000000 35.000000
376.884749 -335.000000 -375.000000 -75.000000
376.888448 -355.000000 45.000000 -95.000000
376.971030 -25.000000 15.000000 95.000000
377.011622 -435.000000 195.000000 -45.000000
377.013824 405.000000 -445.000000 55.000000
377.214427 -265.000000 335.000000 75.000000
377.263157 175.000000 115.000000 55.000000
377.287117 -5.000000 -255.000000 -35.000000
377.308332 -35.000000 -155.000000 -65.000000
377.327263 385.000000 -435.000000 15.000000
377.332439 5.000000 -375.000000 75.000000
377.410410 295.000000 -145.000000 105.000000
377.482324 385.000000 55.000000 5.000000
377.500285 -195.000000 -245.000000 105.000000
377.508501 -455.000000 375.000000 -45.000000
377.588681 355.000000 -185.000000 -55.000000
377.604871 -115.000000 425.000000 35.000000
377.617728 105.000000 -335.000000 -65.000000
377.632296 -75.000000 375.000000 25.000000
377.637579 -345.000000 -305.000000 15.000000
377.650907 -155.000000 -25.000000 25.000000
377.689566 -165.000000 -285.000000 -65.000000
377.728660 255.000000 245.000000 -65.000000
377.743976 -155.000000 -55.000000 -85.000000
377.774019 -345.000000 -245.000000 -65.000000
377.861314 -195.000000 365.000000 15.000000
378.072976 405.000000 185.000000 -95.000000
378.173547 -375.000000 65.000000 -25.000000
378.266254 -55.000000 -195.000000 -85.000000
378.294837 205.000000 275.000000 105.000000
378.355321 -255.000000 -65.000000 -5.000000
378.425779 -5.000000 -325.000000 -15.000000
378.538569 -245.000000 -185.000000 -95.000000
378.654426 235.000000 -395.000000 85.000000
378.656311 75.000000 -445.000000 35.000000
378.683198 -395.000000 35.000000 -95.000000
378.684909 -205.000000 -125.000000 25.000000
378.747532 105.000000 -355.000000 65.000000
378.799006 435.000000 75.000000 45.000000
378.848561 355.000000 25.000000 95.000000
378.926836 -455.000000 -125.000000 -5.000000
379.133198 345.000000 -75.000000 25.000000
379.137849 -175.000000 -195.000000 25.000000
379.162529 445.000000 -125.000000 35.000000
379.222106 -375.000000 -65.000000 -15.000000
379.265717 -175.000000 275.000000 -25.000000
379.319713 -345.000000 175.000000 -35.000000
379.364963 415.000000 -305.000000 75.000000
379.434906 435.000000 -105.000000 5.000000
379.453189 -35.000000 -345.000000 45.000000
379.592778 -35.000000 265.000000 95.000000
379.613085 165.000000 415.000000 -65.000000
379.655665 35.000000 -65.000000 25.000000
379.746065 -355.000000 -415.000000 15.000000
379.768450 -405.000000 65.000000 45.000000
379.788408 135.000000 -435.000000 -75.000000
379.812234 395.000000 -445.000000 75.000000
379.950600 -95.000000 -245.000000 -75.000000
380.022137 55.000000 -385.000000 85.000000
380.120945 325.000000 25.000000 25.000000
380.127793 445.000000 -195.000000 25.000000
380.247233 265.000000 -135.000000 -85.000000
380.279922 415.000000 385.000000 55.000000
380.282239 275.000000 -255.000000 -95.000000
380.319847 345.000000 -275.000000 95.000000
380.353668 355.000000 -65.000000 105.000000
380.387094 -115.000000 5.000000 -35.000000
380.404276 395.000000 215.000000 -45.000000
380.433419 155.000000 205.000000 35.000000
380.436193 75.000000 315.000000 -5.000000
380.454709 -75.000000 385.000000 -35.000000
380.487810 -135.000000 215.000000 65.000000
380.491426 -335.000000 35.000000 -65.000000
380.538558 -175.000000 -405.000000 55.000000
380.609638 225.000000 -385.000000 -65.000000
380.621413 55.000000 -305.000000 45.000000
380.624085 135.000000 -335.000000 85.000000
380.678329 205.000000 245.000000 -95.000000
380.726653 75.000000 375.000000 -85.000000
380.773077 -165.000000 175.000000 85.000000
380.834948 -145.000000 -435.000000 5.000000
380.862031 -245.000000 -315.000000 -85.000000
380.955094 25.000000 -285.000000 65.000000
380.999382 -65.000000 245.000000 -35.000000
381.021325 -75.000000 -195.000000 -35.000000
381.092291 -205.000000 415.000000 -65.000000
381.206716 5.000000 155.000000 45.000000
381.243841 -225.000000 425.000000 -75.000000
381.299436 125.000000 5.000000 55.000000
381.321986 165.000000 415.000000 5.000000
381.427748 -425.000000 245.000000 -65.000000
381.436825 -335.000000 425.000000 35.000000
381.584951 -65.000000 265.000000 -45.000000
381.588740 25.000000 325.000000 -75.000000
381.616673 -315.000000 45.000000 -5.000000
381.890365 -225.000000 435.000000 75.000000
381.979374 -425.000000 225.000000 75.000000
381.997105 45.000000 295.000000 5.000000
382.019447 -435.000000 -435.000000 -75.000000
382.022940 325.000000 105.000000 -5.000000
382.038996 65.000000 385.000000 -75.000000
382.055921 -265.000000 295.000000 85.000000
382.080778 -415.000000 355.000000 45.000000
382.094620 -55.000000 -145.000000 45.000000
382.125149 265.000000 -325.000000 -65.000000
382.208806 -55.000000 -115.000000 -75.000000
382.253098 -25.000000 5.000000 65.000000
382.260980 255.000000 -425.000000 55.000000
382.407022 -195.000000 125.000000 -25.000000
382.486614 -175.000000 425.000000 -45.000000
382.495324 -115.000000 -395.000000 -5.000000
382.620023 -335.000000 -265.000000 -45.000000
382.634934 -105.000000 -295.000000 -85.000000
382.696336 -255.000000 115.000000 25.000000
382.810992 -115.000000 -125.000000 -15.000000
382.831545 -15.000000 -55.000000 95.000000
382.957356 -205.000000 -175.000000 55.000000
382.968270 -295.000000 405.000000 -75.000000
382.973320 -45.000000 85.000000 -15.000000
383.026950 105.000000 275.000000 85.000000
383.109360 335.000000 -385.000000 -65.000000
383.137291 -135.000000 -245.000000 75.000000
383.141565 75.000000 -15.000000 45.000000
383.154573 -415.000000 -135.000000 -5.000000
383.174374 -75.000000 65.000000 -5.000000
383.218042 195.000000 -435.000000 55.000000
383.248782 -145.000000 85.000000 -25.000000
383.321516 155.000000 -215.000000 5.000000
383.369591 -35.000000 405.000000 -75.000000
383.399155 225.000000 345.000000 -15.000000
383.459941 -135.000000 -15.000000 65.000000
383.516190 -165.000000 305.000000 -15.000000
383.686796 85.000000 185.000000 15.000000
383.710326 385.000000 55.000000 75.000000
383.742623 -345.000000 185.000000 5.000000
383.829483 -435.000000 -275.000000 -65.000000
383.843917 -405.000000 -95.000000 -55.000000
383.856513 -245.000000 245.000000 45.000000
383.870994 25.000000 -115.000000 35.000000
384.027277 -155.000000 335.000000 55.000000
384.028917 -205.000000 455.000000 5.000000
384.112529 -385.000000 75.000000 75.000000
384.139627 105.000000 5.000000 105.000000
384.203359 -265.000000 -205.000000 85.000000
384.251247 365.000000 15.000000 -35.000000
384.286591 325.000000 335.000000 25.000000
384.372428 265.000000 -345.000000 -75.000000
384.376091 -375.000000 -395.000000 75.000000
384.393665 235.000000 -425.000000 25.000000
384.419700 185.000000 375.000000 45.000000
384.476307 115.000000 -155.000000 -15.000000
384.521263 85.000000 -75.000000 5.000000
384.556433 165.000000 115.000000 95.000000
384.614163 415.000000 65.000000 25.000000
384.667705 155.000000 -205.000000 -45.000000
384.812876 325.000000 105.000000 65.000000
384.813634 215.000000 -285.000000 -25.000000
384.877510 285.000000 -205.000000 -95.000000
385.211687 -285.000000 -105.000000 75.000000
385.296493 455.000000 125.000000 15.000000
385.333936 -225.000000 -325.000000 65.000000
385.354894 -105.000000 -215.000000 85.000000
385.363954 5.000000 205.000000 -55.000000
385.394572 -425.000000 125.000000 -45.000000
385.439691 -375.000000 55.000000 -45.000000
385.518997 -5.000000 -355.000000 -55.000000
385.658328 -115.000000 235.000000 -85.000000
385.709903 425.000000 195.000000 85.000000
385.721554 205.000000 225.000000 -5.000000
385.740441 45.000000 5.000000 105.000000
385.804886 -245.000000 -195.000000 -25.000000
385.883714 415.000000 275.000000 85.000000
385.931843 -265.000000 -125.000000 95.000000
386.047392 -325.000000 -195.000000 -15.000000
386.092430 -15.000000 345.000000 35.000000
386.096500 175.000000 175.000000 -45.000000
386.155584 395.000000 -325.000000 -75.000000
386.251807 -345.000000 95.000000 15.000000
386.268679 85.000000 -125.000000 -65.000000
386.301813 -45.000000 195.000000 95.000000
386.334917 265.000000 65.000000 85.000000
386.413562 -155.000000 -355.000000 5.000000
386.426491 -245.000000 -145.000000 -65.000000
386.495021 -115.000000 -115.000000 95.000000
386.623156 345.000000 -255.000000 5.000000
386.647962 -385.000000 -185.000000 -15.000000
386.665440 -245.000000 185.000000 -55.000000
386.729399 -205.000000 -435.000000 5.000000
386.733791 -55.000000 335.000000 -95.000000
386.794536 -455.000000 45.000000 105.000000
386.919745 85.000000 -175.000000 25.000000
387.014693 345.000000 305.000000 85.000000
387.026999 -405.000000 -55.000000 55.000000
387.106550 185.000000 -325.000000 -65.000000
387.144402 435.000000 -45.000000 15.000000
387.175892 325.000000 -395.000000 85.000000
387.213311 -115.000000 325.000000 35.000000
387.223177 245.000000 -315.000000 -85.000000
387.365431 175.000000 -235.000000 -65.000000
387.455189 -455.000000 235.000000 5.000000
387.540475 -385.000000 -165.000000 -95.000000
387.594264 -115.000000 365.000000 25.000000
387.609642 -265.000000 -375.000000 -35.000000
387.617122 195.000000 365.000000 -45.000000
387.650436 75.000000 425.000000 -45.000000
387.687678 -175.000000 285.000000 -45.000000
387.759111 -455.000000 265.000000 65.000000
387.795704 255.000000 -165.000000 65.000000
387.985486 -25.000000 235.000000 -65.000000
388.031447 375.000000 -125.000000 75.000000
388.038480 -235.000000 115.000000 65.000000
388.098389 -205.000000 285.000000 75.000000
388.155223 -435.000000 375.000000 35.000000
388.263820 -55.000000 185.000000 95.000000
388.295427 -25.000000 425.000000 95.000000
388.338260 -355.000000 -85.000000 5.000000
388.343173 175.000000 -155.000000 -65.000000
388.525688 315.000000 -415.000000 55.000000
388.533759 -205.000000 335.000000 105.000000
388.582203 65.000000 195.000000 -65.000000
388.610569 -95.000000 275.000000 -25.000000
388.781322 -115.000000 95.000000 -15.000000
388.795184 -135.000000 25.000000 35.000000
388.823331 205.000000 185.000000 45.000000
388.873483 -355.000000 415.000000 25.000000
388.881446 -215.000000 -185.000000 85.000000
388.926263 35.000000 -135.000000 85.000000
389.051492 -345.000000 5.000000 65.000000
389.086666 -345.000000 245.000000 -25.000000
389.153935 -205.000000 205.000000 -45.000000
389.157279 285.000000 -185.000000 75.000000
389.203644 -95.000000 55.000000 -25.000000
389.205656 105.000000 395.000000 55.000000
389.229172 335.000000 255.000000 -85.000000
389.279254 -195.000000 35.000000 95.000000
389.310814 375.000000 -145.000000 -75.000000
389.351149 5.000000 295.000000 -75.000000
389.413526 -395.000000 35.000000 -15.000000
389.418789 55.000000 235.000000 55.000000
389.532305 -275.000000 25.000000 -65.000000
389.577748 235.000000 -385.000000 45.000000
389.657836 105.000000 155.000000 -5.000000
389.761037 -195.000000 -205.000000 -25.000000
389.763403 85.000000 -145.000000 -25.000000
389.819875 255.000000 -175.000000 -45.000000
389.941095 -305.000000 -325.000000 35.000000
389.947062 -75.000000 -115.000000 -45.000000
389.976166 -455.000000 125.000000 25.000000
389.990218 75.000000 -135.000000 65.000000
390.003680 -145.000000 -315.000000 -5.000000
390.025486 -235.000000 -225.000000 -25.000000
390.103952 -135.000000 265.000000 -35.000000
390.125978 295.000000 155.000000 15.000000
390.153972 -145.000000 -385.000000 55.000000
390.243381 295.000000 -445.000000 55.000000
390.274754 -445.000000 35.000000 -85.000000
390.309306 225.000000 145.000000 75.000000
390.353063 -45.000000 95.000000 -35.000000
390.369977 165.000000 135.000000 -75.000000
390.371397 -145.000000 -55.000000 -65.000000
390.463165 -265.000000 385.000000 -45.000000
390.524301 -415.000000 285.000000 -35.000000
390.524787 -65.000000 5.000000 -95.000000
390.761928 115.000000 -365.000000 95.000000
390.797442 -125.000000 105.000000 35.000000
391.207441 145.000000 -5.000000 -65.000000
391.214149 -5.000000 -295.000000 -35.000000
391.222038 75.000000 85.000000 95.000000
391.241542 345.000000 -455.000000 75.000000
391.360878 95.000000 -25.000000 -55.000000
391.360906 -45.000000 35.000000 35.000000
391.364832 -205.000000 -295.000000 95.000000
391.368351 55.000000 -65.000000 -15.000000
391.398744 -185.000000 -385.000000 -45.000000
391.481491 -305.000000 -315.000000 -85.000000
391.487354 445.000000 -345.000000 -15.000000
391.569300 -45.000000 -85.000000 -15.000000
391.632321 85.000000 -5.000000 45.000000
391.843068 -265.000000 215.000000 -55.000000
391.866279 55.000000 -435.000000 -5.000000
391.927257 375.000000 -305.000000 -15.000000
391.999170 435.000000 -385.000000 -85.000000
392.000402 -75.000000 -85.000000 -15.000000
392.001916 55.000000 -405.000000 105.000000
392.124708 -25.000000 255.000000 75.000000
392.132878 -165.000000 -445.000000 95.000000
392.149404 -245.000000 85.000000 -85.000000
392.250100 385.000000 435.000000 -5.000000
392.294873 405.000000 415.000000 -15.000000
392.405452 -225.000000 165.000000 -65.000000
392.458842 425.000000 415.000000 -25.000000
392.540010 -415.000000 215.000000 75.000000
392.692098 -45.000000 145.000000 -25.000000
392.727343 -435.000000 395.000000 35.000000
392.881042 325.000000 -205.000000 35.000000
392.896589 225.000000 -95.000000 -5.000000
392.933553 165.000000 145.000000 95.000000
393.018237 -335.000000 425.000000 55.000000
393.032620 155.000000 -365.000000 45.000000
393.065751 15.000000 -55.000000 -25.000000
393.099791 45.000000 75.000000 85.000000
393.109304 15.000000 -265.000000 -75.000000
393.146480 -405.000000 55.000000 -55.000000
393.177001 -75.000000 95.000000 -45.000000
393.232501 -315.000000 75.000000 35.000000
393.256189 -195.000000 -45.000000 -5.000000
393.318613 -155.000000 -225.000000 75.000000
393.488559 -305.000000 395.000000 -35.000000
393.495894 265.000000 85.000000 55.000000
393.510565 -345.000000 365.000000 -75.000000
393.516206 245.000000 405.000000 65.000000
393.627620 395.000000 -105.000000 25.000000
393.645279 -155.000000 -425.000000 5.000000
393.697615 -125.000000 -435.000000 35.000000
393.863852 215.000000 -45.000000 105.000000
393.965266 235.000000 405.000000 15.000000
394.018381 195.000000 105.000000 65.000000
394.030655 155.000000 -345.000000 -65.000000
394.043425 -365.000000 315.000000 35.000000
394.151012 335.000000 -105.000000 -75.000000
394.168987 -335.000000 315.000000 -85.000000
394.232443 -215.000000 145.000000 -55.000000
394.233712 305.000000 -165.000000 -95.000000
394.239910 355.000000 -95.000000 -85.000000
394.251850 305.000000 65.000000 -45.000000
394.255501 375.000000 385.000000 25.000000
394.297465 255.000000 -405.000000 55.000000
394.354768 235.000000 35.000000 5.000000
394.469126 -345.000000 -385.000000 -5.000000
394.530721 -45.000000 -435.000000 -55.000000
394.695053 -145.000000 -245.000000 -35.000000
394.741279 315.000000 -115.000000 -15.000000
394.742767 305.000000 265.000000 5.000000
394.748223 345.000000 115.000000 -25.000000
394.780395 245.000000 -85.000000 -75.000000
394.908528 -235.000000 175.000000 75.000000
394.934672 -335.000000 -175.000000 95.000000
394.967259 -85.000000 -255.000000 5.000000
395.035159 175.000000 -155.000000 85.000000
395.045535 105.000000 415.000000 -35.000000
395.069559 155.000000 285.000000 35.000000
395.102829 -395.000000 195.000000 -5.000000
395.116756 -215.000000 155.000000 -35.000000
395.122114 215.000000 -85.000000 -55.000000
395.149450 -275.000000 -205.000000 -15.000000
395.160818 -105.000000 55.000000 45.000000
395.231744 -215.000000 45.000000 -15.000000
395.390099 -345.000000 245.000000 25.000000
395.393035 225.000000 -85.000000 -65.000000
395.402613 -35.000000 195.000000 -15.000000
395.474923 -435.000000 235.000000 -55.000000
395.556803 -355.000000 -25.000000 -25.000000
395.588228 295.000000 35.000000 -25.000000
395.659170 85.000000 145.000000 -35.000000
395.707037 345.000000 225.000000 85.000000
395.727090 425.000000 15.000000 105.000000
395.835266 -145.000000 295.000000 -35.000000
395.915934 275.000000 -355.000000 -65.000000
395.945138 -275.000000 -5.000000 -85.000000
395.959560 -305.000000 -125.000000 -75.000000
396.060509 -345.000000 205.000000 5.000000
396.090457 -305.000000 -115.000000 75.000000
396.190982 -155.000000 365.000000 -75.000000
396.214434 455.000000 -195.000000 -45.000000
396.257509 245.000000 195.000000 95.000000
396.276294 65.000000 -195.000000 5.000000
396.284626 135.000000 -405.000000 75.000000
396.354879 -165.000000 45.000000 85.000000
396.395591 315.000000 -415.000000 95.000000
396.411692 -195.000000 -5.000000 -25.000000
396.523038 -55.000000 -375.000000 -15.000000
396.594016 395.000000 295.000000 25.000000
396.698187 -245.000000 -185.000000 105.000000
396.720184 -185.000000 -95.000000 35.000000
396.773736 155.000000 -205.000000 15.000000
396.774887 25.000000 -425.000000 65.000000
396.818492 -15.000000 -395.000000 35.000000
396.820099 -325.000000 -45.000000 95.000000
396.832649 -385.000000 235.000000 -75.000000
396.967273 -405.000000 5.000000 85.000000
396.987720 345.000000 345.000000 -5.000000
397.001677 -115.000000 145.000000 25.000000
397.050458 -325.000000 -455.000000 -35.000000
397.134576 -195.000000 -245.000000 35.000000
397.147546 365.000000 -135.000000 5.000000
397.169466 -145.000000 -45.000000 5.000000
397.195655 35.000000 -115.000000 75.000000
397.236060 -335.000000 175.000000 -55.000000
397.239688 -235.000000 365.000000 -5.000000
397.259968 355.000000 345.000000 15.000000
397.343190 185.000000 -175.000000 85.000000
397.394085 165.000000 355.000000 25.000000
397.413820 -25.000000 355.000000 85.000000
397.416069 -355.000000 -125.000000 -15.000000
397.436799 -45.000000 305.000000 15.000000
397.466226 -205.000000 375.000000 15.000000
397.500219 -315.000000 -375.000000 -15.000000
397.519567 325.000000 -395.000000 25.000000
397.565507 -405.000000 -115.000000 -55.000000
397.660081 55.000000 -265.000000 5.000000
397.875383 -335.000000 -75.000000 55.000000
397.954584 275.000000 -55.000000 -35.000000
397.963458 -65.000000 -35.000000 95.000000
397.967901 365.000000 435.000000 85.000000
398.052401 -115.000000 365.000000 75.000000
398.078832 65.000000 -375.000000 25.000000
398.098608 -245.000000 365.000000 -15.000000
398.194355 -55.000000 -235.000000 -65.000000
398.224844 95.000000 455.000000 15.000000
398.233713 -255.000000 355.000000 35.000000
398.330985 105.000000 65.000000 95.000000
398.334769 -395.000000 405.000000 -25.000000
398.389225 -225.000000 -65.000000 -85.000000
398.401342 -275.000000 -185.000000 -45.000000
398.427126 -305.000000 345.000000 -65.000000
398.450008 315.000000 -125.000000 65.000000
398.511532 275.000000 415.000000 -75.000000
398.528318 -55.000000 155.000000 -55.000000
398.718668 -385.000000 115.000000 75.000000
398.792377 -345.000000 -365.000000 45.000000
398.832323 -175.000000 415.000000 95.000000
398.836294 65.000000 75.000000 -75.000000
398.891909 115.000000 425.000000 55.000000
398.908667 115.000000 15.000000 -55.000000
399.044840 365.000000 -235.000000 -5.000000
399.052576 85.000000 -225.000000 45.000000
399.056976 425.000000 245.000000 -75.000000
399.057099 -25.000000 -145.000000 -55.000000
399.069608 -5.000000 305.000000 5.000000
399.083721 315.000000 -425.000000 95.000000
399.131743 -455.000000 335.000000 25.000000
399.198407 325.000000 235.000000 -45.000000
399.212391 195.000000 295.000000 25.000000
399.325519 235.000000 -55.000000 -55.000000
399.402495 -375.000000 -155.000000 85.000000
399.440492 125.000000 295.000000 75.000000
399.526023 -295.000000 285.000000 5.000000
399.546556 105.000000 165.000000 15.000000
399.700282 105.000000 -95.000000 85.000000
399.747117 145.000000 -105.000000 65.000000
399.767676 175.000000 -25.000000 95.000000
399.815657 15.000000 -85.000000 -25.000000
399.827418 85.000000 -105.000000 5.000000
399.856884 -105.000000 -195.000000 -35.000000
399.871278 -415.000000 -415.000000 -55.000000
399.900812 185.000000 335.000000 85.000000
399.943280 -205.000000 -75.000000 -15.000000
399.943354 -265.000000 -425.000000 -25.000000
399.956884 -185.000000 55.000000 -65.000000
399.996215 -115.000000 165.000000 45.000000
400.192647 105.000000 255.000000 -55.000000
400.243745 45.000000 -115.000000 75.000000
400.361732 155.000000 255.000000 -65.000000
400.366557 355.000000 95.000000 45.000000
400.396745 -215.000000 -95.000000 35.000000
400.410688 285.000000 -125.000000 -45.000000
400.417999 445.000000 -355.000000 45.000000
400.452416 55.000000 335.000000 15.000000
400.529717 405.000000 -25.000000 -15.000000
400.564964 315.000000 285.000000 65.000000
400.609806 -265.000000 435.000000 55.000000
400.644163 -285.000000 215.000000 -25.000000
400.710361 395.000000 175.000000 85.000000
400.892132 225.000000 425.000000 5.000000
400.935338 225.000000 -275.000000 35.000000
400.953311 125.000000 355.000000 45.000000
400.977649 435.000000 435.000000 85.000000
401.022395 -95.000000 -205.000000 -15.000000
401.166334 45.000000 325.000000 15.000000
401.178945 -15.000000 -435.000000 -75.000000
401.223563 165.000000 35.000000 15.000000
401.252415 435.000000 -425.000000 -65.000000
401.281939 -335.000000 85.000000 105.000000
401.295502 385.000000 -335.000000 45.000000
401.301727 175.000000 -105.000000 45.000000
401.341885 -15.000000 -275.000000 -85.000000
401.385449 -335.000000 335.000000 -45.000000
401.618804 335.000000 455.000000 -65.000000
401.635727 355.000000 -255.000000 85.000000
401.673147 -175.000000 -385.000000 65.000000
401.751740 95.000000 225.000000 -45.000000
401.754997 -15.000000 455.000000 -35.000000
401.815022 255.000000 175.000000 -5.000000
401.893907 -275.000000 85.000000 -75.000000
401.901828 95.000000 185.000000 15.000000
401.932276 -355.000000 55.000000 45.000000
401.944390 225.000000 -365.000000 -75.000000
401.984703 -335.000000 -225.000000 -75.000000
402.001937 -305.000000 -255.000000 35.000000
402.076009 205.000000 -165.000000 -5.000000
402.094928 -385.000000 -425.000000 95.000000
402.258801 -335.000000 415.000000 -75.000000
402.487002 415.000000 275.000000 65.000000
402.560858 -385.000000 245.000000 25.000000
402.575323 -195.000000 -315.000000 -35.000000
402.615645 435.000000 -245.000000 45.000000
402.696268 -215.000000 215.000000 15.000000
402.720222 -175.000000 45.000000 -35.000000
402.992071 -425.000000 -385.000000 -5.000000
403.098185 65.000000 205.000000 15.000000
403.201677 245.000000 -145.000000 65.000000
403.255877 -425.000000 -115.000000 -25.000000
403.374064 -385.000000 -275.000000 -55.000000
403.381188 415.000000 -205.000000 85.000000
403.445738 -45.000000 45.000000 -45.000000
403.461422 -315.000000 -415.000000 5.000000
403.527683 -215.000000 375.000000 55.000000
403.695168 365.000000 195.000000 -5.000000
403.710822 -425.000000 325.000000 -5.000000
403.770618 -25.000000 -405.000000 15.000000
403.772387 -55.000000 -75.000000 15.000000
403.864678 85.000000 -5.000000 -85.000000
403.888271 -165.000000 -65.000000 -65.000000
403.935241 -255.000000 215.000000 55.000000
404.013494 -155.000000 385.000000 75.000000
404.057756 335.000000 -175.000000 75.000000
404.193031 185.000000 -55.000000 15.000000
404.217217 -305.000000 25.000000 55.000000
404.225534 145.000000 75.000000 95.000000
404.225844 -115.000000 75.000000 55.000000
404.341271 255.000000 -25.000000 -75.000000
404.368014 265.000000 -445.000000 -75.000000
404.413693 145.000000 -45.000000 15.000000
404.452793 205.000000 -305.000000 95.000000
404.483414 -75.000000 175.000000 -25.000000
404.529895 155.000000 425.000000 -65.000000
404.554494 95.000000 145.000000 55.000000
404.606868 -175.000000 -425.000000 25.000000
404.622615 -255.000000 -395.000000 105.000000
404.828452 -245.000000 95.000000 -95.000000
404.836717 265.000000 -255.000000 45.000000
404.904016 -175.000000 -245.000000 -65.000000
404.930908 115.000000 435.000000 -15.000000
404.936732 -55.000000 5.000000 -15.000000
404.979711 -45.000000 -225.000000 55.000000
405.030705 -435.000000 235.000000 65.000000
405.038092 205.000000 185.000000 85.000000
405.097563 335.000000 185.000000 65.000000
405.113881 -425.000000 385.000000 5.000000
405.132615 -65.000000 -425.000000 -65.000000
405.144107 -195.000000 -305.000000 -95.000000
405.145495 -225.000000 -305.000000 -5.000000
405.211247 -115.000000 95.000000 -45.000000
405.244087 165.000000 265.000000 65.000000
405.244675 315.000000 415.000000 85.000000
405.248027 365.000000 -55.000000 -35.000000
405.368595 45.000000 -145.000000 55.000000
405.400795 275.000000 115.000000 55.000000
405.505012 -95.000000 5.000000 -45.000000
405.568966 125.000000 -135.000000 -25.000000
405.594306 -105.000000 -125.000000 35.000000
405.608049 385.000000 -265.000000 15.000000
405.648407 -45.000000 -225.000000 -75.000000
405.825832 -105.000000 235.000000 5.000000
405.852260 -85.000000 -415.000000 15.000000
405.921851 225.000000 -145.000000 -45.000000
405.930930 -385.000000 15.000000 -55.000000
405.952177 -425.000000 35.000000 -75.000000
405.975192 -415.000000 125.000000 75.000000
406.032149 -135.000000 65.000000 -55.000000
406.112024 15.000000 235.000000 -55.000000
406.130862 425.000000 55.000000 -15.000000
406.272459 -225.000000 -135.000000 55.000000
406.289145 105.000000 155.000000 -95.000000
406.289736 -155.000000 -155.000000 -55.000000
406.303793 -175.000000 -325.000000 5.000000
406.373937 255.000000 415.000000 -75.000000
406.478004 115.000000 -265.000000 35.000000
406.487344 155.000000 345.000000 -15.000000
406.512385 105.000000 105.000000 85.000000
406.602098 -205.000000 395.000000 95.000000
406.623127 -65.000000 -435.000000 75.000000
406.627133 235.000000 -15.000000 45.000000
406.691545 395.000000 -265.000000 -35.000000
406.774036 155.000000 135.000000 -25.000000
406.796462 375.000000 -235.000000 -65.000000
406.832505 -435.000000 -315.000000 5.000000
406.840616 185.000000 285.000000 -45.000000
406.841720 265.000000 -5.000000 -45.000000
406.859321 -285.000000 225.000000 85.000000
406.883553 345.000000 -265.000000 -25.000000
406.941857 -135.000000 -385.000000 55.000000
407.074986 305.000000 255.000000 75.000000
407.096900 -405.000000 -275.000000 35.000000
407.162430 -225.000000 225.000000 75.000000
407.215934 415.000000 85.000000 -5.000000
407.238363 105.000000 445.000000 5.000000
407.244689 75.000000 -285.000000 55.000000
407.292730 5.000000 -35.000000 15.000000
407.294639 -135.000000 205.000000 55.000000
407.336097 275.000000 395.000000 105.000000
407.343916 305.000000 -85.000000 65.000000
407.363161 -275.000000 -225.000000 25.000000
407.385067 295.000000 425.000000 25.000000
407.411676 -385.000000 -405.000000 75.000000
407.597249 -295.000000 345.000000 -25.000000
407.615766 235.000000 -135.000000 -45.000000
407.641952 25.000000 65.000000 -25.000000
407.651883 -325.000000 -55.000000 -55.000000
407.705470 -15.000000 -245.000000 85.000000
407.708032 155.000000 -165.000000 -5.000000
407.748335 165.000000 405.000000 105.000000
407.749947 -365.000000 -45.000000 35.000000
407.792127 -245.000000 95.000000 15.000000
407.799566 -195.000000 75.000000 -65.000000
407.819263 -315.000000 435.000000 15.000000
407.833986 -405.000000 355.000000 -55.000000
408.047541 -115.000000 35.000000 15.000000
408.122714 -45.000000 105.000000 75.000000
408.134712 215.000000 -185.000000 75.000000
408.240319 395.000000 145.000000 35.000000
408.254379 -205.000000 -75.000000 -5.000000
408.305566 -205.000000 -235.000000 25.000000
408.317267 -265.000000 165.000000 -15.000000
408.335646 55.000000 -105.000000 5.000000
408.422119 75.000000 375.000000 75.000000
408.424239 245.000000 -35.000000 -75.000000
408.509361 35.000000 25.000000 65.000000
408.626178 -165.000000 215.000000 -45.000000
408.649091 115.000000 45.000000 -25.000000
408.664420 -345.000000 255.000000 -25.000000
408.720895 65.000000 365.000000 45.000000
408.731029 265.000000 -155.000000 -25.000000
408.744330 -35.000000 345.000000 -55.000000
408.756966 -415.000000 435.000000 105.000000
408.807399 -405.000000 245.000000 -65.000000
408.808853 425.000000 -375.000000 45.000000
408.810349 395.000000 65.000000 35.000000
408.815959 295.000000 215.000000 -75.000000
408.929181 445.000000 5.000000 -75.000000
408.992526 -405.000000 35.000000 25.000000
408.999376 175.000000 115.000000 -5.000000
409.039607 -295.000000 -355.000000 5.000000
409.057496 -285.000000 45.000000 35.000000
409.080651 355.000000 5.000000 25.000000
409.149537 -145.000000 125.000000 -35.000000
409.204177 -75.000000 -285.000000 95.000000
409.288053 -35.000000 -15.000000 95.000000
409.314019 -45.000000 -135.000000 65.000000
409.397459 295.000000 265.000000 5.000000
409.455504 -385.000000 375.000000 15.000000
409.527314 95.000000 -435.000000 45.000000
409.551860 205.000000 -25.000000 -35.000000
409.653995 135.000000 5.000000 75.000000
409.735045 155.000000 395.000000 -85.000000
409.803877 325.000000 65.000000 15.000000
409.865791 -175.000000 195.000000 -45.000000
409.916756 -335.000000 25.000000 25.000000
410.067620 435.000000 215.000000 5.000000
410.075975 -125.000000 -85.000000 105.000000
410.108948 415.000000 315.000000 -5.000000
410.301118 -355.000000 -345.000000 -35.000000
410.302307 -365.000000 -185.000000 -45.000000
410.572594 65.000000 -105.000000 45.000000
410.574270 -65.000000 -125.000000 85.000000
410.582206 -65.000000 265.000000 -5.000000
410.591066 -135.000000 55.000000 75.000000
410.602453 315.000000 -385.000000 95.000000
410.618236 -155.000000 -45.000000 75.000000
410.663752 385.000000 345.000000 95.000000
410.671848 325.000000 -95.000000 35.000000
410.681935 -305.000000 -435.000000 45.000000
410.687377 5.000000 175.000000 -15.000000
410.744931 355.000000 245.000000 -65.000000
410.771327 -345.000000 -345.000000 25.000000
410.786279 -95.000000 -305.000000 95.000000
410.797761 55.000000 95.000000 85.000000
410.905319 185.000000 85.000000 -55.000000
410.905525 75.000000 35.000000 45.000000
411.019867 35.000000 -65.000000 85.000000
411.110160 295.000000 -395.000000 -55.000000
411.139186 -245.000000 75.000000 -45.000000
411.183672 255.000000 -35.000000 -5.000000
411.313334 55.000000 75.000000 -55.000000
411.448846 305.000000 155.000000 15.000000
411.456978 -145.000000 75.000000 15.000000
411.532994 -275.000000 -435.000000 75.000000
411.563381 -185.000000 235.000000 -15.000000
411.572081 25.000000 75.000000 -95.000000
411.629461 -265.000000 285.000000 45.000000
411.744597 445.000000 185.000000 45.000000
411.752380 245.000000 -215.000000 25.000000
411.783413 -25.000000 335.000000 -35.000000
411.816579 405.000000 405.000000 95.000000
411.828178 -35.000000 -355.000000 -15.000000
411.841002 -35.000000 425.000000 -5.000000
411.858079 -385.000000 -125.000000 5.000000
411.912726 105.000000 335.000000 -65.000000
411.919575 435.000000 -215.000000 -85.000000
412.041000 445.000000 405.000000 45.000000
412.045738 -115.000000 -245.000000 -55.000000
412.131630 -245.000000 395.000000 -65.000000
412.281839 365.000000 285.000000 15.000000
412.349041 -255.000000 195.000000 25.000000
412.372986 -235.000000 195.000000 75.000000
412.413244 -335.000000 185.000000 -25.000000
412.414548 445.000000 -55.000000 5.000000
412.484005 155.000000 -455.000000 55.000000
412.497737 -35.000000 -35.000000 -35.000000
412.537779 -125.000000 -325.000000 -55.000000
412.539531 405.000000 55.000000 -55.000000
412.598360 355.000000 295.000000 -25.000000
412.603007 -215.000000 -125.000000 -5.000000
412.626297 195.000000 265.000000 -25.000000
412.708525 145.000000 -195.000000 -85.000000
412.708774 5.000000 -225.000000 25.000000
412.759902 -75.000000 415.000000 95.000000
412.815587 -135.000000 25.000000 -15.000000
412.908714 -75.000000 65.000000 -85.000000
412.920494 45.000000 -345.000000 -55.000000
412.947850 365.000000 -455.000000 95.000000
412.996015 -315.000000 255.000000 -35.000000
412.998341 65.000000 -235.000000 45.000000
413.055494 365.000000 35.000000 85.000000
413.087045 -85.000000 -205.000000 15.000000
413.116463 415.000000 445.000000 95.000000
413.116661 -165.000000 385.000000 45.000000
413.241889 275.000000 -215.000000 -5.000000
413.276991 25.000000 435.000000 45.000000
413.297170 -55.000000 -185.000000 5.000000
413.358438 85.000000 455.000000 15.000000
413.444554 -265.000000 265.000000 35.000000
413.538326 445.000000 -235.000000 45.000000
413.568819 315.000000 -185.000000 105.000000
413.591159 -85.000000 295.000000 15.000000
413.599643 -275.000000 -5.000000 25.000000
413.619376 -315.000000 -265.000000 -5.000000
413.697325 -155.000000 155.000000 95.000000
413.777112 185.000000 425.000000 -5.000000
413.883357 365.000000 15.000000 -5.000000
413.906748 115.000000 -95.000000 -65.000000
413.933605 -75.000000 165.000000 25.000000
413.960821 45.000000 -425.000000 -75.000000
413.960946 -185.000000 -175.000000 -25.000000
413.980674 -65.000000 -375.000000 75.000000
413.993455 -75.000000 -35.000000 85.000000
414.020641 255.000000 -205.000000 5.000000
414.142352 95.000000 -265.000000 -55.000000
414.225329 255.000000 455.000000 45.000000
414.281932 -185.000000 205.000000 75.000000
414.315230 -65.000000 -365.000000 15.000000
414.498822 95.000000 165.000000 -75.000000
414.504870 -365.000000 415.000000 -45.000000
414.549100 265.000000 435.000000 -55.000000
414.628293 -45.000000 -425.000000 65.000000
414.701654 -235.000000 -105.000000 35.000000
414.741074 -285.000000 55.000000 -5.000000
414.804389 255.000000 275.000000 -85.000000
414.855253 -95.000000 455.000000 25.000000
414.900260 215.000000 15.000000 -5.000000
414.911018 245.000000 -245.000000 65.000000
414.924770 65.000000 35.000000 35.000000
414.983346 -445.000000 -235.000000 55.000000
415.113000 275.000000 -445.000000 -95.000000
415.136130 -55.000000 85.000000 15.000000
415.146693 315.000000 -445.000000 5.000000
415.155453 -435.000000 -185.000000 105.000000
415.172084 75.000000 -135.000000 105.000000
415.180068 -305.000000 415.000000 -5.000000
415.227504 -435.000000 445.000000 5.000000
415.263808 -335.000000 185.000000 -25.000000
415.291981 455.000000 235.000000 75.000000
415.328551 115.000000 385.000000 -25.000000
415.338062 -105.000000 -225.000000 -85.000000
415.373746 -345.000000 -115.000000 -75.000000
415.391599 -165.000000 455.000000 -75.000000
415.462979 45.000000 -335.000000 -65.000000
415.484730 -245.000000 -235.000000 5.000000
415.520676 75.000000 -105.000000 25.000000
415.589685 -265.000000 175.000000 -95.000000
415.601320 -445.000000 -95.000000 95.000000
415.607857 -275.000000 365.000000 55.000000
415.668761 345.000000 -445.000000 85.000000
415.689710 45.000000 -325.000000 -45.000000
415.752431 -345.000000 -185.000000 85.000000
415.802447 -135.000000 -295.000000 -45.000000
415.860865 -365.000000 -185.000000 45.000000
415.881703 -255.000000 355.000000 5.000000
415.903677 285.000000 225.000000 5.000000
415.909586 255.000000 -365.000000 -75.000000
416.017672 -95.000000 -295.000000 65.000000
416.054866 415.000000 125.000000 25.000000
416.070644 325.000000 355.000000 15.000000
416.142718 245.000000 75.000000 45.000000
416.262229 -375.000000 -345.000000 55.000000
416.304260 -365.000000 -135.000000 5.000000
416.355132 -285.000000 215.000000 -25.000000
416.387982 455.000000 -95.000000 -45.000000
416.413894 315.000000 385.000000 -55.000000
416.415476 395.000000 165.000000 75.000000
416.424106 -175.000000 -335.000000 -75.000000
416.473246 -395.000000 145.000000 -55.000000
416.493761 185.000000 355.000000 -85.000000
416.590109 345.000000 375.000000 5.000000
416.610221 -365.000000 -135.000000 -35.000000
416.611333 145.000000 205.000000 25.000000
416.618832 445.000000 145.000000 -65.000000
416.627874 -235.000000 -65.000000 35.000000
416.677509 175.000000 -165.000000 45.000000
416.704057 -125.000000 -385.000000 -25.000000
416.761129 365.000000 -405.000000 -45.000000
416.799288 -365.000000 215.000000 5.000000
416.856883 -155.000000 -335.000000 -55.000000
416.883159 395.000000 -165.000000 55.000000
416.888050 445.000000 55.000000 -95.000000
416.927771 175.000000 -195.000000 95.000000
416.993420 345.000000 275.000000 -55.000000
417.022894 415.000000 -5.000000 85.000000
417.027426 -235.000000 -355.000000 -15.000000
417.105355 145.000000 115.000000 -35.000000
417.172829 225.000000 -245.000000 95.000000
417.189702 -365.000000 375.000000 55.000000
417.191162 435.000000 235.000000 -35.000000
417.226229 175.000000 325.000000 -55.000000
417.251037 335.000000 -375.000000 15.000000
417.268840 -445.000000 -185.000000 75.000000
417.295915 245.000000 -85.000000 25.000000
417.352062 255.000000 395.000000 15.000000
417.469357 85.000000 -175.000000 15.000000
417.501061 -125.000000 425.000000 -35.000000
417.548030 -95.000000 275.000000 65.000000
417.581423 -255.000000 -215.000000 55.000000
417.661688 135.000000 -395.000000 35.000000
417.704745 185.000000 -175.000000 75.000000
417.761455 -335.000000 -455.000000 5.000000
417.777026 -155.000000 -405.000000 25.000000
417.795496 55.000000 335.000000 -65.000000
417.817662 135.000000 -125.000000 55.000000
417.870155 -145.000000 -265.000000 -35.000000
417.889403 -405.000000 -45.000000 75.000000
417.913135 -295.000000 -125.000000 -25.000000
418.006134 215.000000 -145.000000 -55.000000
418.070813 295.000000 95.000000 35.000000
418.080459 155.000000 445.000000 15.000000
418.474761 425.000000 135.000000 35.000000
418.564789 165.000000 225.000000 85.000000
418.590362 435.000000 215.000000 -55.000000
418.591469 435.000000 -225.000000 5.000000
418.659094 -375.000000 -445.000000 75.000000
418.699764 -145.000000 145.000000 -45.000000
418.713777 275.000000 -435.000000 -65.000000
418.748014 -125.000000 -185.000000 15.000000
418.773816 -45.000000 195.000000 -75.000000
418.773915 205.000000 245.000000 -15.000000
418.780669 -135.000000 395.000000 105.000000
418.861232 -15.000000 375.000000 -85.000000
418.877646 -395.000000 -45.000000 15.000000
419.000706 -245.000000 -255.000000 -35.000000
419.012349 445.000000 15.000000 -45.000000
419.216745 135.000000 65.000000 85.000000
419.309629 -155.000000 325.000000 65.000000
419.339903 135.000000 275.000000 55.000000
419.447175 -215.000000 -305.000000 105.000000
419.472728 -185.000000 -325.000000 55.000000
419.618916 -245.000000 205.000000 -65.000000
419.649231 5.000000 165.000000 -85.000000
419.761396 -245.000000 -415.000000 -45.000000
419.771568 -175.000000 65.000000 35.000000
419.815181 365.000000 -355.000000 -95.000000
419.892554 265.000000 -175.000000 65.000000
419.952958 205.000000 115.000000 -75.000000
420.018056 435.000000 -375.000000 95.000000
420.096600 365.000000 -435.000000 -35.000000
420.118763 -15.000000 275.000000 -75.000000
420.119292 -365.000000 -45.000000 15.000000
420.199473 -125.000000 -145.000000 -85.000000
420.290860 -25.000000 375.000000 -45.000000
420.350822 -145.000000 425.000000 -5.000000
420.355825 -375.000000 65.000000 -85.000000
420.387390 -415.000000 -135.000000 75.000000
420.405756 -185.000000 335.000000 75.000000
420.488221 195.000000 -415.000000 -35.000000
420.563814 -295.000000 -175.000000 75.000000
420.588741 45.000000 405.000000 45.000000
420.642757 275.000000 245.000000 -35.000000
420.684835 335.000000 -125.000000 5.000000
421.038017 245.000000 -145.000000 15.000000
421.054193 -365.000000 -265.000000 95.000000
421.061423 95.000000 295.000000 85.000000
421.101355 135.000000 365.000000 45.000000
421.156816 275.000000 -215.000000 -85.000000
421.199019 95.000000 145.000000 -45.000000
421.220695 -335.000000 305.000000 15.000000
421.231169 -25.000000 -215.000000 25.000000
421.248006 365.000000 -145.000000 -95.000000
421.316190 345.000000 285.000000 -55.000000
421.326476 165.000000 -265.000000 55.000000
421.340437 415.000000 -335.000000 -45.000000
421.372782 -415.000000 -225.000000 85.000000
421.385839 25.000000 215.000000 95.000000
421.460920 35.000000 405.000000 55.000000
421.507571 -45.000000 105.000000 45.000000
421.607885 55.000000 55.000000 -85.000000
421.645896 45.000000 265.000000 -55.000000
421.660877 205.000000 -265.000000 85.000000
421.685175 145.000000 205.000000 -65.000000
421.735138 -445.000000 45.000000 15.000000
421.756696 -5.000000 -105.000000 65.000000
421.792933 245.000000 -415.000000 -95.000000
421.862072 -205.000000 305.000000 65.000000
421.887602 -85.000000 -425.000000 -5.000000
421.893649 125.000000 405.000000 -5.000000
421.913141 -245.000000 285.000000 15.000000
421.966246 365.000000 -95.000000 -5.000000
421.973092 -435.000000 185.000000 -55.000000
421.987159 -355.000000 275.000000 -25.000000
421.998120 5.000000 355.000000 25.000000
421.999401 395.000000 355.000000 45.000000
422.092270 305.000000 -75.000000 25.000000
422.099777 215.000000 305.000000 -5.000000
422.105933 415.000000 25.000000 -65.000000
422.115710 -175.000000 -445.000000 -55.000000
422.148782 215.000000 -95.000000 65.000000
422.191443 315.000000 -245.000000 -25.000000
422.222555 -75.000000 145.000000 75.000000
422.245035 -225.000000 65.000000 -5.000000
422.279079 325.000000 -225.000000 85.000000
422.304051 285.000000 -405.000000 -5.000000
422.417896 -125.000000 135.000000 -55.000000
422.451860 55.000000 195.000000 -15.000000
422.469011 95.000000 425.000000 -65.000000
422.538469 15.000000 195.000000 95.000000
422.559937 125.000000 -405.000000 55.000000
422.637385 165.000000 -315.000000 -5.000000
422.707561 -155.000000 255.000000 15.000000
422.721476 -165.000000 35.000000 25.000000
422.798085 135.000000 -285.000000 15.000000
422.801860 355.000000 -35.000000 45.000000
422.830906 -5.000000 435.000000 75.000000
422.844397 55.000000 225.000000 35.000000
422.851413 145.000000 -55.000000 -65.000000
422.871604 325.000000 -425.000000 65.000000
422.904568 5.000000 415.000000 25.000000
422.980028 -385.000000 -135.000000 5.000000
423.012895 -55.000000 415.000000 5.000000
423.057811 -25.000000 -55.000000 -75.000000
423.061627 315.000000 -15.000000 15.000000
423.078397 45.000000 235.000000 -55.000000
423.087789 -335.000000 -265.000000 25.000000
423.098002 -205.000000 325.000000 85.000000
423.099637 195.000000 155.000000 15.000000
423.176260 55.000000 185.000000 35.000000
423.185796 135.000000 105.000000 85.000000
423.258723 -215.000000 135.000000 -25.000000
423.302006 -345.000000 -185.000000 45.000000
423.336365 -355.000000 -235.000000 -25.000000
423.371684 -225.000000 345.000000 25.000000
423.453157 425.000000 5.000000 105.000000
423.562865 215.000000 -115.000000 -25.000000
423.576335 45.000000 335.000000 -75.000000
423.676503 225.000000 -245.000000 15.000000
423.714679 235.000000 -405.000000 95.000000
423.743210 -5.000000 335.000000 -45.000000
423.833763 55.000000 -395.000000 -65.000000
423.865320 175.000000 285.000000 25.000000
423.877108 -435.000000 -35.000000 25.000000
423.889088 15.000000 85.000000 -15.000000
423.898952 385.000000 -215.000000 5.000000
423.991622 -195.000000 265.000000 -5.000000
424.017264 -405.000000 65.000000 -75.000000
424.033197 185.000000 245.000000 95.000000
424.115467 85.000000 -95.000000 35.000000
424.182889 -445.000000 425.000000 45.000000
424.284147 105.000000 -365.000000 -85.000000
424.373272 -195.000000 255.000000 65.000000
424.384513 115.000000 365.000000 -65.000000
424.392328 65.000000 -45.000000 -75.000000
424.440191 205.000000 -145.000000 65.000000
424.606847 85.000000 235.000000 55.000000
424.668001 -415.000000 55.000000 35.000000
424.823528 425.000000 185.000000 -85.000000
424.879395 345.000000 5.000000 65.000000
424.879489 275.000000 -65.000000 25.000000
424.912895 -415.000000 -265.000000 105.000000
425.004781 285.000000 -375.000000 -75.000000
425.012705 225.000000 375.000000 -5.000000
425.084614 -205.000000 225.000000 -15.000000
425.156655 245.000000 -145.000000 -55.000000
425.165603 425.000000 -45.000000 25.000000
425.211056 -95.000000 -355.000000 5.000000
425.228198 375.000000 -245.000000 -75.000000
425.261539 325.000000 -325.000000 -5.000000
425.308597 -135.000000 -415.000000 95.000000
425.320637 335.000000 -125.000000 -15.000000
425.338244 85.000000 355.000000 85.000000
425.375433 -265.000000 -265.000000 -35.000000
425.410743 405.000000 315.000000 -25.000000
425.536845 135.000000 -315.000000 45.000000
425.620171 -115.000000 55.000000 -55.000000
425.678401 -255.000000 -455.000000 -15.000000
425.694405 85.000000 365.000000 15.000000
425.726999 15.000000 305.000000 -35.000000
425.728098 -265.000000 95.000000 -85.000000
425.764389 -75.000000 445.000000 85.000000
425.779442 215.000000 -225.000000 -5.000000
425.789348 -5.000000 295.000000 55.000000
425.837063 -15.000000 -425.000000 -85.000000
425.838201 5.000000 175.000000 85.000000
425.884844 95.000000 -325.000000 -75.000000
425.977230 155.000000 185.000000 -85.000000
426.072008 -15.000000 -45.000000 105.000000
426.104832 35.000000 -45.000000 95.000000
426.108482 5.000000 105.000000 -15.000000
426.115434 -325.000000 -445.000000 -55.000000
426.137201 -185.000000 -65.000000 -65.000000
426.176434 225.000000 -445.000000 5.000000
426.216816 -295.000000 125.000000 -95.000000
426.216865 -325.000000 375.000000 -15.000000
426.270815 145.000000 125.000000 25.000000
426.299379 245.000000 155.000000 45.000000
426.313885 -175.000000 125.000000 -25.000000
426.396340 405.000000 265.000000 75.000000
426.422784 -335.000000 -265.000000 -45.000000
426.492702 155.000000 -445.000000 105.000000
426.502388 -35.000000 -205.000000 85.000000
426.545815 255.000000 -75.000000 -25.000000
426.590176 -265.000000 205.000000 -45.000000
426.677097 -255.000000 -245.000000 95.000000
426.694920 135.000000 55.000000 35.000000
426.726158 65.000000 -395.000000 45.000000
426.747549 -105.000000 325.000000 45.000000
426.822122 -405.000000 245.000000 5.000000
426.847316 -445.000000 395.000000 -5.000000
426.870949 -75.000000 -235.000000 35.000000
426.917016 -335.000000 -105.000000 -65.000000
426.986767 -425.000000 315.000000 45.000000
427.006799 -365.000000 -235.000000 55.000000
427.249484 -345.000000 405.000000 25.000000
427.288243 25.000000 415.000000 25.000000
427.328723 -105.000000 155.000000 -55.000000
427.389003 -295.000000 145.000000 55.000000
427.466216 135.000000 385.000000 -5.000000
427.502970 -325.000000 -215.000000 35.000000
427.534392 75.000000 -215.000000 -5.000000
427.589729 -95.000000 65.000000 -55.000000
427.600457 -265.000000 -205.000000 45.000000
427.700980 215.000000 435.000000 -25.000000
427.701648 -205.000000 115.000000 45.000000
427.703143 125.000000 405.000000 65.000000
427.707087 365.000000 5.000000 -65.000000
427.866597 165.000000 -395.000000 5.000000
427.867694 195.000000 15.000000 -25.000000
427.956744 -315.000000 415.000000 -95.000000
427.997209 115.000000 45.000000 15.000000
427.999824 285.000000 -385.000000 -45.000000
428.076378 -245.000000 455.000000 -65.000000
428.086797 -285.000000 325.000000 65.000000
428.132731 15.000000 435.000000 65.000000
428.227282 35.000000 85.000000 95.000000
428.392220 -345.000000 -45.000000 5.000000
428.405812 -295.000000 215.000000 -15.000000
428.422138 35.000000 275.000000 5.000000
428.451554 225.000000 -345.000000 -65.000000
428.462508 -205.000000 235.000000 95.000000
428.510325 85.000000 95.000000 35.000000
428.575185 -335.000000 65.000000 55.000000
428.649644 15.000000 435.000000 25.000000
428.656913 225.000000 245.000000 65.000000
428.938341 225.000000 -45.000000 -25.000000
428.965247 155.000000 -325.000000 95.000000
429.053018 315.000000 -15.000000 85.000000
429.095472 -155.000000 -45.000000 45.000000
429.109161 335.000000 -225.000000 -95.000000
429.165813 -115.000000 405.000000 -45.000000
429.170008 -155.000000 325.000000 -55.000000
429.190140 -115.000000 -15.000000 -35.000000
429.254596 375.000000 -165.000000 -55.000000
429.276626 275.000000 -75.000000 75.000000
429.302896 425.000000 125.000000 -5.000000
429.319561 -365.000000 -125.000000 -95.000000
429.354236 415.000000 -345.000000 -25.000000
429.423899 445.000000 355.000000 45.000000
429.429542 165.000000 355.000000 35.000000
429.432179 -55.000000 -315.000000 65.000000
429.433111 245.000000 85.000000 -85.000000
429.549924 355.000000 425.000000 -5.000000
429.633505 -425.000000 275.000000 -35.000000
429.848857 -335.000000 -145.000000 -15.000000
429.875249 -155.000000 -315.000000 5.000000
429.913931 -385.000000 365.000000 5.000000
430.016741 35.000000 -305.000000 35.000000
430.066936 255.000000 -395.000000 25.000000
430.103070 -265.000000 115.000000 -35.000000
430.157279 -355.000000 215.000000 -65.000000
430.159565 355.000000 325.000000 -55.000000
430.176009 65.000000 255.000000 -55.000000
430.183907 155.000000 315.000000 -75.000000
430.204221 425.000000 45.000000 -15.000000
430.213192 405.000000 -145.000000 65.000000
430.238693 405.000000 365.000000 45.000000
430.271196 275.000000 -325.000000 35.000000
430.297442 95.000000 -225.000000 -95.000000
430.343834 -365.000000 145.000000 -25.000000
430.351959 45.000000 -205.000000 85.000000
430.458283 355.000000 165.000000 -75.000000
430.557217 -5.000000 -405.000000 25.000000
430.571878 75.000000 385.000000 105.000000
430.621375 -295.000000 -365.000000 -45.000000
430.652473 -115.000000 15.000000 -45.000000
430.663786 205.000000 85.000000 15.000000
430.672063 195.000000 305.000000 -45.000000
430.674740 -75.000000 -395.000000 -55.000000
430.923843 -455.000000 -285.000000 25.000000
430.949070 165.000000 -45.000000 -55.000000
430.951524 125.000000 -5.000000 -25.000000
431.016712 -125.000000 395.000000 -95.000000
431.089767 235.000000 -225.000000 75.000000
431.159781 -125.000000 -425.000000 75.000000
431.186322 225.000000 -135.000000 -15.000000
431.259359 275.000000 -305.000000 -35.000000
431.277606 -95.000000 -305.000000 -65.000000
431.393164 335.000000 -195.000000 5.000000
431.421614 -145.000000 395.000000 -25.000000
431.426511 285.000000 425.000000 -25.000000
431.456702 -235.000000 65.000000 5.000000
431.591275 -85.000000 -425.000000 35.000000
431.688128 -275.000000 -195.000000 65.000000
431.802991 185.000000 175.000000 -85.000000
431.804943 -215.000000 295.000000 5.000000
431.938064 -15.000000 -205.000000 -35.000000
432.097572 395.000000 15.000000 -25.000000
432.122269 -395.000000 55.000000 5.000000
432.143253 145.000000 -445.000000 105.000000
432.263278 -75.000000 135.000000 75.000000
432.266328 405.000000 -15.000000 65.000000
432.266561 -275.000000 235.000000 -25.000000
432.279122 45.000000 205.000000 75.000000
432.317730 115.000000 45.000000 -5.000000
432.323997 145.000000 425.000000 -35.000000
432.328836 -5.000000 95.000000 55.000000
432.373909 425.000000 -165.000000 -25.000000
432.376118 -135.000000 455.000000 5.000000
432.390174 -175.000000 245.000000 45.000000
432.428216 -275.000000 185.000000 55.000000
432.434453 -305.000000 -145.000000 -95.000000
432.531001 -275.000000 155.000000 25.000000
432.622160 335.000000 -285.000000 -65.000000
432.757356 295.000000 315.000000 -65.000000
432.782911 395.000000 115.000000 -15.000000
432.801001 305.000000 -435.000000 25.000000
432.819571 -15.000000 145.000000 35.000000
432.846285 -185.000000 -255.000000 45.000000
432.905654 -155.000000 435.000000 -75.000000
432.967045 395.000000 -255.000000 -85.000000
432.979653 375.000000 -5.000000 -75.000000
433.007184 -435.000000 5.000000 -35.000000
433.061720 375.000000 415.000000 45.000000
433.143221 235.000000 -385.000000 75.000000
433.251913 435.000000 455.000000 15.000000
433.324861 -425.000000 85.000000 65.000000
433.352572 -285.000000 115.000000 75.000000
433.355478 325.000000 -415.000000 -25.000000
433.361265 -5.000000 205.000000 -35.000000
433.465167 215.000000 -415.000000 -25.000000
433.614377 -345.000000 -405.000000 5.000000
433.655258 -145.000000 -105.000000 -15.000000
433.689204 105.000000 -185.000000 85.000000
433.735979 365.000000 225.000000 -65.000000
433.759884 -245.000000 -45.000000 15.000000
433.810580 -265.000000 165.000000 -25.000000
433.812035 435.000000 305.000000 105.000000
433.870448 -125.000000 185.000000 -15.000000
433.901641 215.000000 215.000000 105.000000
433.943119 15.000000 -145.000000 -75.000000
433.994260 -135.000000 395.000000 95.000000
433.994489 385.000000 -205.000000 -35.000000
434.024728 -295.000000 -425.000000 -25.000000
434.120755 -395.000000 125.000000 45.000000
434.134836 -55.000000 -275.000000 -25.000000
434.156662 345.000000 425.000000 -85.000000
434.259043 -215.000000 295.000000 -25.000000
434.315741 45.000000 65.000000 45.000000
434.323511 -355.000000 135.000000 -75.000000
434.328554 265.000000 -125.000000 25.000000
434.367356 265.000000 305.000000 -35.000000
434.367714 25.000000 405.000000 35.000000
434.448433 195.000000 -285.000000 35.000000
434.457949 -455.000000 75.000000 -35.000000
434.551926 -135.000000 215.000000 25.000000
434.581607 395.000000 -375.000000 -15.000000
434.607122 115.000000 -35.000000 -55.000000
434.609213 355.000000 345.000000 65.000000
434.687402 35.000000 -175.000000 -75.000000
434.699560 205.000000 -85.000000 105.000000
434.709163 -5.000000 175.000000 15.000000
434.753636 365.000000 325.000000 75.000000
434.759669 -305.000000 -445.000000 5.000000
434.784914 35.000000 385.000000 45.000000
434.826194 245.000000 -415.000000 5.000000
434.939256 -305.000000 -185.000000 -45.000000
434.939456 365.000000 125.000000 -35.000000
434.961032 75.000000 -275.000000 -65.000000
435.119108 -255.000000 275.000000 45.000000
435.153426 5.000000 15.000000 35.000000
435.346811 385.000000 15.000000 35.000000
435.431006 285.000000 -345.000000 75.000000
435.432608 145.000000 35.000000 -5.000000
435.467014 115.000000 -25.000000 -65.000000
435.513561 245.000000 265.000000 15.000000
435.519065 -195.000000 -85.000000 75.000000
435.751830 -125.000000 95.000000 -35.000000
435.809860 -225.000000 455.000000 75.000000
435.836523 -245.000000 -225.000000 65.000000
435.901910 365.000000 -225.000000 -85.000000
435.953866 385.000000 255.000000 -15.000000
436.035041 135.000000 5.000000 95.000000
436.038071 -155.000000 245.000000 -65.000000
436.069953 -185.000000 -235.000000 45.000000
436.071647 205.000000 405.000000 55.000000
436.080036 395.000000 415.000000 15.000000
436.081469 245.000000 -105.000000 105.000000
436.123457 -165.000000 275.000000 75.000000
436.300643 265.000000 -315.000000 15.000000
436.388460 -95.000000 65.000000 85.000000
436.390724 -265.000000 -455.000000 -45.000000
436.392652 -375.000000 355.000000 -5.000000
436.435967 285.000000 -125.000000 -65.000000
436.549906 105.000000 205.000000 -5.000000
436.585794 405.000000 -145.000000 25.000000
436.608602 -65.000000 355.000000 -25.000000
436.623784 -65.000000 15.000000 -25.000000
436.669329 -75.000000 -315.000000 75.000000
436.706932 45.000000 355.000000 -65.000000
436.712558 315.000000 145.000000 75.000000
436.769668 295.000000 -145.000000 5.000000
436.785977 -405.000000 355.000000 -5.000000
436.841881 -445.000000 -15.000000 5.000000
436.892526 385.000000 -105.000000 -55.000000
436.894096 -235.000000 105.000000 -35.000000
436.958839 -115.000000 185.000000 15.000000
436.990318 415.000000 -125.000000 55.000000
437.019794 -35.000000 -315.000000 -75.000000
437.039985 355.000000 -45.000000 -15.000000
437.060087 125.000000 -325.000000 45.000000
437.185799 445.000000 365.000000 5.000000
437.252021 -35.000000 -355.000000 -65.000000
437.287451 385.000000 15.000000 95.000000
437.332290 -45.000000 -305.000000 65.000000
437.352898 -325.000000 -335.000000 5.000000
437.357139 295.000000 -165.000000 15.000000
437.451120 -35.000000 165.000000 75.000000
437.481674 -95.000000 245.000000 -15.000000
437.606197 375.000000 125.000000 15.000000
437.716966 -355.000000 -185.000000 -5.000000
437.720128 -145.000000 25.000000 85.000000
437.863766 165.000000 145.000000 45.000000
437.883471 265.000000 -85.000000 -55.000000
437.948169 -405.000000 -55.000000 95.000000
438.076576 -215.000000 385.000000 85.000000
438.086172 -175.000000 -145.000000 25.000000
438.117617 425.000000 -175.000000 -15.000000
438.122671 35.000000 195.000000 -15.000000
438.179210 145.000000 35.000000 95.000000
438.191525 275.000000 405.000000 -55.000000
438.226834 -125.000000 -265.000000 -85.000000
438.284246 -225.000000 415.000000 -15.000000
438.328782 -315.000000 105.000000 55.000000
438.380309 395.000000 355.000000 85.000000
438.401695 -185.000000 -425.000000 -75.000000
438.408279 135.000000 295.000000 -35.000000
438.422407 145.000000 325.000000 45.000000
438.463456 -75.000000 -315.000000 -35.000000
438.470031 15.000000 -5.000000 75.000000
438.494002 375.000000 -425.000000 -65.000000
438.509323 -75.000000 -265.000000 85.000000
438.616363 105.000000 -165.000000 -65.000000
438.661626 -335.000000 -265.000000 -15.000000
438.719002 365.000000 295.000000 -5.000000
438.719465 15.000000 25.000000 -75.000000
438.803712 -415.000000 -405.000000 95.000000
438.929927 -375.000000 445.000000 -45.000000
438.976969 -175.000000 275.000000 65.000000
439.081223 -415.000000 -445.000000 -45.000000
439.100179 -335.000000 115.000000 -15.000000
439.168282 255.000000 425.000000 75.000000
439.192678 215.000000 205.000000 95.000000
439.229301 5.000000 -315.000000 55.000000
439.237433 175.000000 -255.000000 75.000000
439.261389 -215.000000 275.000000 5.000000
439.396227 -355.000000 -125.000000 25.000000
439.424926 -165.000000 -345.000000 -55.000000
439.528038 215.000000 55.000000 -35.000000
439.586471 385.000000 -85.000000 75.000000
439.594305 -75.000000 -85.000000 -65.000000
439.609881 -275.000000 315.000000 25.000000
439.677545 -175.000000 -205.000000 75.000000
439.721317 415.000000 -75.000000 55.000000
439.804436 245.000000 -245.000000 105.000000
439.834266 -245.000000 -185.000000 85.000000
440.001052 -235.000000 5.000000 95.000000
440.057858 -325.000000 205.000000 5.000000
440.156310 205.000000 235.000000 35.000000
440.241736 135.000000 185.000000 -25.000000
440.253378 115.000000 -145.000000 5.000000
440.449992 -75.000000 105.000000 85.000000
440.535511 -305.000000 -75.000000 -85.000000
440.584190 -25.000000 365.000000 -35.000000
440.643543 -205.000000 445.000000 -55.000000
440.763157 275.000000 175.000000 -85.000000
440.770348 275.000000 15.000000 65.000000
440.881397 -425.000000 -385.000000 -15.000000
440.910927 35.000000 -385.000000 -75.000000
440.918581 -305.000000 -395.000000 5.000000
440.930246 -255.000000 -125.000000 55.000000
440.934855 -405.000000 365.000000 -75.000000
440.992043 -45.000000 145.000000 75.000000
440.999438 325.000000 115.000000 35.000000
441.009843 -255.000000 -275.000000 -25.000000
441.113185 -425.000000 -325.000000 5.000000
441.263243 -145.000000 -95.000000 -45.000000
441.288638 -305.000000 345.000000 -75.000000
441.305878 335.000000 185.000000 -35.000000
441.372463 -375.000000 -345.000000 5.000000
441.376648 65.000000 295.000000 15.000000
441.473924 -355.000000 -345.000000 35.000000
441.478958 425.000000 -445.000000 -45.000000
441.505829 -405.000000 -455.000000 5.000000
441.512178 -405.000000 -445.000000 -65.000000
441.600554 135.000000 -415.000000 -15.000000
441.645669 -385.000000 -125.000000 95.000000
441.691310 55.000000 -25.000000 85.000000
441.711024 -165.000000 -25.000000 5.000000
441.731318 215.000000 85.000000 -65.000000
441.733258 -305.000000 215.000000 75.000000
441.956134 425.000000 -395.000000 -25.000000
442.028137 -305.000000 -205.000000 -15.000000
442.079389 -285.000000 -395.000000 -25.000000
442.094722 -35.000000 425.000000 15.000000
442.170431 265.000000 -85.000000 25.000000
442.170641 185.000000 -345.000000 -85.000000
442.304316 265.000000 265.000000 55.000000
442.343374 255.000000 -385.000000 85.000000
442.387579 115.000000 -165.000000 65.000000
442.524683 185.000000 -45.000000 95.000000
442.593150 -285.000000 -145.000000 35.000000
442.647926 25.000000 -35.000000 -15.000000
442.675239 265.000000 155.000000 -55.000000
442.838047 105.000000 155.000000 25.000000
442.839693 35.000000 55.000000 -25.000000
442.840238 265.000000 165.000000 -15.000000
442.954512 -145.000000 -415.000000 -25.000000
443.004218 135.000000 -35.000000 -45.000000
443.128189 -25.000000 35.000000 5.000000
443.167157 -265.000000 -205.000000 65.000000
443.187707 195.000000 395.000000 75.000000
443.215546 205.000000 365.000000 95.000000
443.245482 335.000000 -445.000000 -85.000000
443.264524 -255.000000 -345.000000 -75.000000
443.330726 -165.000000 245.000000 55.000000
443.391772 205.000000 -325.000000 -75.000000
443.443069 -305.000000 415.000000 -35.000000
443.662448 85.000000 425.000000 95.000000
443.689272 -125.000000 355.000000 45.000000
443.747817 -165.000000 -265.000000 65.000000
443.796754 185.000000 -135.000000 45.000000
443.860082 115.000000 -195.000000 85.000000
443.902705 105.000000 75.000000 -15.000000
444.034943 425.000000 -395.000000 75.000000
444.110507 265.000000 -445.000000 -95.000000
444.117212 -435.000000 165.000000 -45.000000
444.220643 -295.000000 -375.000000 -45.000000
444.263117 -5.000000 15.000000 45.000000
444.293929 -35.000000 115.000000 75.000000
444.341303 335.000000 185.000000 -75.000000
444.420434 -405.000000 185.000000 -85.000000
444.432204 95.000000 -45.000000 45.000000
444.483168 -345.000000 -145.000000 -35.000000
444.492810 -375.000000 415.000000 25.000000
444.496761 275.000000 305.000000 75.000000
444.510556 -335.000000 -435.000000 -5.000000
444.536990 -385.000000 -35.000000 45.000000
444.612741 -175.000000 35.000000 -45.000000
444.624330 -335.000000 225.000000 -45.000000
444.626176 -85.000000 125.000000 -85.000000
444.626988 -225.000000 -145.000000 -5.000000
444.660613 175.000000 425.000000 35.000000
444.701280 -95.000000 275.000000 -15.000000
444.763637 135.000000 105.000000 45.000000
444.788452 385.000000 -405.000000 -85.000000
444.976729 365.000000 25.000000 5.000000
444.986186 245.000000 5.000000 55.000000
444.990090 -225.000000 -95.000000 -55.000000
444.995607 375.000000 415.000000 -75.000000
445.051934 -135.000000 385.000000 -35.000000
445.134422 355.000000 -115.000000 85.000000
445.147389 235.000000 85.000000 -95.000000
445.186643 145.000000 -15.000000 -35.000000
445.196890 435.000000 -335.000000 -25.000000
445.219788 -5.000000 65.000000 -85.000000
445.229965 75.000000 -205.000000 35.000000
445.242378 225.000000 385.000000 25.000000
445.250859 405.000000 -85.000000 35.000000
445.282639 435.000000 235.000000 25.000000
445.370951 315.000000 -435.000000 -25.000000
445.399211 -305.000000 225.000000 -65.000000
445.437443 -95.000000 115.000000 35.000000
445.452985 -75.000000 -115.000000 -75.000000
445.466888 -55.000000 -5.000000 -95.000000
445.544699 305.000000 415.000000 25.000000
445.550381 185.000000 75.000000 75.000000
445.643464 35.000000 -355.000000 35.000000
445.724411 345.000000 105.000000 -15.000000
445.752697 135.000000 365.000000 -25.000000
445.766060 355.000000 -245.000000 -35.000000
445.803481 -125.000000 -355.000000 -35.000000
445.830857 -285.000000 -35.000000 45.000000
445.833585 95.000000 -325.000000 -85.000000
445.849506 -425.000000 -15.000000 -85.000000
445.895176 -155.000000 -135.000000 65.000000
445.916310 375.000000 -85.000000 5.000000
445.996601 -95.000000 -45.000000 -5.000000
446.022632 405.000000 25.000000 -75.000000
446.062890 -415.000000 -355.000000 -65.000000
446.162765 205.000000 355.000000 65.000000
446.190733 -425.000000 95.000000 -95.000000
446.207891 -65.000000 -395.000000 -95.000000
446.219183 325.000000 -355.000000 -5.000000
446.270957 335.000000 -145.000000 95.000000
446.294768 -205.000000 -75.000000 45.000000
446.311665 325.000000 75.000000 45.000000
446.484568 25.000000 -165.000000 5.000000
446.489859 415.000000 -395.000000 -5.000000
446.502737 205.000000 285.000000 45.000000
446.523239 -275.000000 -275.000000 -25.000000
446.535135 5.000000 -435.000000 -15.000000
446.536135 -55.000000 -255.000000 35.000000
446.561240 -385.000000 265.000000 45.000000
446.649060 285.000000 135.000000 45.000000
446.659937 -115.000000 -405.000000 -15.000000
446.710999 345.000000 -25.000000 -15.000000
446.727655 455.000000 455.000000 -85.000000
446.808406 145.000000 -445.000000 -65.000000
446.828902 135.000000 275.000000 -35.000000
446.829332 -85.000000 -5.000000 -15.000000
446.856382 275.000000 -75.000000 -15.000000
446.870477 -375.000000 165.000000 15.000000
446.917921 -305.000000 -255.000000 -15.000000
446.956819 75.000000 -105.000000 -65.000000
446.959618 95.000000 275.000000 45.000000
446.980574 265.000000 -75.000000 85.000000
447.004339 425.000000 5.000000 15.000000
447.090276 5.000000 -165.000000 5.000000
447.196728 -395.000000 345.000000 -95.000000
447.229361 135.000000 -115.000000 -55.000000
447.276703 35.000000 -445.000000 95.000000
447.329653 -155.000000 95.000000 -75.000000
447.350857 355.000000 395.000000 -5.000000
447.376853 -65.000000 125.000000 -65.000000
447.415888 325.000000 305.000000 -25.000000
447.475390 35.000000 425.000000 -55.000000
447.499986 -325.000000 145.000000 65.000000
447.557406 -225.000000 -405.000000 -45.000000
447.562245 55.000000 -285.000000 95.000000
447.600026 -305.000000 185.000000 15.000000
447.654560 415.000000 -135.000000 -25.000000
447.685124 255.000000 -55.000000 -35.000000
447.696022 -15.000000 425.000000 55.000000
447.881878 295.000000 85.000000 75.000000
447.998051 145.000000 -65.000000 35.000000
448.016151 145.000000 265.000000 45.000000
448.042328 -115.000000 -415.000000 -5.000000
448.059691 -295.000000 75.000000 45.000000
448.065461 195.000000 -375.000000 65.000000
448.244498 155.000000 385.000000 -95.000000
448.261868 -305.000000 355.000000 45.000000
448.465284 365.000000 185.000000 -35.000000
448.483983 -175.000000 185.000000 -45.000000
448.523512 -265.000000 -285.000000 45.000000
448.540815 235.000000 -195.000000 -35.000000
448.574336 395.000000 -175.000000 -65.000000
448.637876 285.000000 -415.000000 -5.000000
448.642681 275.000000 135.000000 -25.000000
448.660164 275.000000 -135.000000 35.000000
448.676979 245.000000 355.000000 105.000000
448.680209 -155.000000 -185.000000 65.000000
448.705416 -75.000000 -215.000000 45.000000
448.718659 -325.000000 -305.000000 65.000000
448.777084 95.000000 -375.000000 25.000000
448.782936 365.000000 -295.000000 5.000000
448.849912 35.000000 365.000000 -25.000000
448.858911 135.000000 155.000000 35.000000
448.892787 -245.000000 -385.000000 105.000000
448.940395 -195.000000 245.000000 45.000000
449.065094 -95.000000 -65.000000 -75.000000
449.173983 -395.000000 105.000000 35.000000
449.183936 -215.000000 245.000000 -85.000000
449.202774 -315.000000 5.000000 -5.000000
449.207757 -225.000000 255.000000 25.000000
449.223867 185.000000 345.000000 -45.000000
449.284184 -295.000000 -335.000000 -85.000000
449.287859 -65.000000 175.000000 35.000000
449.447706 -35.000000 -305.000000 -5.000000
449.495412 -435.000000 25.000000 65.000000
449.512872 395.000000 105.000000 25.000000
449.565343 135.000000 -175.000000 55.000000
449.811027 235.000000 -455.000000 15.000000
449.886724 -295.000000 125.000000 -65.000000
449.936835 -335.000000 -455.000000 45.000000
449.983572 -325.000000 435.000000 105.000000
449.996886 405.000000 -195.000000 45.000000
449.997731 -145.000000 -45.000000 -85.000000
450.017635 335.000000 205.000000 15.000000
450.082354 -235.000000 -325.000000 -55.000000
450.116990 -105.000000 275.000000 75.000000
450.133114 375.000000 -355.000000 65.000000
450.195277 85.000000 -245.000000 -95.000000
450.210658 -65.000000 -455.000000 75.000000
450.256883 -445.000000 105.000000 75.000000
450.278233 -105.000000 -185.000000 105.000000
450.374247 215.000000 35.000000 -85.000000
450.592561 345.000000 -65.000000 -85.000000
450.593947 -275.000000 -345.000000 -45.000000
450.641129 -255.000000 5.000000 5.000000
450.711353 -385.000000 145.000000 25.000000
450.720135 165.000000 -105.000000 65.000000
450.775610 -15.000000 85.000000 -25.000000
450.789730 245.000000 -365.000000 85.000000
450.809409 -335.000000 325.000000 5.000000
450.870905 325.000000 105.000000 -35.000000
450.893726 -395.000000 35.000000 75.000000
450.908331 -325.000000 -205.000000 65.000000
450.931657 -355.000000 -425.000000 75.000000
451.038678 -275.000000 -445.000000 75.000000
451.051627 255.000000 -155.000000 -65.000000
451.071844 385.000000 365.000000 45.000000
451.073592 -115.000000 -195.000000 5.000000
451.116020 155.000000 245.000000 15.000000
451.353396 -75.000000 265.000000 -75.000000
451.365618 55.000000 -45.000000 -55.000000
451.369616 215.000000 85.000000 15.000000
451.411289 -225.000000 -305.000000 -5.000000
451.435871 -255.000000 -105.000000 65.000000
451.444766 -45.000000 405.000000 85.000000
451.452801 -95.000000 155.000000 -75.000000
451.498799 255.000000 -445.000000 75.000000
451.523518 -155.000000 5.000000 25.000000
451.529534 -335.000000 415.000000 85.000000
451.557408 5.000000 45.000000 -75.000000
451.572284 235.000000 -315.000000 35.000000
451.611331 365.000000 -275.000000 25.000000
451.646158 335.000000 245.000000 35.000000
451.830124 -155.000000 -265.000000 95.000000
451.830733 385.000000 325.000000 -55.000000
451.902834 -125.000000 335.000000 -65.000000
451.979606 325.000000 165.000000 -45.000000
452.102848 335.000000 175.000000 85.000000
452.120805 -175.000000 365.000000 5.000000
452.153564 265.000000 -285.000000 -85.000000
452.154067 25.000000 25.000000 -15.000000
452.256915 285.000000 -25.000000 5.000000
452.321996 185.000000 -295.000000 5.000000
452.364765 -355.000000 115.000000 35.000000
452.459911 85.000000 175.000000 -55.000000
452.465461 -35.000000 265.000000 55.000000
452.476033 -435.000000 55.000000 -35.000000
452.496697 -195.000000 -315.000000 -55.000000
452.523572 -305.000000 405.000000 15.000000
452.608718 -195.000000 175.000000 -25.000000
452.683207 325.000000 -305.000000 35.000000
452.732256 145.000000 135.000000 45.000000
452.836274 445.000000 225.000000 25.000000
452.857928 -105.000000 -215.000000 -75.000000
452.873250 -445.000000 445.000000 105.000000
452.920727 295.000000 5.000000 -5.000000
452.947575 15.000000 345.000000 -25.000000
453.009721 -135.000000 -335.000000 15.000000
453.170302 395.000000 185.000000 -45.000000
453.230714 -345.000000 -65.000000 -15.000000
453.240518 165.000000 175.000000 -75.000000
453.254886 375.000000 145.000000 -45.000000
453.274100 -215.000000 -35.000000 -65.000000
453.373392 305.000000 445.000000 -35.000000
453.487062 25.000000 -155.000000 5.000000
453.658523 325.000000 -195.000000 -75.000000
453.698802 -415.000000 -305.000000 -95.000000
453.718804 175.000000 -245.000000 35.000000
453.719652 -415.000000 -275.000000 -75.000000
453.777925 -425.000000 -405.000000 -35.000000
453.821759 115.000000 385.000000 85.000000
453.901769 -175.000000 -265.000000 -55.000000
454.003299 85.000000 25.000000 -35.000000
454.030995 -145.000000 425.000000 -35.000000
454.042146 -365.000000 175.000000 65.000000
454.045673 -235.000000 -455.000000 15.000000
454.129703 75.000000 275.000000 45.000000
454.301353 -275.000000 195.000000 -85.000000
454.305156 175.000000 215.000000 -55.000000
454.401001 85.000000 -105.000000 15.000000
454.424429 -135.000000 295.000000 5.000000
454.448875 -45.000000 145.000000 65.000000
454.524334 365.000000 305.000000 55.000000
454.689192 195.000000 145.000000 95.000000
454.739604 175.000000 55.000000 75.000000
454.811461 -195.000000 -375.000000 -25.000000
454.826470 305.000000 15.000000 -15.000000
454.832605 405.000000 135.000000 45.000000
454.927270 215.000000 -375.000000 65.000000
454.965561 -305.000000 165.000000 55.000000
454.966220 -85.000000 45.000000 -25.000000
454.967036 -385.000000 -5.000000 -85.000000
455.037688 265.000000 -245.000000 15.000000
455.048663 285.000000 445.000000 15.000000
455.125821 95.000000 -85.000000 -55.000000
455.221158 85.000000 5.000000 -75.000000
455.281016 -425.000000 185.000000 -25.000000
455.300264 -405.000000 15.000000 85.000000
455.344791 355.000000 -355.000000 105.000000
455.524144 -225.000000 385.000000 55.000000
455.525625 375.000000 -415.000000 25.000000
455.593489 455.000000 435.000000 25.000000
455.595348 -295.000000 -255.000000 -15.000000
455.597949 -345.000000 -125.000000 45.000000
455.616330 -185.000000 -345.000000 75.000000
455.655152 325.000000 -305.000000 55.000000
455.724960 -405.000000 195.000000 -65.000000
455.725926 -215.000000 -375.000000 95.000000
455.731043 25.000000 -75.000000 -35.000000
455.813210 15.000000 -445.000000 95.000000
455.833144 -225.000000 -135.000000 -35.000000
455.848891 -305.000000 -65.000000 -15.000000
455.849241 325.000000 -75.000000 -35.000000
455.861961 265.000000 395.000000 -85.000000
455.878950 -445.000000 205.000000 95.000000
455.959648 -415.000000 285.000000 55.000000
455.992299 -105.000000 415.000000 -85.000000
456.057303 -55.000000 275.000000 -75.000000
456.194322 -275.000000 315.000000 55.000000
456.206921 -345.000000 75.000000 15.000000
456.233929 385.000000 395.000000 -65.000000
456.243487 145.000000 -365.000000 95.000000
456.303682 25.000000 -25.000000 85.000000
456.315436 -85.000000 285.000000 85.000000
456.316497 -405.000000 -345.000000 5.000000
456.379001 105.000000 -85.000000 35.000000
456.385338 -55.000000 -355.000000 -65.000000
456.396977 145.000000 85.000000 85.000000
456.457938 135.000000 85.000000 105.000000
456.529538 -165.000000 -5.000000 -45.000000
456.554419 -325.000000 -225.000000 15.000000
456.581972 -255.000000 335.000000 -55.000000
456.633733 85.000000 -215.000000 -55.000000
456.658299 265.000000 -455.000000 -85.000000
456.785737 265.000000 -15.000000 5.000000
456.790991 -135.000000 345.000000 55.000000
456.805183 -215.000000 -215.000000 45.000000
456.884339 -355.000000 -325.000000 25.000000
456.911133 35.000000 15.000000 -45.000000
456.915927 -315.000000 345.000000 -15.000000
456.963683 15.000000 265.000000 25.000000
457.046403 -345.000000 45.000000 65.000000
457.066126 -145.000000 445.000000 85.000000
457.288101 175.000000 345.000000 -45.000000
457.291480 -35.000000 -235.000000 -45.000000
457.302606 -95.000000 185.000000 -45.000000
457.318504 205.000000 185.000000 -15.000000
457.390934 -435.000000 -235.000000 -5.000000
457.419616 -55.000000 395.000000 -85.000000
457.427178 435.000000 -265.000000 -45.000000
457.446452 -285.000000 445.000000 -45.000000
457.475748 -305.000000 -185.000000 -35.000000
457.514488 -15.000000 -445.000000 105.000000
457.543154 -345.000000 115.000000 15.000000
457.603328 -85.000000 -195.000000 -35.000000
457.637996 -105.000000 295.000000 55.000000
457.671144 -315.000000 455.000000 45.000000
457.836321 -5.000000 -195.000000 -75.000000
457.884493 -145.000000 75.000000 15.000000
457.983985 -25.000000 285.000000 35.000000
458.050387 95.000000 -205.000000 65.000000
458.062343 415.000000 265.000000 -45.000000
458.157729 215.000000 -85.000000 75.000000
458.271308 -365.000000 -345.000000 -25.000000
458.279675 -85.000000 395.000000 -25.000000
458.414526 -195.000000 -145.000000 15.000000
458.419844 -345.000000 -155.000000 5.000000
458.533603 -135.000000 215.000000 35.000000
458.558185 -25.000000 -135.000000 105.000000
458.566548 -445.000000 435.000000 -5.000000
458.616927 -245.000000 -25.000000 -35.000000
458.669961 -375.000000 -185.000000 85.000000
458.704206 255.000000 -275.000000 -55.000000
458.768727 265.000000 85.000000 -55.000000
458.827824 185.000000 -255.000000 75.000000
458.997054 -105.000000 -395.000000 -35.000000
459.015609 -15.000000 405.000000 35.000000
459.043616 175.000000 -325.000000 85.000000
459.115696 75.000000 285.000000 -45.000000
459.146252 -305.000000 295.000000 85.000000
459.197850 75.000000 445.000000 -35.000000
459.253960 265.000000 -435.000000 55.000000
459.327031 75.000000 -255.000000 65.000000
459.344465 325.000000 445.000000 95.000000
459.360821 245.000000 -245.000000 45.000000
459.525627 -235.000000 75.000000 -35.000000
459.526399 -85.000000 215.000000 -45.000000
459.630216 345.000000 425.000000 -25.000000
459.690717 405.000000 425.000000 65.000000
459.744041 -225.000000 215.000000 75.000000
459.749630 -365.000000 415.000000 -15.000000
459.787939 -375.000000 375.000000 65.000000
459.881781 -15.000000 -315.000000 -45.000000
459.918107 -405.000000 425.000000 65.000000
460.000006 -385.000000 -425.000000 -95.000000
460.014889 -245.000000 425.000000 -15.000000
460.042871 145.000000 15.000000 -45.000000
460.115250 125.000000 305.000000 35.000000
460.121207 -325.000000 155.000000 -45.000000
460.145288 375.000000 75.000000 35.000000
460.172474 285.000000 135.000000 -95.000000
460.185343 -65.000000 445.000000 105.000000
460.206771 95.000000 25.000000 25.000000
460.291870 -345.000000 35.000000 -55.000000
460.471918 215.000000 425.000000 -75.000000
460.522678 -5.000000 -15.000000 -5.000000
460.557183 -445.000000 75.000000 -65.000000
460.558285 405.000000 215.000000 -5.000000
460.657503 395.000000 445.000000 15.000000
460.658039 -325.000000 -435.000000 -75.000000
460.872693 225.000000 -425.000000 -25.000000
460.903907 -165.000000 -195.000000 95.000000
460.930295 135.000000 -25.000000 -75.000000
461.004449 -335.000000 155.000000 35.000000
461.026195 -155.000000 -45.000000 95.000000
461.031184 -235.000000 405.000000 -15.000000
461.064289 305.000000 -195.000000 45.000000
461.099784 -65.000000 -225.000000 -55.000000
461.102976 -75.000000 -365.000000 95.000000
461.107459 95.000000 425.000000 85.000000
461.128518 15.000000 95.000000 -65.000000
461.161181 -125.000000 405.000000 -85.000000
461.189601 45.000000 375.000000 95.000000
461.196570 235.000000 305.000000 95.000000
461.242043 35.000000 -95.000000 95.000000
461.261196 425.000000 -425.000000 -55.000000
461.293619 255.000000 -415.000000 65.000000
461.297973 85.000000 -265.000000 5.000000
461.326660 -45.000000 -105.000000 35.000000
461.371483 345.000000 305.000000 -35.000000
461.411922 75.000000 -25.000000 15.000000
461.564382 -65.000000 -5.000000 35.000000
461.578835 35.000000 -305.000000 15.000000
461.757590 -115.000000 175.000000 -55.000000
461.817034 145.000000 185.000000 -25.000000
461.903381 245.000000 -185.000000 75.000000
461.964146 -105.000000 -35.000000 -85.000000
461.974535 -205.000000 -335.000000 5.000000
462.034695 205.000000 355.000000 95.000000
462.066555 -115.000000 425.000000 5.000000
462.088997 25.000000 55.000000 105.000000
462.146146 -225.000000 -15.000000 -75.000000
462.233795 -205.000000 -405.000000 5.000000
462.239338 -15.000000 115.000000 95.000000
462.282405 415.000000 -435.000000 95.000000
462.308169 -355.000000 305.000000 -85.000000
462.384451 -295.000000 -305.000000 -85.000000
462.395915 45.000000 415.000000 -85.000000
462.442085 45.000000 185.000000 15.000000
462.538518 35.000000 -265.000000 -45.000000
462.557742 265.000000 325.000000 -85.000000
462.700929 445.000000 275.000000 35.000000
462.756881 455.000000 -5.000000 85.000000
462.762339 -245.000000 -115.000000 35.000000
462.870476 -85.000000 355.000000 85.000000
462.905177 -215.000000 195.000000 25.000000
462.973498 -205.000000 -435.000000 -75.000000
463.024843 115.000000 295.000000 -55.000000
463.068269 295.000000 25.000000 -85.000000
463.106173 -125.000000 -235.000000 -65.000000
463.136161 55.000000 -165.000000 -55.000000
463.306533 165.000000 -125.000000 105.000000
463.371480 45.000000 -435.000000 -25.000000
463.397161 -345.000000 265.000000 15.000000
463.403739 -325.000000 -325.000000 95.000000
463.483974 455.000000 -335.000000 -35.000000
463.486236 -165.000000 445.000000 -25.000000
463.491064 165.000000 -245.000000 75.000000
463.524628 -365.000000 -55.000000 -35.000000
463.583835 255.000000 325.000000 35.000000
463.652589 205.000000 -115.000000 -15.000000
463.704326 -45.000000 -445.000000 5.000000
463.736779 265.000000 15.000000 -25.000000
463.853331 -435.000000 -15.000000 45.000000
463.871057 -105.000000 -65.000000 -75.000000
463.877968 175.000000 275.000000 -75.000000
463.901561 15.000000 445.000000 -45.000000
463.928030 -255.000000 415.000000 -25.000000
464.053564 -165.000000 -205.000000 -85.000000
464.108467 -165.000000 -285.000000 -95.000000
464.118815 345.000000 275.000000 -45.000000
464.126752 -255.000000 105.000000 85.000000
464.369379 -105.000000 -175.000000 5.000000
464.380634 75.000000 145.000000 -45.000000
464.530041 -245.000000 355.000000 5.000000
464.581286 245.000000 -395.000000 -15.000000
464.661488 215.000000 165.000000 -35.000000
464.776157 -425.000000 -195.000000 25.000000
464.847018 245.000000 -435.000000 -5.000000
464.883965 385.000000 5.000000 -55.000000
464.949563 -75.000000 145.000000 35.000000
464.977070 55.000000 -165.000000 -45.000000
465.116344 295.000000 -215.000000 75.000000
465.264661 -115.000000 -435.000000 15.000000
465.269200 -315.000000 115.000000 75.000000
465.317037 -425.000000 -15.000000 -15.000000
465.319532 165.000000 -325.000000 55.000000
465.350523 265.000000 355.000000 35.000000
465.378427 -385.000000 -315.000000 75.000000
465.475730 245.000000 -325.000000 55.000000
465.536956 445.000000 115.000000 -5.000000
465.614912 -245.000000 145.000000 75.000000
465.643736 -385.000000 405.000000 -35.000000
465.659017 405.000000 -415.000000 -15.000000
465.673678 -285.000000 -275.000000 75.000000
465.677654 325.000000 -135.000000 65.000000
465.678171 105.000000 455.000000 -85.000000
465.681938 -145.000000 275.000000 -65.000000
465.687743 235.000000 205.000000 15.000000
465.689215 -45.000000 -105.000000 75.000000
465.986157 -265.000000 -45.000000 5.000000
465.993803 435.000000 -85.000000 45.000000
466.037744 -445.000000 205.000000 105.000000
466.039143 -235.000000 -415.000000 -5.000000
466.124791 165.000000 -75.000000 -75.000000
466.138354 285.000000 55.000000 -15.000000
466.262386 245.000000 -35.000000 45.000000
466.324524 225.000000 -85.000000 5.000000
466.372168 -145.000000 -175.000000 -5.000000
466.457159 95.000000 35.000000 -75.000000
466.525014 295.000000 425.000000 -5.000000
466.608526 405.000000 235.000000 -25.000000
466.610969 -175.000000 -95.000000 -95.000000
466.679943 45.000000 -145.000000 85.000000
466.760592 -225.000000 -395.000000 -85.000000
466.852248 -305.000000 275.000000 -25.000000
467.015096 -445.000000 -165.000000 -85.000000
467.024695 135.000000 -435.000000 -25.000000
467.027546 275.000000 -185.000000 -55.000000
467.041521 -315.000000 355.000000 -95.000000
467.097244 -185.000000 45.000000 -15.000000
467.146635 -175.000000 -245.000000 65.000000
467.151563 -425.000000 -95.000000 -75.000000
467.176306 145.000000 -425.000000 -5.000000
467.206292 215.000000 -395.000000 -5.000000
467.267151 -255.000000 365.000000 -55.000000
467.278077 -405.000000 385.000000 -75.000000
467.357503 -415.000000 65.000000 -35.000000
467.413061 -85.000000 185.000000 15.000000
467.432985 175.000000 385.000000 -75.000000
467.471017 235.000000 -415.000000 -5.000000
467.515898 -455.000000 355.000000 15.000000
467.517280 -125.000000 -5.000000 65.000000
467.693352 -255.000000 -255.000000 -75.000000
467.918618 -205.000000 -175.000000 -95.000000
468.009296 375.000000 -235.000000 25.000000
468.010025 -75.000000 -255.000000 -35.000000
468.026222 135.000000 245.000000 65.000000
468.072725 -115.000000 135.000000 -55.000000
468.133707 -425.000000 215.000000 -5.000000
468.204759 -185.000000 -415.000000 -65.000000
468.352460 -195.000000 -55.000000 5.000000
468.420497 -125.000000 -55.000000 -95.000000
468.556808 135.000000 155.000000 -75.000000
468.561972 -365.000000 345.000000 -45.000000
468.570744 -195.000000 -415.000000 -85.000000
468.675358 -355.000000 335.000000 65.000000
468.677218 -335.000000 -95.000000 -5.000000
468.731078 395.000000 145.000000 45.000000
468.800121 -35.000000 -25.000000 55.000000
468.830782 -5.000000 65.000000 -65.000000
468.840264 155.000000 -385.000000 35.000000
468.869575 -305.000000 -305.000000 -45.000000
468.896165 -375.000000 -25.000000 65.000000
468.926561 -265.000000 -125.000000 55.000000
468.979790 155.000000 -245.000000 55.000000
468.983051 -385.000000 -265.000000 -65.000000
469.043643 145.000000 325.000000 45.000000
469.081647 -35.000000 -355.000000 55.000000
469.112780 -195.000000 85.000000 -45.000000
469.126233 35.000000 345.000000 25.000000
469.171676 105.000000 -15.000000 65.000000
469.194545 -315.000000 -255.000000 -45.000000
469.222170 -235.000000 -175.000000 -15.000000
469.307735 365.000000 205.000000 75.000000
469.334042 65.000000 -5.000000 85.000000
469.407540 315.000000 -435.000000 85.000000
469.450549 -45.000000 25.000000 65.000000
469.668167 -15.000000 245.000000 -45.000000
469.801692 55.000000 -105.000000 25.000000
469.975038 235.000000 195.000000 -85.000000
469.984732 25.000000 45.000000 85.000000
469.990959 45.000000 135.000000 -65.000000
470.130282 315.000000 -155.000000 85.000000
470.213464 -395.000000 295.000000 65.000000
470.224002 -25.000000 15.000000 95.000000
470.265454 -45.000000 -55.000000 15.000000
470.270941 135.000000 -285.000000 -15.000000
470.365547 185.000000 175.000000 -15.000000
470.434764 -435.000000 65.000000 5.000000
470.461569 -125.000000 -295.000000 5.000000
470.503813 -445.000000 -45.000000 -55.000000
470.569935 415.000000 335.000000 -25.000000
470.588895 -335.000000 -55.000000 5.000000
470.601474 195.000000 -245.000000 75.000000
470.616683 -25.000000 305.000000 25.000000
470.687655 -115.000000 -315.000000 -75.000000
470.717634 -415.000000 5.000000 -35.000000
470.779341 175.000000 345.000000 -35.000000
470.791047 -5.000000 325.000000 5.000000
470.953129 -365.000000 115.000000 95.000000
471.009213 235.000000 -305.000000 75.000000
471.016626 205.000000 335.000000 55.000000
471.232504 -15.000000 345.000000 -15.000000
471.332212 45.000000 325.000000 35.000000
471.379494 75.000000 285.000000 -95.000000
471.495829 165.000000 -245.000000 45.000000
471.549759 275.000000 -335.000000 -95.000000
471.591006 405.000000 195.000000 -85.000000
471.598979 -185.000000 -105.000000 -45.000000
471.657942 -5.000000 395.000000 65.000000
471.813541 165.000000 -335.000000 -55.000000
471.842264 405.000000 -205.000000 35.000000
471.922874 -185.000000 -345.000000 45.000000
472.008783 -175.000000 -45.000000 25.000000
472.048760 -145.000000 -285.000000 85.000000
472.060471 125.000000 235.000000 65.000000
472.115247 -265.000000 145.000000 75.000000
472.178828 -115.000000 -345.000000 65.000000
472.227183 15.000000 -395.000000 -55.000000
472.233091 -365.000000 -115.000000 -5.000000
472.362086 -165.000000 -155.000000 -5.000000
472.475822 -215.000000 -315.000000 45.000000
472.558084 -5.000000 235.000000 -15.000000
472.565702 15.000000 345.000000 95.000000
472.618082 65.000000 215.000000 -25.000000
472.682642 -285.000000 395.000000 55.000000
472.776545 -225.000000 -175.000000 -75.000000
472.782732 145.000000 -95.000000 95.000000
472.840914 115.000000 -15.000000 75.000000
472.862510 155.000000 -275.000000 -5.000000
472.880919 -35.000000 425.000000 45.000000
473.049291 245.000000 -365.000000 -35.000000
473.087645 155.000000 -325.000000 -65.000000
473.091520 265.000000 -165.000000 25.000000
473.140259 -345.000000 315.000000 65.000000
473.187955 -25.000000 205.000000 15.000000
473.255019 55.000000 -435.000000 85.000000
473.296064 -455.000000 -285.000000 95.000000
473.388421 -235.000000 55.000000 35.000000
473.441096 395.000000 -235.000000 -25.000000
473.456082 405.000000 -405.000000 85.000000
473.672719 -185.000000 -295.000000 45.000000
473.906278 -365.000000 315.000000 -5.000000
473.948970 -15.000000 -25.000000 -35.000000
473.964070 -165.000000 215.000000 -45.000000
474.027969 -25.000000 455.000000 -15.000000
474.034716 55.000000 345.000000 -45.000000
474.045307 395.000000 255.000000 35.000000
474.067760 -245.000000 395.000000 5.000000
474.095537 445.000000 115.000000 -85.000000
474.116379 35.000000 175.000000 55.000000
474.127777 195.000000 -155.000000 -45.000000
474.154413 -245.000000 245.000000 85.000000
474.294419 205.000000 -445.000000 85.000000
474.441551 -5.000000 225.000000 -25.000000
474.534158 335.000000 -275.000000 95.000000
474.553453 -175.000000 75.000000 5.000000
474.556605 15.000000 -215.000000 -35.000000
474.663935 365.000000 -235.000000 -65.000000
474.670734 -75.000000 -65.000000 -25.000000
474.677331 -205.000000 -155.000000 85.000000
474.747555 255.000000 -45.000000 -55.000000
474.837663 -115.000000 -165.000000 55.000000
474.875368 415.000000 -295.000000 35.000000
474.953840 -325.000000 -215.000000 25.000000
475.025228 275.000000 335.000000 95.000000
475.125124 55.000000 355.000000 95.000000
475.144406 -275.000000 345.000000 75.000000
475.150735 445.000000 165.000000 -75.000000
475.169687 185.000000 -335.000000 -25.000000
475.185548 -315.000000 405.000000 -85.000000
475.188431 -375.000000 235.000000 105.000000
475.312916 -155.000000 -215.000000 55.000000
475.343655 -415.000000 175.000000 15.000000
475.354441 145.000000 265.000000 -95.000000
475.425014 435.000000 -215.000000 55.000000
475.541088 -295.000000 385.000000 -35.000000
475.554360 285.000000 -45.000000 35.000000
475.570733 315.000000 -255.000000 15.000000
475.599754 135.000000 -125.000000 75.000000
475.603817 115.000000 -25.000000 85.000000
475.685570 305.000000 -365.000000 -65.000000
475.737858 -215.000000 435.000000 95.000000
475.745626 255.000000 395.000000 105.000000
475.845445 275.000000 235.000000 -25.000000
475.903486 405.000000 445.000000 -75.000000
475.903506 -115.000000 345.000000 -65.000000
476.023166 435.000000 -65.000000 -5.000000
476.073001 -205.000000 -345.000000 -65.000000
476.073937 -325.000000 -105.000000 15.000000
476.082017 -105.000000 445.000000 15.000000
476.182759 235.000000 -355.000000 65.000000
476.247618 375.000000 -305.000000 -85.000000
476.266896 395.000000 265.000000 -25.000000
476.284504 345.000000 -435.000000 95.000000
476.291111 -165.000000 395.000000 55.000000
476.338367 335.000000 45.000000 65.000000
476.393718 65.000000 -435.000000 55.000000
476.427477 145.000000 -75.000000 85.000000
476.506457 5.000000 -35.000000 5.000000
476.687100 255.000000 -175.000000 5.000000
476.841158 -135.000000 45.000000 105.000000
476.901119 -425.000000 5.000000 -5.000000
477.021652 315.000000 85.000000 55.000000
477.058383 5.000000 435.000000 -55.000000
477.162756 245.000000 325.000000 45.000000
477.183564 235.000000 115.000000 -5.000000
477.231528 5.000000 335.000000 -65.000000
477.232939 -85.000000 -55.000000 -55.000000
477.355362 -315.000000 -75.000000 25.000000
477.433905 -275.000000 255.000000 -25.000000
477.457049 -295.000000 -155.000000 -5.000000
477.475720 215.000000 -385.000000 45.000000
477.497043 -225.000000 -275.000000 5.000000
477.601695 -375.000000 145.000000 105.000000
477.616834 -105.000000 185.000000 55.000000
477.617579 -435.000000 155.000000 -85.000000
477.645054 -135.000000 -255.000000 -85.000000
477.862451 155.000000 395.000000 105.000000
477.870954 -275.000000 -435.000000 -55.000000
477.896211 -295.000000 325.000000 -25.000000
477.938994 305.000000 345.000000 15.000000
477.946510 415.000000 -85.000000 65.000000
477.964284 -245.000000 215.000000 -5.000000
478.030023 55.000000 -75.000000 -45.000000
478.052950 -215.000000 145.000000 95.000000
478.071520 -245.000000 315.000000 -35.000000
478.105976 415.000000 -435.000000 35.000000
478.125753 85.000000 345.000000 -95.000000
478.208720 365.000000 365.000000 15.000000
478.222294 -375.000000 335.000000 -55.000000
478.245329 175.000000 75.000000 95.000000
478.374637 -265.000000 -45.000000 -5.000000
478.463311 45.000000 -235.000000 5.000000
478.491508 -385.000000 155.000000 65.000000
478.544796 -305.000000 305.000000 -65.000000
478.607923 275.000000 415.000000 -15.000000
478.640458 -175.000000 365.000000 -5.000000
478.655440 -215.000000 225.000000 -5.000000
478.699500 -225.000000 -115.000000 -85.000000
478.730890 255.000000 15.000000 55.000000
478.779817 205.000000 305.000000 -65.000000
478.807510 -345.000000 -75.000000 75.000000
478.900708 215.000000 25.000000 45.000000
478.996476 45.000000 -455.000000 -65.000000
479.052198 -145.000000 105.000000 -75.000000
479.110777 -5.000000 -125.000000 -45.000000
479.120477 295.000000 145.000000 -75.000000
479.175801 -165.000000 -405.000000 65.000000
479.216936 -345.000000 -415.000000 45.000000
479.221350 75.000000 425.000000 75.000000
479.225461 325.000000 445.000000 15.000000
479.398644 -235.000000 205.000000 95.000000
479.446961 -105.000000 -315.000000 5.000000
479.471946 -445.000000 -335.000000 75.000000
479.597153 35.000000 395.000000 -45.000000
479.662065 -225.000000 -35.000000 -55.000000
479.722605 -135.000000 45.000000 -65.000000
479.818146 -405.000000 -65.000000 15.000000
480.043148 105.000000 -285.000000 65.000000
480.056893 -225.000000 255.000000 75.000000
480.079518 -25.000000 -15.000000 55.000000
480.115507 -285.000000 195.000000 85.000000
480.119698 425.000000 285.000000 -55.000000
480.134432 -135.000000 195.000000 15.000000
480.177079 -105.000000 175.000000 25.000000
480.184352 -235.000000 -25.000000 45.000000
480.186047 -125.000000 -175.000000 -75.000000
480.192715 -235.000000 185.000000 5.000000
480.334842 -285.000000 -435.000000 -75.000000
480.435856 415.000000 -235.000000 -95.000000
480.456244 -415.000000 -105.000000 45.000000
480.538061 25.000000 65.000000 85.000000
480.586602 275.000000 315.000000 -45.000000
480.669875 255.000000 -275.000000 45.000000
480.675578 -235.000000 -335.000000 45.000000
480.718606 345.000000 25.000000 -75.000000
480.995764 -215.000000 385.000000 45.000000
481.004705 -335.000000 325.000000 -35.000000
481.094080 65.000000 -305.000000 -5.000000
481.145869 -185.000000 -265.000000 35.000000
481.212294 415.000000 -275.000000 15.000000
481.223657 -95.000000 -385.000000 -85.000000
481.246130 365.000000 65.000000 65.000000
481.517724 345.000000 -275.000000 -85.000000
481.647138 -345.000000 -175.000000 65.000000
481.695779 255.000000 -405.000000 85.000000
481.697259 -305.000000 25.000000 85.000000
481.700091 -325.000000 285.000000 45.000000
481.868483 5.000000 -435.000000 -75.000000
482.010876 -275.000000 255.000000 -65.000000
482.093606 -5.000000 245.000000 -95.000000
482.102028 -445.000000 -95.000000 35.000000
482.128655 385.000000 -245.000000 -65.000000
482.182342 195.000000 85.000000 95.000000
482.243647 -185.000000 -345.000000 85.000000
482.271221 295.000000 295.000000 15.000000
482.283325 -55.000000 15.000000 -65.000000
482.287039 -15.000000 -445.000000 -75.000000
482.325974 -335.000000 -385.000000 -25.000000
482.352991 -245.000000 -275.000000 35.000000
482.453623 295.000000 455.000000 -75.000000
482.482462 325.000000 215.000000 65.000000
482.484430 65.000000 -45.000000 -35.000000
482.505948 -405.000000 15.000000 65.000000
482.587831 135.000000 -385.000000 -65.000000
482.588042 -375.000000 185.000000 -5.000000
482.638624 35.000000 -445.000000 -95.000000
482.707963 -265.000000 235.000000 25.000000
482.727077 -5.000000 15.000000 -25.000000
482.750675 355.000000 445.000000 -5.000000
482.897540 385.000000 -425.000000 55.000000
482.927608 115.000000 155.000000 75.000000
482.968672 165.000000 -305.000000 35.000000
483.048009 355.000000 125.000000 -25.000000
483.057339 -345.000000 -415.000000 -85.000000
483.083033 165.000000 -5.000000 15.000000
483.171012 -285.000000 -125.000000 5.000000
483.240715 315.000000 -195.000000 75.000000
483.340846 -185.000000 45.000000 35.000000
483.434031 205.000000 145.000000 35.000000
483.442068 275.000000 165.000000 25.000000
483.468064 -425.000000 355.000000 -25.000000
483.499564 5.000000 335.000000 15.000000
483.618015 -145.000000 -35.000000 -85.000000
483.724372 165.000000 -295.000000 45.000000
483.767976 365.000000 -285.000000 105.000000
483.768240 175.000000 225.000000 -15.000000
483.782371 155.000000 -415.000000 -85.000000
483.816185 -85.000000 -205.000000 105.000000
483.849393 15.000000 -15.000000 25.000000
483.894130 335.000000 -65.000000 -25.000000
483.970124 385.000000 265.000000 -75.000000
483.975388 85.000000 -315.000000 -15.000000
484.022180 -325.000000 175.000000 85.000000
484.032741 75.000000 75.000000 95.000000
484.055433 -175.000000 315.000000 45.000000
484.066248 -185.000000 -55.000000 65.000000
484.174050 -115.000000 -265.000000 -65.000000
484.194569 415.000000 235.000000 -55.000000
484.197295 275.000000 -175.000000 -35.000000
484.204906 -5.000000 95.000000 -65.000000
484.301127 -445.000000 75.000000 -75.000000
484.308292 -75.000000 -255.000000 -35.000000
484.436346 245.000000 -435.000000 55.000000
484.481188 245.000000 -235.000000 -95.000000
484.658607 -105.000000 -235.000000 65.000000
484.792900 315.000000 -115.000000 -15.000000
484.797038 -225.000000 -395.000000 -55.000000
484.829939 355.000000 155.000000 45.000000
484.940124 355.000000 -435.000000 45.000000
485.048646 -75.000000 95.000000 75.000000
485.068258 415.000000 145.000000 45.000000
485.190951 -155.000000 265.000000 -35.000000
485.230777 335.000000 -445.000000 25.000000
485.234279 435.000000 15.000000 95.000000
485.343357 -335.000000 5.000000 65.000000
485.387812 -305.000000 35.000000 55.000000
485.390483 195.000000 -265.000000 95.000000
485.443985 345.000000 -365.000000 -65.000000
485.475902 -55.000000 85.000000 75.000000
485.571498 455.000000 115.000000 -45.000000
485.592109 -5.000000 -35.000000 75.000000
485.602793 85.000000 -245.000000 95.000000
485.631334 155.000000 395.000000 65.000000
485.648638 375.000000 305.000000 -65.000000
485.677258 -35.000000 -435.000000 65.000000
485.869389 215.000000 255.000000 -75.000000
485.975368 275.000000 435.000000 -45.000000
486.050472 435.000000 95.000000 95.000000
486.063265 375.000000 -235.000000 5.000000
486.107942 -305.000000 -5.000000 -25.000000
486.151918 -315.000000 35.000000 -35.000000
486.196713 345.000000 -165.000000 35.000000
486.213991 -325.000000 -405.000000 -35.000000
486.238906 -375.000000 -425.000000 -75.000000
486.365978 -425.000000 -155.000000 25.000000
486.385370 145.000000 -115.000000 45.000000
486.408732 -175.000000 -75.000000 15.000000
486.439157 -405.000000 -425.000000 -35.000000
486.449190 -25.000000 35.000000 5.000000
486.462717 -145.000000 385.000000 95.000000
486.564748 355.000000 205.000000 75.000000
486.565515 105.000000 -235.000000 -55.000000
486.582627 35.000000 275.000000 -35.000000
486.652704 -155.000000 335.000000 55.000000
486.765436 445.000000 345.000000 -25.000000
486.793659 -25.000000 -155.000000 75.000000
486.874795 -65.000000 -185.000000 85.000000
486.874872 165.000000 -155.000000 -5.000000
486.919994 235.000000 -175.000000 -65.000000
486.937346 -245.000000 -65.000000 75.000000
486.940719 -365.000000 365.000000 105.000000
486.960685 -285.000000 115.000000 95.000000
487.009335 -385.000000 135.000000 -55.000000
487.026681 185.000000 -245.000000 -75.000000
487.031404 125.000000 -205.000000 85.000000
487.076218 425.000000 105.000000 -35.000000
487.080302 -95.000000 -125.000000 75.000000
487.086327 115.000000 25.000000 105.000000
487.100227 415.000000 -5.000000 25.000000
487.105461 25.000000 -375.000000 95.000000
487.135470 -55.000000 -395.000000 -35.000000
487.206164 385.000000 -235.000000 -65.000000
487.253809 -345.000000 295.000000 -25.000000
487.271151 -305.000000 -105.000000 25.000000
487.339837 -345.000000 -325.000000 75.000000
487.350129 -185.000000 175.000000 -65.000000
487.362476 -405.000000 -115.000000 85.000000
487.481000 -175.000000 135.000000 -25.000000
487.536829 145.000000 155.000000 55.000000
487.627998 345.000000 455.000000 75.000000
487.651064 305.000000 45.000000 85.000000
487.667947 15.000000 165.000000 15.000000
487.745619 85.000000 -95.000000 -75.000000
487.781947 -425.000000 125.000000 -45.000000
487.893250 -35.000000 -5.000000 95.000000
487.914167 -235.000000 -255.000000 105.000000
488.035670 -415.000000 -375.000000 75.000000
488.165996 265.000000 175.000000 75.000000
488.188949 -85.000000 -185.000000 -45.000000
488.199849 195.000000 -335.000000 -65.000000
488.231941 55.000000 -135.000000 45.000000
488.235951 345.000000 425.000000 25.000000
488.272078 -125.000000 315.000000 5.000000
488.295986 -25.000000 -155.000000 15.000000
488.419010 215.000000 395.000000 -15.000000
488.449224 -115.000000 25.000000 -55.000000
488.456142 155.000000 365.000000 -75.000000
488.564816 405.000000 145.000000 -45.000000
488.641664 225.000000 415.000000 65.000000
488.712275 255.000000 -15.000000 105.000000
488.738135 435.000000 445.000000 -5.000000
488.783416 415.000000 -125.000000 -75.000000
488.801384 -15.000000 -345.000000 45.000000
488.882466 -335.000000 -295.000000 35.000000
489.048760 235.000000 285.000000 -65.000000
489.115868 15.000000 -405.000000 25.000000
489.151757 125.000000 455.000000 -75.000000
489.202166 -355.000000 -175.000000 -75.000000
489.299340 225.000000 305.000000 -35.000000
489.313410 125.000000 -65.000000 -55.000000
489.375223 35.000000 285.000000 5.000000
489.393583 45.000000 5.000000 95.000000
489.460752 355.000000 195.000000 75.000000
489.508956 245.000000 395.000000 -55.000000
489.533008 315.000000 335.000000 15.000000
489.549535 -405.000000 -445.000000 95.000000
489.550405 195.000000 375.000000 5.000000
489.639603 -375.000000 -205.000000 15.000000
489.659490 45.000000 -285.000000 35.000000
489.882636 425.000000 25.000000 -75.000000
489.977295 -155.000000 385.000000 85.000000
489.980241 -315.000000 -295.000000 -45.000000
489.989163 355.000000 -115.000000 -5.000000
490.080308 -375.000000 -365.000000 -55.000000
490.127864 345.000000 -95.000000 35.000000
490.133685 175.000000 -315.000000 55.000000
490.159685 -275.000000 425.000000 -35.000000
490.173888 45.000000 -395.000000 -35.000000
490.225250 345.000000 -5.000000 35.000000
490.259102 65.000000 205.000000 -75.000000
490.376056 -55.000000 -265.000000 -75.000000
490.380129 -375.000000 355.000000 45.000000
490.429348 -75.000000 325.000000 -25.000000
490.463832 105.000000 -95.000000 35.000000
490.510563 335.000000 -225.000000 45.000000
490.626607 -215.000000 215.000000 -5.000000
490.633563 -175.000000 315.000000 55.000000
490.643776 -85.000000 -85.000000 15.000000
490.645740 -145.000000 295.000000 15.000000
490.692435 445.000000 445.000000 -65.000000
490.793684 -275.000000 -185.000000 -85.000000
490.826830 -185.000000 105.000000 -5.000000
490.884066 -125.000000 -195.000000 -55.000000
490.961964 205.000000 395.000000 15.000000
490.964169 -35.000000 -5.000000 5.000000
490.986783 35.000000 -85.000000 -25.000000
491.106151 275.000000 405.000000 35.000000
491.181536 -225.000000 165.000000 -25.000000
491.262569 145.000000 35.000000 -45.000000
491.263832 -325.000000 315.000000 -25.000000
491.304219 -415.000000 -315.000000 -45.000000
491.312770 -365.000000 435.000000 35.000000
491.314369 -55.000000 -165.000000 -65.000000
491.325477 195.000000 325.000000 35.000000
491.426624 345.000000 235.000000 65.000000
491.475845 -45.000000 15.000000 -55.000000
491.479526 -215.000000 -175.000000 45.000000
491.514783 -115.000000 -365.000000 -65.000000
491.555159 245.000000 185.000000 15.000000
491.619686 -175.000000 215.000000 -85.000000
491.656617 165.000000 245.000000 5.000000
491.659899 415.000000 -175.000000 -25.000000
491.703583 115.000000 -5.000000 -55.000000
491.740660 -155.000000 -205.000000 65.000000
491.765973 -335.000000 95.000000 -25.000000
491.782840 -195.000000 -195.000000 75.000000
491.835429 -235.000000 -445.000000 45.000000
491.860227 365.000000 -385.000000 25.000000
491.997977 -345.000000 -135.000000 15.000000
492.006083 135.000000 -65.000000 -45.000000
492.029884 -425.000000 375.000000 75.000000
492.083605 -55.000000 -415.000000 95.000000
492.101142 -65.000000 405.000000 65.000000
492.179618 -5.000000 -375.000000 -15.000000
492.200761 -275.000000 -435.000000 -95.000000
492.285327 -345.000000 55.000000 -55.000000
492.302814 -65.000000 325.000000 65.000000
492.306773 285.000000 -285.000000 65.000000
492.327618 -75.000000 -315.000000 -15.000000
492.366733 -55.000000 145.000000 25.000000
492.391927 295.000000 305.000000 -5.000000
492.402523 -225.000000 125.000000 35.000000
492.574932 -15.000000 385.000000 -95.000000
492.749496 -305.000000 415.000000 85.000000
492.784462 395.000000 265.000000 -45.000000
492.811486 -175.000000 255.000000 105.000000
492.909315 -225.000000 135.000000 105.000000
493.232418 155.000000 -385.000000 95.000000
493.337255 365.000000 -415.000000 -55.000000
493.430036 -385.000000 355.000000 35.000000
493.474274 -275.000000 -65.000000 -25.000000
493.479848 95.000000 -145.000000 -5.000000
493.560976 395.000000 335.000000 75.000000
493.579059 245.000000 415.000000 -15.000000
493.580306 135.000000 -365.000000 5.000000
493.748099 445.000000 175.000000 15.000000
493.789147 5.000000 155.000000 -5.000000
493.847786 -375.000000 -315.000000 -65.000000
493.888106 355.000000 -265.000000 15.000000
493.891489 55.000000 355.000000 35.000000
494.019160 365.000000 225.000000 -5.000000
494.099098 -435.000000 -25.000000 85.000000
494.100861 225.000000 95.000000 75.000000
494.170044 -205.000000 -55.000000 65.000000
494.278264 365.000000 215.000000 85.000000
494.282776 -355.000000 165.000000 -65.000000
494.369352 -155.000000 -235.000000 85.000000
494.464682 405.000000 195.000000 -15.000000
494.553363 55.000000 -145.000000 -5.000000
494.643327 275.000000 -15.000000 -85.000000
494.765925 115.000000 -205.000000 45.000000
494.819468 45.000000 -335.000000 -45.000000
494.852121 355.000000 -55.000000 85.000000
494.871010 15.000000 235.000000 -85.000000
494.899070 135.000000 145.000000 55.000000
494.901039 -405.000000 -345.000000 -35.000000
494.926933 65.000000 285.000000 -65.000000
494.936540 -275.000000 365.000000 -75.000000
494.969661 105.000000 75.000000 35.000000
494.984172 -285.000000 45.000000 -25.000000
495.097316 375.000000 75.000000 65.000000
495.152487 445.000000 105.000000 15.000000
495.209100 285.000000 -275.000000 75.000000
495.236403 -335.000000 165.000000 85.000000
495.248348 155.000000 -435.000000 -15.000000
495.252352 -325.000000 305.000000 45.000000
495.292050 -255.000000 -315.000000 85.000000
495.304132 -125.000000 -165.000000 -55.000000
495.312607 -445.000000 -395.000000 -75.000000
495.386078 75.000000 -135.000000 -85.000000
495.500410 345.000000 -75.000000 -25.000000
495.514114 -455.000000 125.000000 -65.000000
495.541588 -265.000000 345.000000 5.000000
495.552493 -65.000000 175.000000 -85.000000
495.561673 -45.000000 105.000000 65.000000
495.595080 -105.000000 355.000000 55.000000
495.614252 -285.000000 -175.000000 -45.000000
495.701485 -445.000000 135.000000 55.000000
495.727239 55.000000 105.000000 5.000000
495.742497 -315.000000 -65.000000 25.000000
495.883680 -295.000000 -395.000000 95.000000
495.951513 -35.000000 -195.000000 5.000000
496.081601 25.000000 265.000000 65.000000
496.223296 55.000000 -245.000000 25.000000
496.258958 385.000000 285.000000 5.000000
496.312755 -245.000000 285.000000 -35.000000
496.333107 265.000000 -445.000000 -65.000000
496.389026 -425.000000 -65.000000 95.000000
496.403151 25.000000 295.000000 15.000000
496.468492 145.000000 -205.000000 -55.000000
496.536513 -55.000000 195.000000 45.000000
496.541284 -325.000000 -115.000000 105.000000
496.627503 -315.000000 -145.000000 -25.000000
496.628164 325.000000 275.000000 -75.000000
496.675556 -415.000000 235.000000 -85.000000
496.690883 -395.000000 115.000000 -25.000000
496.692437 -255.000000 415.000000 -45.000000
496.710100 -355.000000 135.000000 25.000000
496.809543 355.000000 -35.000000 75.000000
496.835601 -295.000000 -365.000000 25.000000
496.861333 125.000000 145.000000 75.000000
496.866746 -335.000000 255.000000 5.000000
496.914781 -355.000000 -85.000000 45.000000
496.942065 -365.000000 -165.000000 -85.000000
496.954464 105.000000 -45.000000 -35.000000
497.058757 -445.000000 -15.000000 5.000000
497.087228 -25.000000 -405.000000 -15.000000
497.101823 355.000000 265.000000 15.000000
497.180937 -325.000000 -15.000000 -85.000000
497.189231 -125.000000 -375.000000 -95.000000
497.253048 -315.000000 -385.000000 85.000000
497.379267 85.000000 95.000000 -75.000000
497.412949 385.000000 195.000000 -25.000000
497.687569 255.000000 -205.000000 -5.000000
497.808606 185.000000 -15.000000 25.000000
497.819929 185.000000 325.000000 -5.000000
498.148758 -345.000000 -265.000000 45.000000
498.198541 -365.000000 115.000000 -75.000000
498.228916 -185.000000 235.000000 5.000000
498.265474 -155.000000 -155.000000 25.000000
498.304977 -105.000000 -385.000000 45.000000
498.331774 -255.000000 -165.000000 -5.000000
498.363418 -45.000000 -185.000000 95.000000
498.460723 -55.000000 425.000000 45.000000
498.500891 -145.000000 -445.000000 -45.000000
498.513306 -135.000000 255.000000 85.000000
498.514937 315.000000 165.000000 35.000000
498.520047 145.000000 -15.000000 95.000000
498.568330 25.000000 125.000000 105.000000
498.631173 -425.000000 -435.000000 -35.000000
498.694407 175.000000 85.000000 -95.000000
498.753818 -85.000000 -175.000000 85.000000
498.796530 45.000000 25.000000 -15.000000
498.866203 -325.000000 115.000000 105.000000
498.930914 -305.000000 355.000000 55.000000
498.951236 365.000000 45.000000 65.000000
498.955385 -345.000000 325.000000 -55.000000
498.961838 -415.000000 -85.000000 -5.000000
498.968528 165.000000 205.000000 5.000000
498.989043 -95.000000 -325.000000 -65.000000
499.037610 -355.000000 135.000000 -5.000000
499.111903 45.000000 5.000000 55.000000
499.213292 -365.000000 285.000000 45.000000
499.295572 -425.000000 -295.000000 65.000000
499.385189 -105.000000 -305.000000 55.000000
499.597827 365.000000 105.000000 -45.000000
499.654107 115.000000 -5.000000 -15.000000
499.786570 215.000000 265.000000 55.000000
499.837510 225.000000 335.000000 65.000000
499.872938 -225.000000 155.000000 85.000000
499.887391 -135.000000 -25.000000 -25.000000
